{
  "type": "FeatureCollection",
  "name": "Batas Kecamatan Kota Langsa",
  "crs": {
    "type": "name",
    "properties": {
      "name": "urn:ogc:def:crs:OGC:1.3:CRS84"
    }
  },
  "features": [
    {
      "type": "Feature",
      "properties": {
        "district": "Langsa Timur",
        "name": "Kecamatan Langsa Timur",
        "type": "Batas Kecamatan"
      },
      "geometry": {
        "type": "MultiPolygon",
        "coordinates": [
          [
            [
              [
                97.97854970000009,
                4.423119300000053
              ],
              [
                97.97858030000003,
                4.423020600000029
              ],
              [
                97.97920660000005,
                4.421344
              ],
              [
                97.981664,
                4.421260800000027
              ],
              [
                97.98180860000008,
                4.41436310000006
              ],
              [
                97.98245540000005,
                4.414053400000057
              ],
              [
                97.98392780000006,
                4.413348500000041
              ],
              [
                97.985424,
                4.412680400000056
              ],
              [
                97.98631550000005,
                4.413098400000024
              ],
              [
                97.98801610000004,
                4.412516700000026
              ],
              [
                97.98972980000008,
                4.411700900000028
              ],
              [
                97.991641,
                4.41209740000005
              ],
              [
                97.99188360000005,
                4.411682300000052
              ],
              [
                97.99244760000005,
                4.410717400000067
              ],
              [
                97.99354610000006,
                4.409408600000063
              ],
              [
                97.99450470000005,
                4.408978
              ],
              [
                97.99538020000006,
                4.409176900000034
              ],
              [
                97.99699690000006,
                4.409122100000047
              ],
              [
                97.99784750000003,
                4.408789600000034
              ],
              [
                97.99994750000008,
                4.409535700000049
              ],
              [
                98.00034950000008,
                4.409036800000024
              ],
              [
                97.99998040000008,
                4.408533200000022
              ],
              [
                98.00000720000008,
                4.408106400000065
              ],
              [
                98.00027460000007,
                4.40818390000004
              ],
              [
                98.00039230000004,
                4.408044200000063
              ],
              [
                98.00051690000004,
                4.407652
              ],
              [
                98.00246770000007,
                4.41072980000007
              ],
              [
                98.00372170000009,
                4.411822400000062
              ],
              [
                98.00542070000006,
                4.412361500000031
              ],
              [
                98.00548790000005,
                4.412392600000032
              ],
              [
                98.00702130000008,
                4.413101400000073
              ],
              [
                98.00941230000006,
                4.412734900000032
              ],
              [
                98.01024250000006,
                4.413500100000022
              ],
              [
                98.01107330000008,
                4.413577800000041
              ],
              [
                98.01185980000008,
                4.414472600000067
              ],
              [
                98.01257740000005,
                4.414984400000037
              ],
              [
                98.01372190000006,
                4.414712300000076
              ],
              [
                98.01423320000004,
                4.414273100000059
              ],
              [
                98.01503120000007,
                4.414401100000021
              ],
              [
                98.01519930000006,
                4.414617100000044
              ],
              [
                98.01615360000005,
                4.415843600000073
              ],
              [
                98.01945560000007,
                4.417563900000061
              ],
              [
                98.01962350000008,
                4.417586300000039
              ],
              [
                98.02376920000006,
                4.418138700000043
              ],
              [
                98.02416250000005,
                4.415778800000055
              ],
              [
                98.02425220000003,
                4.415789700000062
              ],
              [
                98.02505570000005,
                4.415878500000076
              ],
              [
                98.02546610000007,
                4.415952700000048
              ],
              [
                98.02561310000004,
                4.41486610000004
              ],
              [
                98.02570030000004,
                4.413848200000075
              ],
              [
                98.02590390000006,
                4.412743200000023
              ],
              [
                98.02594330000005,
                4.412323100000037
              ],
              [
                98.02599120000008,
                4.411812600000076
              ],
              [
                98.02599120000008,
                4.410911100000021
              ],
              [
                98.02596210000007,
                4.410184100000038
              ],
              [
                98.02581670000006,
                4.409137100000066
              ],
              [
                98.02567510000006,
                4.40825940000002
              ],
              [
                98.02630520000008,
                4.408796
              ],
              [
                98.02679230000007,
                4.409430400000076
              ],
              [
                98.02684220000003,
                4.409484400000053
              ],
              [
                98.02700040000008,
                4.409655900000075
              ],
              [
                98.02716490000006,
                4.409834200000034
              ],
              [
                98.02736470000008,
                4.410727500000064
              ],
              [
                98.02782210000004,
                4.412082
              ],
              [
                98.02822290000006,
                4.412889200000052
              ],
              [
                98.02893980000005,
                4.413351100000057
              ],
              [
                98.02942750000005,
                4.413553300000046
              ],
              [
                98.02991530000008,
                4.413640400000077
              ],
              [
                98.03083370000007,
                4.413670400000058
              ],
              [
                98.03143060000008,
                4.413614100000075
              ],
              [
                98.03129240000004,
                4.414074300000038
              ],
              [
                98.029876,
                4.416757400000051
              ],
              [
                98.02913450000005,
                4.41816220000004
              ],
              [
                98.02861650000006,
                4.41916980000002
              ],
              [
                98.02901810000009,
                4.419372
              ],
              [
                98.029793,
                4.41940180000006
              ],
              [
                98.030625,
                4.419633300000044
              ],
              [
                98.03203070000006,
                4.420182500000067
              ],
              [
                98.03349370000007,
                4.420760600000051
              ],
              [
                98.03501390000008,
                4.421540400000026
              ],
              [
                98.03636160000008,
                4.422464
              ],
              [
                98.03689290000005,
                4.422716100000059
              ],
              [
                98.03722140000008,
                4.422843400000033
              ],
              [
                98.03748460000008,
                4.423007400000074
              ],
              [
                98.03775190000005,
                4.423174
              ],
              [
                98.03820630000007,
                4.423656700000038
              ],
              [
                98.038686,
                4.424114
              ],
              [
                98.03912140000006,
                4.424503500000071
              ],
              [
                98.03936770000007,
                4.424723800000038
              ],
              [
                98.03977170000007,
                4.425130300000035
              ],
              [
                98.04030210000008,
                4.425460900000076
              ],
              [
                98.04045320000006,
                4.425917800000036
              ],
              [
                98.04060360000005,
                4.426907500000027
              ],
              [
                98.04075430000006,
                4.427668900000072
              ],
              [
                98.04082930000004,
                4.428354100000035
              ],
              [
                98.04068160000008,
                4.428681700000027
              ],
              [
                98.04067960000003,
                4.428686800000037
              ],
              [
                98.04067920000006,
                4.428687700000069
              ],
              [
                98.04062430000005,
                4.428828100000032
              ],
              [
                98.040486,
                4.429181500000027
              ],
              [
                98.03994020000005,
                4.429555300000061
              ],
              [
                98.03927030000006,
                4.430314400000043
              ],
              [
                98.03920370000009,
                4.430504
              ],
              [
                98.03919310000003,
                4.430533900000057
              ],
              [
                98.03906810000007,
                4.430889900000068
              ],
              [
                98.03906070000005,
                4.431114800000046
              ],
              [
                98.03905,
                4.431443600000023
              ],
              [
                98.03912220000007,
                4.432039800000041
              ],
              [
                98.03922490000008,
                4.432162700000049
              ],
              [
                98.03947720000008,
                4.432464300000049
              ],
              [
                98.03979210000006,
                4.433069700000033
              ],
              [
                98.04004950000007,
                4.433790200000033
              ],
              [
                98.04007740000009,
                4.434424
              ],
              [
                98.04000310000004,
                4.434721700000068
              ],
              [
                98.03995910000003,
                4.434896800000047
              ],
              [
                98.03990430000005,
                4.435115200000041
              ],
              [
                98.03958730000005,
                4.43609420000007
              ],
              [
                98.03912720000005,
                4.436813800000039
              ],
              [
                98.03846640000006,
                4.437302700000032
              ],
              [
                98.037892,
                4.437561200000061
              ],
              [
                98.03726030000007,
                4.437790900000039
              ],
              [
                98.03677220000009,
                4.437847800000043
              ],
              [
                98.03631280000008,
                4.438020100000074
              ],
              [
                98.03619730000008,
                4.438509700000054
              ],
              [
                98.03632940000006,
                4.438867
              ],
              [
                98.03633980000006,
                4.439316500000075
              ],
              [
                98.03613850000005,
                4.439604300000042
              ],
              [
                98.03619550000008,
                4.439921200000072
              ],
              [
                98.03651130000009,
                4.439864
              ],
              [
                98.036856,
                4.43969160000006
              ],
              [
                98.03705670000005,
                4.439864700000044
              ],
              [
                98.03710130000007,
                4.440008800000044
              ],
              [
                98.03714820000005,
                4.440160100000071
              ],
              [
                98.03691250000008,
                4.440354300000024
              ],
              [
                98.03699810000006,
                4.440728900000067
              ],
              [
                98.03734230000003,
                4.440931
              ],
              [
                98.03803130000006,
                4.440787900000032
              ],
              [
                98.03843270000004,
                4.441105300000061
              ],
              [
                98.03837490000006,
                4.441479700000059
              ],
              [
                98.03828820000007,
                4.441882900000053
              ],
              [
                98.03866080000006,
                4.442315500000063
              ],
              [
                98.03900450000003,
                4.442892100000051
              ],
              [
                98.03952070000008,
                4.44318080000005
              ],
              [
                98.04000830000007,
                4.443469600000071
              ],
              [
                98.04078310000006,
                4.443643400000042
              ],
              [
                98.04097790000009,
                4.443726100000049
              ],
              [
                98.04132810000004,
                4.443874600000072
              ],
              [
                98.04149980000005,
                4.444306900000072
              ],
              [
                98.04132710000005,
                4.444652400000052
              ],
              [
                98.04132680000004,
                4.444882900000039
              ],
              [
                98.04164220000007,
                4.445142500000031
              ],
              [
                98.04204390000007,
                4.445200700000044
              ],
              [
                98.04212950000004,
                4.445632900000021
              ],
              [
                98.041935,
                4.445896900000037
              ],
              [
                98.04212890000008,
                4.446093800000028
              ],
              [
                98.04261670000005,
                4.446238500000049
              ],
              [
                98.04298940000007,
                4.446555900000021
              ],
              [
                98.04324710000009,
                4.446988300000044
              ],
              [
                98.043252,
                4.447077100000058
              ],
              [
                98.04327330000007,
                4.447465400000056
              ],
              [
                98.04345320000004,
                4.447824300000036
              ],
              [
                98.04362670000006,
                4.447981500000026
              ],
              [
                98.04380190000006,
                4.448140200000068
              ],
              [
                98.04383150000007,
                4.448251200000072
              ],
              [
                98.04383320000005,
                4.448257600000034
              ],
              [
                98.04394440000004,
                4.448674500000038
              ],
              [
                98.04394260000004,
                4.448968500000035
              ],
              [
                98.04394170000006,
                4.44911890000003
              ],
              [
                98.04394,
                4.449402
              ],
              [
                98.04390440000009,
                4.449927600000024
              ],
              [
                98.04379910000006,
                4.450348
              ],
              [
                98.04383350000006,
                4.450698500000044
              ],
              [
                98.04414740000004,
                4.450979300000029
              ],
              [
                98.04467090000009,
                4.451190200000042
              ],
              [
                98.04494990000006,
                4.451470900000061
              ],
              [
                98.04540320000007,
                4.451927100000034
              ],
              [
                98.04519310000006,
                4.452382400000033
              ],
              [
                98.04515710000004,
                4.453223500000036
              ],
              [
                98.04526080000005,
                4.454029600000069
              ],
              [
                98.04551980000008,
                4.454538200000059
              ],
              [
                98.04574810000008,
                4.455256800000029
              ],
              [
                98.045992,
                4.455642700000055
              ],
              [
                98.04546720000008,
                4.456483100000071
              ],
              [
                98.04511740000004,
                4.45697320000005
              ],
              [
                98.04529120000007,
                4.457569200000023
              ],
              [
                98.04525530000006,
                4.458340200000066
              ],
              [
                98.045362,
                4.458496400000058
              ],
              [
                98.04541410000007,
                4.458572600000025
              ],
              [
                98.04563870000004,
                4.458901400000059
              ],
              [
                98.04626650000006,
                4.459427900000037
              ],
              [
                98.04644030000009,
                4.460058900000035
              ],
              [
                98.04650920000006,
                4.460795
              ],
              [
                98.04642520000004,
                4.461419400000068
              ],
              [
                98.04643790000006,
                4.461916300000041
              ],
              [
                98.04644460000009,
                4.46192910000002
              ],
              [
                98.04678620000004,
                4.462582600000076
              ],
              [
                98.04664580000008,
                4.463108100000056
              ],
              [
                98.04605210000005,
                4.463177400000063
              ],
              [
                98.04590480000007,
                4.46369240000007
              ],
              [
                98.046557,
                4.464289
              ],
              [
                98.04667460000007,
                4.465182800000036
              ],
              [
                98.04732680000006,
                4.465779400000031
              ],
              [
                98.048038,
                4.466614400000026
              ],
              [
                98.04857330000004,
                4.467467500000055
              ],
              [
                98.04857330000004,
                4.468195900000069
              ],
              [
                98.04821290000007,
                4.469116900000074
              ],
              [
                98.04684640000005,
                4.470068300000037
              ],
              [
                98.04565880000007,
                4.470364700000061
              ],
              [
                98.04490910000004,
                4.470101900000031
              ],
              [
                98.04429410000006,
                4.469886300000042
              ],
              [
                98.04316710000006,
                4.469229400000074
              ],
              [
                98.042278,
                4.468215500000042
              ],
              [
                98.04126980000007,
                4.46749920000002
              ],
              [
                98.03954870000007,
                4.467199100000073
              ],
              [
                98.03942470000004,
                4.46733050000006
              ],
              [
                98.03853820000006,
                4.468270200000063
              ],
              [
                98.03716980000007,
                4.470651400000065
              ],
              [
                98.03651520000005,
                4.471901700000046
              ],
              [
                98.03629640000008,
                4.475356300000044
              ],
              [
                98.03567920000006,
                4.476714300000026
              ],
              [
                98.03569820000007,
                4.476757200000065
              ],
              [
                98.035808,
                4.47700610000004
              ],
              [
                98.03640690000003,
                4.478363300000069
              ],
              [
                98.03678880000007,
                4.479389400000059
              ],
              [
                98.036858,
                4.479575500000067
              ],
              [
                98.03722920000007,
                4.479482800000028
              ],
              [
                98.03746180000007,
                4.479424800000061
              ],
              [
                98.03821590000007,
                4.479728700000067
              ],
              [
                98.03843920000008,
                4.479857200000026
              ],
              [
                98.03927130000005,
                4.480335800000034
              ],
              [
                98.039796,
                4.48041180000007
              ],
              [
                98.04032740000008,
                4.480488700000024
              ],
              [
                98.04123270000008,
                4.480489800000043
              ],
              [
                98.04228860000006,
                4.480794100000026
              ],
              [
                98.04379750000004,
                4.48079610000002
              ],
              [
                98.04515440000006,
                4.48170650000003
              ],
              [
                98.04666250000008,
                4.482314200000076
              ],
              [
                98.04786950000005,
                4.482467200000031
              ],
              [
                98.04892610000007,
                4.482165700000053
              ],
              [
                98.04968080000003,
                4.482015300000057
              ],
              [
                98.050737,
                4.482016700000031
              ],
              [
                98.05164280000008,
                4.481714900000043
              ],
              [
                98.05224670000007,
                4.481412900000066
              ],
              [
                98.053303,
                4.481414200000074
              ],
              [
                98.05420830000008,
                4.48141540000006
              ],
              [
                98.05496320000003,
                4.481113500000049
              ],
              [
                98.05586910000005,
                4.480660300000068
              ],
              [
                98.05677390000005,
                4.481115800000055
              ],
              [
                98.05767990000004,
                4.480662700000039
              ],
              [
                98.05813390000009,
                4.479603200000042
              ],
              [
                98.058739,
                4.478392400000075
              ],
              [
                98.05964480000006,
                4.478090700000052
              ],
              [
                98.06085210000003,
                4.477940800000056
              ],
              [
                98.061606,
                4.478396100000055
              ],
              [
                98.06296040000007,
                4.481275200000027
              ],
              [
                98.06371210000003,
                4.483396400000061
              ],
              [
                98.06295530000006,
                4.485212700000034
              ],
              [
                98.06250070000004,
                4.486726500000032
              ],
              [
                98.06310280000008,
                4.487938800000052
              ],
              [
                98.06445950000005,
                4.489000600000054
              ],
              [
                98.06566510000005,
                4.490213700000027
              ],
              [
                98.06626640000007,
                4.492031700000041
              ],
              [
                98.06686760000008,
                4.493849800000021
              ],
              [
                98.06641220000006,
                4.495969400000035
              ],
              [
                98.06505150000004,
                4.498087800000064
              ],
              [
                98.06308540000003,
                4.501568400000053
              ],
              [
                98.06142060000008,
                4.505352200000061
              ],
              [
                98.06156880000003,
                4.507472600000028
              ],
              [
                98.06216930000005,
                4.509896400000059
              ],
              [
                98.06352580000004,
                4.51110970000002
              ],
              [
                98.06714610000006,
                4.512174400000049
              ],
              [
                98.07272880000005,
                4.512635900000021
              ],
              [
                98.078089,
                4.512504800000045
              ],
              [
                98.07861410000004,
                4.512492
              ],
              [
                98.07867990000005,
                4.512495500000057
              ],
              [
                98.07932,
                4.512530100000049
              ],
              [
                98.07931970000004,
                4.512532900000053
              ],
              [
                98.079309,
                4.512622700000065
              ],
              [
                98.07929830000006,
                4.512712500000021
              ],
              [
                98.07928760000004,
                4.512802400000055
              ],
              [
                98.07927690000008,
                4.512892200000067
              ],
              [
                98.07926620000006,
                4.512982
              ],
              [
                98.07925550000004,
                4.513071800000034
              ],
              [
                98.07924480000008,
                4.513161600000046
              ],
              [
                98.07923410000006,
                4.513251400000058
              ],
              [
                98.07922340000005,
                4.513341300000036
              ],
              [
                98.07921260000006,
                4.513431100000048
              ],
              [
                98.07920190000004,
                4.51352090000006
              ],
              [
                98.07919120000008,
                4.513610700000072
              ],
              [
                98.07918050000006,
                4.513700500000027
              ],
              [
                98.07916980000005,
                4.513790300000039
              ],
              [
                98.07915910000008,
                4.513880100000051
              ],
              [
                98.07915,
                4.513970100000051
              ],
              [
                98.07914130000006,
                4.514060200000074
              ],
              [
                98.07913260000004,
                4.514150200000074
              ],
              [
                98.07912380000005,
                4.514240200000074
              ],
              [
                98.07911510000008,
                4.51433030000004
              ],
              [
                98.07910640000006,
                4.51442030000004
              ],
              [
                98.07909770000003,
                4.51451030000004
              ],
              [
                98.07908920000006,
                4.514597600000059
              ],
              [
                98.079089,
                4.514600400000063
              ],
              [
                98.07908020000008,
                4.514690400000063
              ],
              [
                98.07907150000005,
                4.514780400000063
              ],
              [
                98.07906280000003,
                4.514870400000063
              ],
              [
                98.07905410000006,
                4.514960500000029
              ],
              [
                98.07904530000008,
                4.515050500000029
              ],
              [
                98.07903660000005,
                4.51514050000003
              ],
              [
                98.07902790000009,
                4.515230600000052
              ],
              [
                98.07901920000006,
                4.515320600000052
              ],
              [
                98.07901040000007,
                4.515410600000052
              ],
              [
                98.07900170000005,
                4.515500700000075
              ],
              [
                98.078993,
                4.515590700000075
              ],
              [
                98.07898430000006,
                4.515680700000075
              ],
              [
                98.07897560000004,
                4.515770800000041
              ],
              [
                98.07896680000005,
                4.515860800000041
              ],
              [
                98.07895810000008,
                4.515950800000041
              ],
              [
                98.07894940000006,
                4.516040900000064
              ],
              [
                98.07894070000003,
                4.516130900000064
              ],
              [
                98.07896750000003,
                4.516216900000074
              ],
              [
                98.07899590000005,
                4.516302800000062
              ],
              [
                98.07903290000007,
                4.516385200000059
              ],
              [
                98.07905780000004,
                4.516471100000047
              ],
              [
                98.07906880000007,
                4.516560900000059
              ],
              [
                98.07907990000007,
                4.516650600000048
              ],
              [
                98.07908590000005,
                4.516740700000071
              ],
              [
                98.07908580000009,
                4.51683120000007
              ],
              [
                98.07908570000006,
                4.516921600000046
              ],
              [
                98.07907830000005,
                4.517011700000069
              ],
              [
                98.07906790000004,
                4.517101500000024
              ],
              [
                98.07905740000007,
                4.517191400000058
              ],
              [
                98.07904380000008,
                4.517280700000072
              ],
              [
                98.079026,
                4.517369400000064
              ],
              [
                98.07900820000003,
                4.517458
              ],
              [
                98.07898090000003,
                4.517544200000032
              ],
              [
                98.07895220000006,
                4.517629900000031
              ],
              [
                98.07892360000005,
                4.517715700000053
              ],
              [
                98.07889110000008,
                4.5178
              ],
              [
                98.07885710000005,
                4.51788380000005
              ],
              [
                98.078823,
                4.51796760000002
              ],
              [
                98.078789,
                4.518051300000025
              ],
              [
                98.07875990000008,
                4.518136700000071
              ],
              [
                98.07873790000008,
                4.518224400000065
              ],
              [
                98.07872970000005,
                4.518314300000043
              ],
              [
                98.07872360000005,
                4.518404600000054
              ],
              [
                98.07873990000007,
                4.518428500000027
              ],
              [
                98.07877430000008,
                4.518479
              ],
              [
                98.07880620000009,
                4.518560400000069
              ],
              [
                98.078811,
                4.51865040000007
              ],
              [
                98.07880020000005,
                4.518740200000025
              ],
              [
                98.07878930000004,
                4.51883
              ],
              [
                98.07877840000003,
                4.518919800000049
              ],
              [
                98.07876550000003,
                4.51900930000005
              ],
              [
                98.07875270000005,
                4.519098900000074
              ],
              [
                98.07873980000005,
                4.519188400000075
              ],
              [
                98.07872740000005,
                4.519278
              ],
              [
                98.07871530000006,
                4.519367600000066
              ],
              [
                98.07867040000008,
                4.519440900000063
              ],
              [
                98.07860660000006,
                4.51950480000005
              ],
              [
                98.07852930000007,
                4.519537900000046
              ],
              [
                98.07843920000005,
                4.519542100000024
              ],
              [
                98.07834920000005,
                4.519546300000059
              ],
              [
                98.07825920000005,
                4.519542700000045
              ],
              [
                98.07816920000005,
                4.519538
              ],
              [
                98.07807920000005,
                4.519536900000048
              ],
              [
                98.07799620000009,
                4.519540900000038
              ],
              [
                98.07798910000008,
                4.519541300000071
              ],
              [
                98.07789910000008,
                4.519545700000037
              ],
              [
                98.07780920000005,
                4.519552200000021
              ],
              [
                98.07772810000006,
                4.51957550000003
              ],
              [
                98.07767230000007,
                4.519646600000044
              ],
              [
                98.07761690000007,
                4.519717900000046
              ],
              [
                98.07757410000005,
                4.519797500000038
              ],
              [
                98.07753880000007,
                4.519868
              ],
              [
                98.07753370000006,
                4.519878100000028
              ],
              [
                98.077504,
                4.519963500000074
              ],
              [
                98.07747430000006,
                4.520048900000063
              ],
              [
                98.07744660000009,
                4.52013340000002
              ],
              [
                98.07744610000003,
                4.520134800000051
              ],
              [
                98.07742750000006,
                4.520223300000055
              ],
              [
                98.07740880000006,
                4.520311800000059
              ],
              [
                98.077396,
                4.520401200000038
              ],
              [
                98.07739310000005,
                4.520426400000076
              ],
              [
                98.07738560000007,
                4.520491100000072
              ],
              [
                98.07737510000004,
                4.520580900000027
              ],
              [
                98.07736190000008,
                4.520670300000063
              ],
              [
                98.07734510000006,
                4.520759200000043
              ],
              [
                98.07733530000007,
                4.520848800000067
              ],
              [
                98.07733520000005,
                4.520939200000043
              ],
              [
                98.07733510000008,
                4.521029700000042
              ],
              [
                98.077335,
                4.521120100000076
              ],
              [
                98.07733490000004,
                4.521210600000074
              ],
              [
                98.07733470000005,
                4.521301
              ],
              [
                98.07733780000007,
                4.52139
              ],
              [
                98.07740920000003,
                4.521445
              ],
              [
                98.07748070000008,
                4.521500100000026
              ],
              [
                98.07762370000006,
                4.52161030000002
              ],
              [
                98.07769520000005,
                4.521665400000074
              ],
              [
                98.07776670000004,
                4.521720500000072
              ],
              [
                98.07783820000009,
                4.521775600000069
              ],
              [
                98.07790710000006,
                4.521833800000024
              ],
              [
                98.07797460000006,
                4.521893700000021
              ],
              [
                98.07804220000008,
                4.521953600000074
              ],
              [
                98.07817720000008,
                4.522073400000068
              ],
              [
                98.07824480000005,
                4.522133300000064
              ],
              [
                98.07831230000005,
                4.522193300000026
              ],
              [
                98.07837980000005,
                4.522253200000023
              ],
              [
                98.07844740000007,
                4.522313100000076
              ],
              [
                98.07851490000007,
                4.522373
              ],
              [
                98.07858250000004,
                4.522432900000069
              ],
              [
                98.07865,
                4.522492800000066
              ],
              [
                98.07871750000004,
                4.522552700000062
              ],
              [
                98.07877720000005,
                4.522620400000051
              ],
              [
                98.07883680000003,
                4.522688300000027
              ],
              [
                98.07889640000008,
                4.52275620000006
              ],
              [
                98.078956,
                4.522824
              ],
              [
                98.07901560000005,
                4.522891900000047
              ],
              [
                98.07907520000003,
                4.522959700000058
              ],
              [
                98.07913480000008,
                4.523027600000034
              ],
              [
                98.07919440000006,
                4.523095400000045
              ],
              [
                98.079254,
                4.523163300000022
              ],
              [
                98.07931360000003,
                4.523231200000055
              ],
              [
                98.07937320000008,
                4.523299
              ],
              [
                98.07943280000006,
                4.523366900000042
              ],
              [
                98.07949240000005,
                4.523434700000053
              ],
              [
                98.079552,
                4.523502600000029
              ],
              [
                98.07960370000006,
                4.523576400000024
              ],
              [
                98.07965110000004,
                4.523653300000035
              ],
              [
                98.07969850000006,
                4.523730200000045
              ],
              [
                98.07974590000003,
                4.523807200000022
              ],
              [
                98.07979330000006,
                4.523884100000032
              ],
              [
                98.07984070000003,
                4.523961100000065
              ],
              [
                98.07988810000006,
                4.524038
              ],
              [
                98.07992710000008,
                4.52411840000002
              ],
              [
                98.07994430000008,
                4.524207
              ],
              [
                98.07994890000003,
                4.524297300000057
              ],
              [
                98.07995340000008,
                4.524385100000075
              ],
              [
                98.07995350000004,
                4.524387700000034
              ],
              [
                98.07993440000007,
                4.524475100000075
              ],
              [
                98.07990820000003,
                4.524561600000027
              ],
              [
                98.079882,
                4.524648200000058
              ],
              [
                98.07985510000003,
                4.524734500000022
              ],
              [
                98.07982820000007,
                4.524820900000066
              ],
              [
                98.07980170000008,
                4.524907300000052
              ],
              [
                98.07979270000004,
                4.524997300000052
              ],
              [
                98.07978480000008,
                4.525087300000052
              ],
              [
                98.07978470000006,
                4.525177800000051
              ],
              [
                98.07979060000008,
                4.525267900000074
              ],
              [
                98.07979980000005,
                4.525357900000074
              ],
              [
                98.079809,
                4.525447900000074
              ],
              [
                98.07982290000007,
                4.525537200000031
              ],
              [
                98.07984720000007,
                4.525623400000029
              ],
              [
                98.07988970000008,
                4.525703200000066
              ],
              [
                98.07993220000009,
                4.525783
              ],
              [
                98.07997640000008,
                4.52586180000003
              ],
              [
                98.08002190000008,
                4.525939600000072
              ],
              [
                98.08004810000006,
                4.526026200000047
              ],
              [
                98.08006620000003,
                4.526114500000062
              ],
              [
                98.08007810000004,
                4.526204200000052
              ],
              [
                98.08009,
                4.526293800000076
              ],
              [
                98.08010310000009,
                4.52638330000002
              ],
              [
                98.08011910000005,
                4.526472300000023
              ],
              [
                98.08012360000004,
                4.526562600000034
              ],
              [
                98.08012670000005,
                4.526653
              ],
              [
                98.08012980000007,
                4.526743400000043
              ],
              [
                98.08013250000005,
                4.52683380000002
              ],
              [
                98.08013440000008,
                4.526924200000053
              ],
              [
                98.08013640000007,
                4.52701460000003
              ],
              [
                98.080137,
                4.527105100000028
              ],
              [
                98.08013690000007,
                4.527195600000027
              ],
              [
                98.08013730000005,
                4.527286
              ],
              [
                98.08014440000005,
                4.527376200000049
              ],
              [
                98.08013790000007,
                4.52746540000004
              ],
              [
                98.08011860000005,
                4.527553700000055
              ],
              [
                98.080111,
                4.527643
              ],
              [
                98.08011710000005,
                4.527733200000057
              ],
              [
                98.08014760000003,
                4.527816200000075
              ],
              [
                98.08020390000007,
                4.527883
              ],
              [
                98.08028210000003,
                4.527927900000066
              ],
              [
                98.08036360000006,
                4.52796630000006
              ],
              [
                98.08043390000006,
                4.528019100000051
              ],
              [
                98.08049130000006,
                4.528088900000057
              ],
              [
                98.08053720000004,
                4.528166700000043
              ],
              [
                98.08058260000007,
                4.528244800000039
              ],
              [
                98.08062150000006,
                4.528326400000026
              ],
              [
                98.080671,
                4.528399500000035
              ],
              [
                98.08074220000003,
                4.528454900000042
              ],
              [
                98.08081850000008,
                4.528502400000036
              ],
              [
                98.08089730000006,
                4.528546
              ],
              [
                98.08096780000005,
                4.528602400000068
              ],
              [
                98.08103830000005,
                4.528658700000051
              ],
              [
                98.08110610000006,
                4.528718100000049
              ],
              [
                98.08116980000005,
                4.528782200000023
              ],
              [
                98.08123350000005,
                4.528846200000032
              ],
              [
                98.08129930000007,
                4.528908
              ],
              [
                98.08136620000005,
                4.528968600000042
              ],
              [
                98.08143310000008,
                4.529029200000025
              ],
              [
                98.0815,
                4.529089800000065
              ],
              [
                98.08156690000004,
                4.529150400000049
              ],
              [
                98.081633,
                4.529211900000064
              ],
              [
                98.08169850000007,
                4.529274100000066
              ],
              [
                98.081764,
                4.529336200000046
              ],
              [
                98.08183110000004,
                4.529396600000041
              ],
              [
                98.08189920000007,
                4.529455800000051
              ],
              [
                98.08196730000009,
                4.529515100000026
              ],
              [
                98.08203480000009,
                4.529575
              ],
              [
                98.08210180000003,
                4.52963550000004
              ],
              [
                98.08216970000007,
                4.529694900000038
              ],
              [
                98.08224360000008,
                4.529746600000067
              ],
              [
                98.08232230000004,
                4.529788400000029
              ],
              [
                98.082409,
                4.529813100000069
              ],
              [
                98.08249570000004,
                4.529837800000053
              ],
              [
                98.08258240000004,
                4.529862600000058
              ],
              [
                98.08267210000008,
                4.52987040000005
              ],
              [
                98.08276190000004,
                4.529874
              ],
              [
                98.08284690000005,
                4.529847400000051
              ],
              [
                98.08292850000004,
                4.529809
              ],
              [
                98.08300520000006,
                4.529761500000063
              ],
              [
                98.08307760000008,
                4.52970810000005
              ],
              [
                98.08314670000004,
                4.52965
              ],
              [
                98.083207,
                4.529583700000046
              ],
              [
                98.08325910000008,
                4.52950990000005
              ],
              [
                98.08331130000005,
                4.529436100000055
              ],
              [
                98.08336110000005,
                4.529360900000029
              ],
              [
                98.08340730000003,
                4.529283200000066
              ],
              [
                98.08345350000008,
                4.529205500000046
              ],
              [
                98.08351290000007,
                4.529138500000045
              ],
              [
                98.08357830000006,
                4.52907620000002
              ],
              [
                98.08366030000008,
                4.529040500000065
              ],
              [
                98.08373980000005,
                4.529048300000056
              ],
              [
                98.08381360000004,
                4.529100100000051
              ],
              [
                98.08387280000005,
                4.529168300000038
              ],
              [
                98.08392540000006,
                4.529241500000069
              ],
              [
                98.08397530000008,
                4.529316900000026
              ],
              [
                98.08401580000003,
                4.529397600000038
              ],
              [
                98.08405540000007,
                4.529478900000072
              ],
              [
                98.08409490000008,
                4.529560200000049
              ],
              [
                98.084133,
                4.529642200000069
              ],
              [
                98.08416970000007,
                4.529724800000054
              ],
              [
                98.08420630000006,
                4.529807400000038
              ],
              [
                98.08424420000006,
                4.529889500000024
              ],
              [
                98.08428510000005,
                4.529970100000071
              ],
              [
                98.08432610000006,
                4.530050700000061
              ],
              [
                98.08436770000009,
                4.530130900000074
              ],
              [
                98.08441420000008,
                4.530208300000027
              ],
              [
                98.08446070000008,
                4.530285800000058
              ],
              [
                98.08450720000008,
                4.530363300000033
              ],
              [
                98.08454980000005,
                4.530443
              ],
              [
                98.08459,
                4.530523900000048
              ],
              [
                98.08463020000005,
                4.530604900000071
              ],
              [
                98.08466920000006,
                4.530686400000036
              ],
              [
                98.08470640000007,
                4.530768800000033
              ],
              [
                98.08474360000008,
                4.530851200000029
              ],
              [
                98.08478080000003,
                4.530933600000026
              ],
              [
                98.08480480000009,
                4.530986800000051
              ],
              [
                98.084818,
                4.531016
              ],
              [
                98.08486060000007,
                4.531095700000037
              ],
              [
                98.08490970000008,
                4.531171200000074
              ],
              [
                98.08496550000007,
                4.531242200000065
              ],
              [
                98.08502660000005,
                4.531308400000057
              ],
              [
                98.085092,
                4.531370700000025
              ],
              [
                98.08515730000005,
                4.531433
              ],
              [
                98.08522420000008,
                4.531493500000067
              ],
              [
                98.08529510000005,
                4.531549300000052
              ],
              [
                98.08536340000006,
                4.531608200000051
              ],
              [
                98.08542860000006,
                4.531670600000041
              ],
              [
                98.08548460000009,
                4.531741
              ],
              [
                98.08553250000006,
                4.531817300000057
              ],
              [
                98.08556920000007,
                4.531899900000042
              ],
              [
                98.08560590000008,
                4.531982500000026
              ],
              [
                98.08563870000006,
                4.53206670000003
              ],
              [
                98.08566890000009,
                4.532151900000031
              ],
              [
                98.08568020000007,
                4.532241
              ],
              [
                98.08568490000005,
                4.532331300000067
              ],
              [
                98.085701,
                4.532419300000072
              ],
              [
                98.08572880000008,
                4.532505
              ],
              [
                98.08574020000003,
                4.532594700000061
              ],
              [
                98.08574960000004,
                4.532684600000039
              ],
              [
                98.08575150000007,
                4.532775
              ],
              [
                98.08575350000007,
                4.532865500000071
              ],
              [
                98.08575180000008,
                4.532955800000025
              ],
              [
                98.08574590000006,
                4.533046100000035
              ],
              [
                98.08573210000009,
                4.533135200000061
              ],
              [
                98.08571120000005,
                4.533223200000066
              ],
              [
                98.08568970000005,
                4.533311
              ],
              [
                98.08566110000004,
                4.533396700000026
              ],
              [
                98.08562780000005,
                4.533480700000041
              ],
              [
                98.08558990000006,
                4.533562700000061
              ],
              [
                98.085552,
                4.533644800000047
              ],
              [
                98.08550840000004,
                4.533724
              ],
              [
                98.08545960000004,
                4.533799600000066
              ],
              [
                98.08540160000007,
                4.53386880000005
              ],
              [
                98.08534360000004,
                4.533938100000057
              ],
              [
                98.08528660000007,
                4.534008100000051
              ],
              [
                98.08523190000005,
                4.53408010000004
              ],
              [
                98.08517730000005,
                4.534152
              ],
              [
                98.08512260000003,
                4.534223900000029
              ],
              [
                98.08508660000007,
                4.534305600000039
              ],
              [
                98.08505580000008,
                4.534390300000041
              ],
              [
                98.08501450000006,
                4.534470800000065
              ],
              [
                98.08497330000006,
                4.534551200000067
              ],
              [
                98.08493510000005,
                4.534633100000065
              ],
              [
                98.0849,
                4.534716400000036
              ],
              [
                98.08486480000005,
                4.534799700000065
              ],
              [
                98.08483230000007,
                4.534884
              ],
              [
                98.084803,
                4.534969500000045
              ],
              [
                98.08477370000008,
                4.535055100000022
              ],
              [
                98.08474040000004,
                4.535139100000038
              ],
              [
                98.08470070000004,
                4.53522010000006
              ],
              [
                98.08465680000006,
                4.535299100000032
              ],
              [
                98.08460260000004,
                4.535370900000032
              ],
              [
                98.08454330000006,
                4.535439
              ],
              [
                98.084484,
                4.535507100000075
              ],
              [
                98.08442470000006,
                4.535575300000062
              ],
              [
                98.08436550000005,
                4.535643400000026
              ],
              [
                98.08430640000006,
                4.535711700000036
              ],
              [
                98.08424740000004,
                4.535780100000068
              ],
              [
                98.08418750000004,
                4.535847700000033
              ],
              [
                98.08412190000007,
                4.535909700000047
              ],
              [
                98.08406030000003,
                4.535975600000029
              ],
              [
                98.08400140000003,
                4.536044
              ],
              [
                98.08394250000003,
                4.536112500000058
              ],
              [
                98.08388690000004,
                4.536183600000072
              ],
              [
                98.08383320000007,
                4.536256300000048
              ],
              [
                98.08380280000006,
                4.536340700000039
              ],
              [
                98.08378380000005,
                4.536428800000067
              ],
              [
                98.083771,
                4.536518400000034
              ],
              [
                98.08376980000008,
                4.536608600000022
              ],
              [
                98.08377210000003,
                4.536699
              ],
              [
                98.08376280000004,
                4.536788100000024
              ],
              [
                98.08373980000005,
                4.536875500000065
              ],
              [
                98.08371670000008,
                4.536963
              ],
              [
                98.08367490000006,
                4.537043100000062
              ],
              [
                98.08363010000005,
                4.537121500000069
              ],
              [
                98.08358040000007,
                4.537196900000026
              ],
              [
                98.08353070000004,
                4.537272400000063
              ],
              [
                98.08348080000007,
                4.537347700000055
              ],
              [
                98.08342890000006,
                4.537421700000039
              ],
              [
                98.08337690000008,
                4.537495600000057
              ],
              [
                98.08332420000005,
                4.537568900000053
              ],
              [
                98.08326890000006,
                4.537640400000043
              ],
              [
                98.08320740000005,
                4.537705900000049
              ],
              [
                98.08314010000004,
                4.537766200000021
              ],
              [
                98.083083,
                4.53783610000005
              ],
              [
                98.08303530000006,
                4.537911500000064
              ],
              [
                98.08300470000006,
                4.537996600000042
              ],
              [
                98.08299220000004,
                4.538085200000069
              ],
              [
                98.08298660000008,
                4.538175400000057
              ],
              [
                98.082966,
                4.538263400000062
              ],
              [
                98.08294040000004,
                4.538349400000072
              ],
              [
                98.08289350000007,
                4.538426600000037
              ],
              [
                98.08284060000005,
                4.538499500000057
              ],
              [
                98.082782,
                4.538568300000065
              ],
              [
                98.08272340000008,
                4.538637
              ],
              [
                98.08266460000004,
                4.538705600000071
              ],
              [
                98.08260490000004,
                4.538773400000025
              ],
              [
                98.08254520000008,
                4.538841200000036
              ],
              [
                98.08248560000004,
                4.538908900000024
              ],
              [
                98.08242590000003,
                4.538976700000035
              ],
              [
                98.08236690000007,
                4.539045100000067
              ],
              [
                98.08231030000007,
                4.539115500000037
              ],
              [
                98.08225360000006,
                4.539185800000041
              ],
              [
                98.082196,
                4.539255400000059
              ],
              [
                98.08213660000007,
                4.539323400000058
              ],
              [
                98.08207710000005,
                4.539391400000056
              ],
              [
                98.08201610000003,
                4.539457900000059
              ],
              [
                98.08195430000006,
                4.53952380000004
              ],
              [
                98.08189250000004,
                4.539589600000056
              ],
              [
                98.08183270000006,
                4.539657300000044
              ],
              [
                98.08177330000007,
                4.539725300000043
              ],
              [
                98.081725,
                4.539801500000067
              ],
              [
                98.08167860000003,
                4.539879
              ],
              [
                98.08163210000004,
                4.539956500000073
              ],
              [
                98.08158690000005,
                4.540034800000058
              ],
              [
                98.08154190000005,
                4.540113200000064
              ],
              [
                98.08148610000006,
                4.540183300000024
              ],
              [
                98.08142230000004,
                4.540247100000045
              ],
              [
                98.08135850000008,
                4.540311
              ],
              [
                98.08129830000007,
                4.540378300000043
              ],
              [
                98.08123130000007,
                4.540437700000041
              ],
              [
                98.08115680000009,
                4.54048860000006
              ],
              [
                98.08108230000005,
                4.540539600000045
              ],
              [
                98.08100960000007,
                4.540592900000036
              ],
              [
                98.08093950000006,
                4.54064980000004
              ],
              [
                98.08086950000006,
                4.540706800000066
              ],
              [
                98.08080050000007,
                4.540765
              ],
              [
                98.08073030000008,
                4.54082150000005
              ],
              [
                98.08065370000008,
                4.540869200000031
              ],
              [
                98.08057710000008,
                4.540916800000048
              ],
              [
                98.08049940000006,
                4.540962700000023
              ],
              [
                98.08042230000007,
                4.541009100000053
              ],
              [
                98.08035320000005,
                4.541067100000021
              ],
              [
                98.080284,
                4.541125100000045
              ],
              [
                98.08021740000004,
                4.541186
              ],
              [
                98.080152,
                4.541248300000063
              ],
              [
                98.08008030000008,
                4.541302900000062
              ],
              [
                98.08000750000008,
                4.541356200000052
              ],
              [
                98.07993460000006,
                4.54140940000002
              ],
              [
                98.07985650000006,
                4.541454500000043
              ],
              [
                98.07977830000004,
                4.541499500000043
              ],
              [
                98.07970010000008,
                4.541544400000021
              ],
              [
                98.07962330000004,
                4.541591700000026
              ],
              [
                98.07954740000008,
                4.541640600000051
              ],
              [
                98.07947160000003,
                4.541689500000075
              ],
              [
                98.07939510000006,
                4.541737300000023
              ],
              [
                98.07931650000006,
                4.54178150000007
              ],
              [
                98.07923780000004,
                4.541825800000026
              ],
              [
                98.07916450000005,
                4.54187840000003
              ],
              [
                98.07909150000006,
                4.541931400000067
              ],
              [
                98.07901850000007,
                4.541984400000047
              ],
              [
                98.07894580000004,
                4.542038
              ],
              [
                98.078873,
                4.542091200000073
              ],
              [
                98.07879640000004,
                4.542139
              ],
              [
                98.07871990000007,
                4.542186800000025
              ],
              [
                98.07864340000003,
                4.542234600000029
              ],
              [
                98.07856690000006,
                4.542282400000033
              ],
              [
                98.07849190000007,
                4.542332400000021
              ],
              [
                98.07841910000008,
                4.542385800000034
              ],
              [
                98.07834630000008,
                4.542439100000024
              ],
              [
                98.07827350000008,
                4.542492500000037
              ],
              [
                98.07820070000008,
                4.542545800000028
              ],
              [
                98.07812790000008,
                4.542599200000041
              ],
              [
                98.07805510000009,
                4.542652600000054
              ],
              [
                98.07798230000009,
                4.542705900000044
              ],
              [
                98.07790960000005,
                4.542759300000057
              ],
              [
                98.07783680000006,
                4.542812600000047
              ],
              [
                98.077764,
                4.542866
              ],
              [
                98.07768990000005,
                4.542917400000022
              ],
              [
                98.07761380000005,
                4.54296590000007
              ],
              [
                98.07753770000005,
                4.543014500000027
              ],
              [
                98.07746170000007,
                4.543063
              ],
              [
                98.07738560000007,
                4.543111500000066
              ],
              [
                98.07730950000007,
                4.54316
              ],
              [
                98.07723340000007,
                4.543208500000048
              ],
              [
                98.07715740000003,
                4.543257
              ],
              [
                98.07708050000008,
                4.543304300000045
              ],
              [
                98.07700350000005,
                4.543351200000075
              ],
              [
                98.07692640000005,
                4.54339820000007
              ],
              [
                98.07684940000007,
                4.543445200000065
              ],
              [
                98.07677240000004,
                4.54349220000006
              ],
              [
                98.07669540000006,
                4.543539200000055
              ],
              [
                98.07661830000006,
                4.543586100000027
              ],
              [
                98.07654220000006,
                4.54363440000003
              ],
              [
                98.076471,
                4.543689900000061
              ],
              [
                98.07639980000005,
                4.543745400000034
              ],
              [
                98.07632870000003,
                4.543800900000065
              ],
              [
                98.07625750000005,
                4.543856400000038
              ],
              [
                98.07618630000007,
                4.543911900000069
              ],
              [
                98.07611510000004,
                4.543967400000042
              ],
              [
                98.07604350000008,
                4.544022300000051
              ],
              [
                98.075971,
                4.544076100000041
              ],
              [
                98.07589860000007,
                4.54412990000003
              ],
              [
                98.07582610000009,
                4.544183700000076
              ],
              [
                98.07575360000004,
                4.544237500000065
              ],
              [
                98.07568120000008,
                4.544291300000054
              ],
              [
                98.07560870000003,
                4.544345100000044
              ],
              [
                98.07553620000004,
                4.544398900000033
              ],
              [
                98.07546380000008,
                4.544452700000022
              ],
              [
                98.07539130000004,
                4.544506400000046
              ],
              [
                98.07532470000007,
                4.544567400000062
              ],
              [
                98.07525820000006,
                4.544628400000022
              ],
              [
                98.07519160000004,
                4.544689400000038
              ],
              [
                98.075125,
                4.544750400000055
              ],
              [
                98.07505850000007,
                4.544811400000071
              ],
              [
                98.07499190000004,
                4.544872400000031
              ],
              [
                98.07494330000009,
                4.544948500000032
              ],
              [
                98.07490390000004,
                4.545029400000033
              ],
              [
                98.07487140000006,
                4.545113800000024
              ],
              [
                98.07485020000007,
                4.545201700000064
              ],
              [
                98.07481670000004,
                4.545284200000026
              ],
              [
                98.07476660000003,
                4.545359400000052
              ],
              [
                98.07470340000003,
                4.545423400000061
              ],
              [
                98.07463610000008,
                4.545483400000023
              ],
              [
                98.07456260000004,
                4.545535700000073
              ],
              [
                98.074489,
                4.545588
              ],
              [
                98.07441570000003,
                4.54564060000007
              ],
              [
                98.07434280000007,
                4.545693800000038
              ],
              [
                98.07426990000005,
                4.545747
              ],
              [
                98.07419580000004,
                4.545798400000024
              ],
              [
                98.074119,
                4.545845500000041
              ],
              [
                98.07403730000004,
                4.54588380000007
              ],
              [
                98.07395560000003,
                4.545922
              ],
              [
                98.07387390000008,
                4.545960300000047
              ],
              [
                98.07379180000004,
                4.545997600000021
              ],
              [
                98.073713,
                4.546040800000071
              ],
              [
                98.07363850000007,
                4.546091800000056
              ],
              [
                98.07356950000008,
                4.546149900000046
              ],
              [
                98.07349830000004,
                4.546205300000054
              ],
              [
                98.07342440000008,
                4.546257
              ],
              [
                98.07335130000007,
                4.54630990000004
              ],
              [
                98.07328280000007,
                4.546368700000073
              ],
              [
                98.07321430000007,
                4.546427400000027
              ],
              [
                98.07314450000007,
                4.546484700000065
              ],
              [
                98.07307160000005,
                4.546537800000067
              ],
              [
                98.07299860000006,
                4.546590900000069
              ],
              [
                98.07292460000008,
                4.546642500000075
              ],
              [
                98.07285020000006,
                4.546693600000026
              ],
              [
                98.07277560000006,
                4.546744200000035
              ],
              [
                98.07269760000008,
                4.546789700000033
              ],
              [
                98.07261760000006,
                4.546830800000066
              ],
              [
                98.07253350000008,
                4.546863200000075
              ],
              [
                98.07244580000008,
                4.546878800000059
              ],
              [
                98.07235580000008,
                4.546883100000059
              ],
              [
                98.07226620000006,
                4.546888900000056
              ],
              [
                98.07219480000003,
                4.546942
              ],
              [
                98.07218240000003,
                4.547031600000025
              ],
              [
                98.07216990000006,
                4.547121200000049
              ],
              [
                98.07215740000004,
                4.547210800000073
              ],
              [
                98.07212020000009,
                4.547284300000058
              ],
              [
                98.07204390000004,
                4.547332400000073
              ],
              [
                98.07196910000005,
                4.547382700000071
              ],
              [
                98.07189660000006,
                4.54743650000006
              ],
              [
                98.07182080000007,
                4.547484500000053
              ],
              [
                98.07173740000007,
                4.547518600000046
              ],
              [
                98.07164860000006,
                4.547528500000055
              ],
              [
                98.07156540000005,
                4.547506500000054
              ],
              [
                98.07148920000009,
                4.547458300000073
              ],
              [
                98.07142130000005,
                4.547400100000061
              ],
              [
                98.07136170000007,
                4.547332300000051
              ],
              [
                98.07130320000005,
                4.547263500000042
              ],
              [
                98.071247,
                4.547192800000062
              ],
              [
                98.07119080000007,
                4.547122100000024
              ],
              [
                98.07113450000008,
                4.547051400000043
              ],
              [
                98.07107830000007,
                4.546980700000063
              ],
              [
                98.07100540000005,
                4.546927900000071
              ],
              [
                98.07093140000006,
                4.546876300000065
              ],
              [
                98.07084860000003,
                4.546840700000075
              ],
              [
                98.07077660000004,
                4.546842900000058
              ],
              [
                98.07072660000006,
                4.54691820000005
              ],
              [
                98.07066690000005,
                4.546982100000037
              ],
              [
                98.07058550000005,
                4.547021
              ],
              [
                98.07050540000006,
                4.54706230000005
              ],
              [
                98.07042520000005,
                4.547103700000036
              ],
              [
                98.070342,
                4.547138200000063
              ],
              [
                98.070257,
                4.547168
              ],
              [
                98.07016890000006,
                4.547184400000049
              ],
              [
                98.07007880000003,
                4.547184200000061
              ],
              [
                98.06998910000004,
                4.547178700000075
              ],
              [
                98.06989970000006,
                4.547167400000035
              ],
              [
                98.06981020000006,
                4.547156800000039
              ],
              [
                98.06972150000007,
                4.547140600000034
              ],
              [
                98.06963280000008,
                4.54712440000003
              ],
              [
                98.06954580000007,
                4.547101400000031
              ],
              [
                98.06945920000004,
                4.547076100000027
              ],
              [
                98.06938120000007,
                4.547032500000057
              ],
              [
                98.06930630000005,
                4.546982200000059
              ],
              [
                98.06923250000006,
                4.546930200000077
              ],
              [
                98.06915910000004,
                4.546877700000039
              ],
              [
                98.06908520000007,
                4.546825900000044
              ],
              [
                98.06901490000007,
                4.546769900000072
              ],
              [
                98.06895120000007,
                4.546705800000041
              ],
              [
                98.06888790000005,
                4.546641400000055
              ],
              [
                98.068827,
                4.54657480000003
              ],
              [
                98.068766,
                4.546508200000062
              ],
              [
                98.068705,
                4.546441600000037
              ],
              [
                98.06864,
                4.546378900000036
              ],
              [
                98.06857490000004,
                4.546316300000058
              ],
              [
                98.06850340000005,
                4.546261400000049
              ],
              [
                98.06843240000006,
                4.546206
              ],
              [
                98.06838250000004,
                4.546130700000049
              ],
              [
                98.06834880000008,
                4.546049400000072
              ],
              [
                98.06834860000004,
                4.546048900000073
              ],
              [
                98.06833230000007,
                4.545959900000071
              ],
              [
                98.06831610000006,
                4.545871
              ],
              [
                98.06829980000003,
                4.545782
              ],
              [
                98.06826870000003,
                4.545700200000056
              ],
              [
                98.06820920000007,
                4.545632300000022
              ],
              [
                98.06813940000006,
                4.545575100000065
              ],
              [
                98.06806550000005,
                4.545523400000036
              ],
              [
                98.06799020000005,
                4.545473800000025
              ],
              [
                98.06790650000005,
                4.545450600000038
              ],
              [
                98.06781640000008,
                4.545447900000056
              ],
              [
                98.06772630000006,
                4.545447600000045
              ],
              [
                98.06763630000006,
                4.545451100000037
              ],
              [
                98.06754620000004,
                4.54545470000005
              ],
              [
                98.06745610000007,
                4.545457100000021
              ],
              [
                98.067366,
                4.545457
              ],
              [
                98.06727580000006,
                4.545456900000033
              ],
              [
                98.06718570000004,
                4.545459100000073
              ],
              [
                98.06709670000004,
                4.545468100000051
              ],
              [
                98.06701180000005,
                4.545498700000053
              ],
              [
                98.06698880000005,
                4.545504100000073
              ],
              [
                98.06692460000005,
                4.545519100000035
              ],
              [
                98.06683520000007,
                4.545528500000046
              ],
              [
                98.06674640000006,
                4.545512900000062
              ],
              [
                98.06666160000003,
                4.545484300000055
              ],
              [
                98.06657910000007,
                4.545447800000034
              ],
              [
                98.06649210000006,
                4.545424500000024
              ],
              [
                98.06640380000005,
                4.545407700000055
              ],
              [
                98.066314,
                4.545399700000075
              ],
              [
                98.066224,
                4.545402300000035
              ],
              [
                98.06613390000007,
                4.545405800000026
              ],
              [
                98.06604390000007,
                4.545409200000051
              ],
              [
                98.06595380000005,
                4.545413500000052
              ],
              [
                98.06586380000005,
                4.545418100000063
              ],
              [
                98.06577440000007,
                4.545427500000073
              ],
              [
                98.065686,
                4.545445100000052
              ],
              [
                98.06559730000004,
                4.545460900000023
              ],
              [
                98.06550730000004,
                4.545464400000071
              ],
              [
                98.06541880000003,
                4.545478900000035
              ],
              [
                98.06533160000004,
                4.545501700000045
              ],
              [
                98.06524440000004,
                4.545524500000056
              ],
              [
                98.06515540000004,
                4.545538600000043
              ],
              [
                98.06506610000008,
                4.545551300000056
              ],
              [
                98.06497740000003,
                4.545566200000053
              ],
              [
                98.06489040000008,
                4.545589900000039
              ],
              [
                98.06480340000007,
                4.545613600000024
              ],
              [
                98.06471640000007,
                4.545637300000067
              ],
              [
                98.06462940000006,
                4.545661
              ],
              [
                98.06454540000004,
                4.54569360000005
              ],
              [
                98.06446150000005,
                4.545726800000068
              ],
              [
                98.06437770000008,
                4.545760100000052
              ],
              [
                98.06429390000005,
                4.545793300000071
              ],
              [
                98.06421030000007,
                4.545827200000076
              ],
              [
                98.06412670000003,
                4.545861100000025
              ],
              [
                98.06404520000007,
                4.545899400000053
              ],
              [
                98.06396690000008,
                4.545943800000032
              ],
              [
                98.06389440000004,
                4.545997500000055
              ],
              [
                98.06382310000004,
                4.546052700000075
              ],
              [
                98.06376270000004,
                4.546119800000042
              ],
              [
                98.06370230000005,
                4.546187
              ],
              [
                98.06364350000007,
                4.546255500000029
              ],
              [
                98.06358570000003,
                4.546324900000059
              ],
              [
                98.06352410000005,
                4.54639080000004
              ],
              [
                98.06346030000003,
                4.546454700000027
              ],
              [
                98.06338390000008,
                4.546488300000021
              ],
              [
                98.06332240000006,
                4.546431100000063
              ],
              [
                98.06326870000004,
                4.546358500000053
              ],
              [
                98.06320770000008,
                4.546292
              ],
              [
                98.06314660000004,
                4.546225500000048
              ],
              [
                98.06308050000007,
                4.546164
              ],
              [
                98.06300950000008,
                4.54610880000007
              ],
              [
                98.06292750000006,
                4.546071
              ],
              [
                98.06284560000006,
                4.546033300000033
              ],
              [
                98.06277190000009,
                4.545982300000048
              ],
              [
                98.062702,
                4.545925200000056
              ],
              [
                98.06264390000007,
                4.545856100000037
              ],
              [
                98.06258570000006,
                4.545787
              ],
              [
                98.06256260000004,
                4.545701300000076
              ],
              [
                98.06252160000008,
                4.545620700000029
              ],
              [
                98.06248070000004,
                4.545540100000039
              ],
              [
                98.06243950000004,
                4.545459600000072
              ],
              [
                98.062396,
                4.545380400000056
              ],
              [
                98.06235220000008,
                4.545301400000028
              ],
              [
                98.06229310000003,
                4.545233100000075
              ],
              [
                98.062234,
                4.545164800000066
              ],
              [
                98.06216710000007,
                4.545105600000056
              ],
              [
                98.06214970000008,
                4.545094500000062
              ],
              [
                98.062091,
                4.545057200000031
              ],
              [
                98.06201480000004,
                4.545008800000062
              ],
              [
                98.06195970000005,
                4.544940500000052
              ],
              [
                98.06191940000008,
                4.54485980000004
              ],
              [
                98.06189040000004,
                4.544774700000062
              ],
              [
                98.06188080000004,
                4.544684800000027
              ],
              [
                98.06187120000004,
                4.54459490000005
              ],
              [
                98.061854,
                4.544506100000035
              ],
              [
                98.06183570000007,
                4.544417500000066
              ],
              [
                98.06181740000005,
                4.544329
              ],
              [
                98.06177160000004,
                4.544252400000062
              ],
              [
                98.06172020000008,
                4.544179100000065
              ],
              [
                98.06171970000008,
                4.544178400000021
              ],
              [
                98.06166490000004,
                4.544106900000031
              ],
              [
                98.06159990000003,
                4.54404420000003
              ],
              [
                98.06153410000007,
                4.543982600000049
              ],
              [
                98.061463,
                4.543926900000031
              ],
              [
                98.06139190000005,
                4.543871400000057
              ],
              [
                98.06130860000007,
                4.543836700000043
              ],
              [
                98.06122540000007,
                4.54380210000005
              ],
              [
                98.06114210000004,
                4.543767500000058
              ],
              [
                98.06105860000008,
                4.543733300000042
              ],
              [
                98.06097510000006,
                4.543699200000049
              ],
              [
                98.06088940000006,
                4.543673600000034
              ],
              [
                98.06080270000007,
                4.543650900000046
              ],
              [
                98.06073070000008,
                4.543601800000033
              ],
              [
                98.06067410000009,
                4.543531400000063
              ],
              [
                98.06062430000009,
                4.543456800000058
              ],
              [
                98.06058640000003,
                4.543374700000072
              ],
              [
                98.06054420000004,
                4.543295
              ],
              [
                98.060496,
                4.543218500000023
              ],
              [
                98.06044250000008,
                4.543147300000044
              ],
              [
                98.060368,
                4.543096300000059
              ],
              [
                98.06028530000003,
                4.54306790000004
              ],
              [
                98.06019570000007,
                4.543058400000064
              ],
              [
                98.06012730000003,
                4.543007200000034
              ],
              [
                98.06005680000004,
                4.542951100000039
              ],
              [
                98.059985,
                4.54289650000004
              ],
              [
                98.05991310000007,
                4.542841900000042
              ],
              [
                98.05983720000006,
                4.542794300000025
              ],
              [
                98.059754,
                4.542759700000033
              ],
              [
                98.05967070000008,
                4.542725100000041
              ],
              [
                98.05958620000007,
                4.542694700000027
              ],
              [
                98.05956020000008,
                4.542689700000039
              ],
              [
                98.05949770000007,
                4.542677500000025
              ],
              [
                98.05941470000005,
                4.542644800000062
              ],
              [
                98.05933570000008,
                4.542601400000024
              ],
              [
                98.05925940000009,
                4.542554
              ],
              [
                98.059192,
                4.542493900000068
              ],
              [
                98.05912460000008,
                4.542433800000026
              ],
              [
                98.05905870000004,
                4.542372200000045
              ],
              [
                98.058996,
                4.542307300000061
              ],
              [
                98.05893330000004,
                4.542242300000055
              ],
              [
                98.05887980000006,
                4.54217170000004
              ],
              [
                98.05885140000004,
                4.542085900000075
              ],
              [
                98.05882140000006,
                4.542000600000051
              ],
              [
                98.058801,
                4.541912500000024
              ],
              [
                98.058781,
                4.54182430000003
              ],
              [
                98.05876630000006,
                4.541735100000039
              ],
              [
                98.05875360000005,
                4.541645500000072
              ],
              [
                98.05873680000008,
                4.541556800000023
              ],
              [
                98.05872880000004,
                4.541523600000062
              ],
              [
                98.05871570000005,
                4.541468800000075
              ],
              [
                98.05869390000004,
                4.541381100000024
              ],
              [
                98.05867150000006,
                4.541293400000029
              ],
              [
                98.05865870000008,
                4.541204700000037
              ],
              [
                98.05866130000004,
                4.541114300000061
              ],
              [
                98.05866360000005,
                4.541023900000027
              ],
              [
                98.05866370000007,
                4.540933500000051
              ],
              [
                98.05866380000003,
                4.540843
              ],
              [
                98.05866110000005,
                4.540752800000064
              ],
              [
                98.05864640000004,
                4.540663500000051
              ],
              [
                98.05861460000006,
                4.540579800000046
              ],
              [
                98.05857530000009,
                4.540498500000069
              ],
              [
                98.05854020000004,
                4.540415300000063
              ],
              [
                98.05848990000004,
                4.540340800000024
              ],
              [
                98.05842380000007,
                4.540279300000066
              ],
              [
                98.05835780000007,
                4.54021780000005
              ],
              [
                98.058291,
                4.540157
              ],
              [
                98.05822610000007,
                4.540094500000066
              ],
              [
                98.05816790000006,
                4.54002550000007
              ],
              [
                98.05810650000006,
                4.539959300000021
              ],
              [
                98.05804520000004,
                4.539893
              ],
              [
                98.05798660000005,
                4.539824200000055
              ],
              [
                98.05792830000007,
                4.539755200000059
              ],
              [
                98.05787010000006,
                4.539686200000062
              ],
              [
                98.05782070000004,
                4.539611
              ],
              [
                98.05777650000005,
                4.539532200000053
              ],
              [
                98.05773230000005,
                4.539453300000048
              ],
              [
                98.05771710000005,
                4.53936520000002
              ],
              [
                98.05770780000006,
                4.539275300000043
              ],
              [
                98.05770380000007,
                4.539185100000054
              ],
              [
                98.05770640000009,
                4.539094700000021
              ],
              [
                98.05770850000005,
                4.539004300000045
              ],
              [
                98.05770860000007,
                4.538913800000046
              ],
              [
                98.05770650000005,
                4.538823600000057
              ],
              [
                98.05768950000004,
                4.53873470000002
              ],
              [
                98.05766990000006,
                4.538646700000072
              ],
              [
                98.05763660000008,
                4.538562600000034
              ],
              [
                98.05761250000006,
                4.53852020000005
              ],
              [
                98.05759240000003,
                4.538484900000071
              ],
              [
                98.05753620000007,
                4.538414200000034
              ],
              [
                98.05748550000004,
                4.538339500000063
              ],
              [
                98.05744020000009,
                4.538261700000021
              ],
              [
                98.05740610000004,
                4.538177900000051
              ],
              [
                98.057372,
                4.538094200000046
              ],
              [
                98.057324,
                4.538018500000021
              ],
              [
                98.057269,
                4.537946900000065
              ],
              [
                98.05720980000007,
                4.537879600000053
              ],
              [
                98.05713530000008,
                4.537828800000057
              ],
              [
                98.05705980000005,
                4.537779700000044
              ],
              [
                98.05697520000007,
                4.537748400000055
              ],
              [
                98.05689070000005,
                4.537717
              ],
              [
                98.05681180000005,
                4.537674600000059
              ],
              [
                98.05673720000004,
                4.537623900000028
              ],
              [
                98.05666260000004,
                4.537573100000031
              ],
              [
                98.05658470000009,
                4.537527700000055
              ],
              [
                98.05650670000006,
                4.537482200000056
              ],
              [
                98.05643170000008,
                4.537432800000033
              ],
              [
                98.05636540000006,
                4.537371600000029
              ],
              [
                98.05630750000006,
                4.537304900000038
              ],
              [
                98.05627990000005,
                4.537218800000062
              ],
              [
                98.05625220000007,
                4.537132700000029
              ],
              [
                98.0562,
                4.537059
              ],
              [
                98.05614610000003,
                4.536986900000045
              ],
              [
                98.05607220000007,
                4.536935100000051
              ],
              [
                98.05599840000008,
                4.536883300000056
              ],
              [
                98.05592870000004,
                4.536826200000064
              ],
              [
                98.05586260000007,
                4.536764700000049
              ],
              [
                98.055792,
                4.536709400000063
              ],
              [
                98.05571280000004,
                4.53666620000007
              ],
              [
                98.05563360000008,
                4.536623
              ],
              [
                98.05555440000006,
                4.536579900000049
              ],
              [
                98.05552360000007,
                4.536562200000049
              ],
              [
                98.05547620000004,
                4.536535
              ],
              [
                98.055398,
                4.53649
              ],
              [
                98.05531820000004,
                4.536447800000076
              ],
              [
                98.05525010000008,
                4.536394500000029
              ],
              [
                98.055211,
                4.536313
              ],
              [
                98.05517780000008,
                4.536229500000047
              ],
              [
                98.05516030000007,
                4.536140800000055
              ],
              [
                98.05512490000007,
                4.536058600000047
              ],
              [
                98.055085,
                4.535988900000063
              ],
              [
                98.05499120000007,
                4.535877
              ],
              [
                98.05495710000008,
                4.535853100000054
              ],
              [
                98.05495220000006,
                4.535850200000027
              ],
              [
                98.05488040000006,
                4.535806500000035
              ],
              [
                98.05479770000005,
                4.535770400000047
              ],
              [
                98.05471460000007,
                4.535735300000056
              ],
              [
                98.05463060000005,
                4.535702700000058
              ],
              [
                98.05454650000007,
                4.535670100000061
              ],
              [
                98.05445960000009,
                4.535647100000062
              ],
              [
                98.05437130000007,
                4.535628700000075
              ],
              [
                98.05428450000005,
                4.535604900000067
              ],
              [
                98.05419850000004,
                4.535577900000021
              ],
              [
                98.05411240000007,
                4.535551
              ],
              [
                98.05402640000005,
                4.535524
              ],
              [
                98.05394070000006,
                4.535496200000068
              ],
              [
                98.05386170000008,
                4.535452600000042
              ],
              [
                98.05378270000006,
                4.535409
              ],
              [
                98.05370380000005,
                4.535365400000046
              ],
              [
                98.05362480000008,
                4.535321800000077
              ],
              [
                98.05354490000008,
                4.53528
              ],
              [
                98.05346480000009,
                4.535238400000026
              ],
              [
                98.05338480000006,
                4.535196800000051
              ],
              [
                98.05330470000007,
                4.535155300000042
              ],
              [
                98.05322190000004,
                4.535120100000029
              ],
              [
                98.05313720000004,
                4.53508910000005
              ],
              [
                98.05305250000004,
                4.535058100000072
              ],
              [
                98.05296790000006,
                4.535027
              ],
              [
                98.05288320000005,
                4.534996
              ],
              [
                98.05279870000004,
                4.534964600000023
              ],
              [
                98.05271650000009,
                4.534927400000072
              ],
              [
                98.05263440000004,
                4.534890100000041
              ],
              [
                98.05255220000004,
                4.534852900000033
              ],
              [
                98.05247010000005,
                4.534815700000024
              ],
              [
                98.05238790000004,
                4.534778500000073
              ],
              [
                98.05231160000005,
                4.534730500000023
              ],
              [
                98.05223620000004,
                4.534681100000057
              ],
              [
                98.05216070000006,
                4.534631600000068
              ],
              [
                98.05208530000004,
                4.534582100000023
              ],
              [
                98.05200980000006,
                4.534532600000034
              ],
              [
                98.05193440000005,
                4.534483100000045
              ],
              [
                98.05185830000005,
                4.534434600000054
              ],
              [
                98.05178180000007,
                4.53438680000005
              ],
              [
                98.05170520000007,
                4.534339100000068
              ],
              [
                98.05162870000004,
                4.534291300000064
              ],
              [
                98.05155210000004,
                4.534243500000059
              ],
              [
                98.05147570000008,
                4.534195600000032
              ],
              [
                98.05140050000006,
                4.534145700000067
              ],
              [
                98.05132530000009,
                4.534095800000046
              ],
              [
                98.05125010000006,
                4.534045900000024
              ],
              [
                98.05119060000004,
                4.533978200000035
              ],
              [
                98.05113170000004,
                4.533909700000038
              ],
              [
                98.05107270000008,
                4.533841300000063
              ],
              [
                98.05100890000006,
                4.533777900000075
              ],
              [
                98.05093890000006,
                4.533720900000048
              ],
              [
                98.050869,
                4.533663900000022
              ],
              [
                98.050796,
                4.533611800000074
              ],
              [
                98.05071350000009,
                4.53357520000003
              ],
              [
                98.05063110000003,
                4.533538600000043
              ],
              [
                98.05054870000004,
                4.533502100000021
              ],
              [
                98.05046760000005,
                4.533462600000064
              ],
              [
                98.05038850000005,
                4.533419300000048
              ],
              [
                98.05030940000006,
                4.533376
              ],
              [
                98.05023320000004,
                4.533328300000051
              ],
              [
                98.05016310000008,
                4.533271400000046
              ],
              [
                98.05009310000008,
                4.533214500000042
              ],
              [
                98.050023,
                4.533157600000038
              ],
              [
                98.04995290000005,
                4.533100700000034
              ],
              [
                98.04988650000007,
                4.533039500000029
              ],
              [
                98.04982020000006,
                4.532978300000025
              ],
              [
                98.04975380000008,
                4.532917
              ],
              [
                98.04968740000004,
                4.53285580000005
              ],
              [
                98.04962110000008,
                4.532794600000045
              ],
              [
                98.04955320000005,
                4.532735200000047
              ],
              [
                98.04948,
                4.532682600000044
              ],
              [
                98.04939850000005,
                4.532645800000068
              ],
              [
                98.04931330000005,
                4.532616300000029
              ],
              [
                98.04922810000005,
                4.532586800000047
              ],
              [
                98.04914290000005,
                4.53255740000003
              ],
              [
                98.049056,
                4.532533800000067
              ],
              [
                98.04896760000008,
                4.53251640000002
              ],
              [
                98.04887940000003,
                4.532498300000043
              ],
              [
                98.04880180000004,
                4.532452400000068
              ],
              [
                98.04872410000007,
                4.53240640000007
              ],
              [
                98.04864650000007,
                4.532360400000073
              ],
              [
                98.04856890000008,
                4.532314400000075
              ],
              [
                98.04849140000005,
                4.532268300000055
              ],
              [
                98.04841380000005,
                4.532222200000035
              ],
              [
                98.04834640000007,
                4.532164200000068
              ],
              [
                98.04828940000004,
                4.532094200000074
              ],
              [
                98.04823230000005,
                4.532024200000023
              ],
              [
                98.04816890000006,
                4.531961100000046
              ],
              [
                98.04809370000004,
                4.531911300000047
              ],
              [
                98.04801850000007,
                4.531861400000025
              ],
              [
                98.047943,
                4.531812100000025
              ],
              [
                98.04786650000005,
                4.53176430000002
              ],
              [
                98.04779,
                4.53171640000005
              ],
              [
                98.04771120000004,
                4.531672600000036
              ],
              [
                98.04763020000007,
                4.531633
              ],
              [
                98.04754710000003,
                4.531598100000053
              ],
              [
                98.04746410000007,
                4.531562700000052
              ],
              [
                98.04738130000004,
                4.531526900000074
              ],
              [
                98.04729860000003,
                4.531491100000039
              ],
              [
                98.04721580000006,
                4.531455400000027
              ],
              [
                98.047133,
                4.531419600000049
              ],
              [
                98.04705020000006,
                4.531383800000071
              ],
              [
                98.04696740000009,
                4.531348
              ],
              [
                98.04688460000006,
                4.531312200000059
              ],
              [
                98.04680190000005,
                4.531276500000047
              ],
              [
                98.04671910000008,
                4.531240700000069
              ],
              [
                98.04663630000005,
                4.531204900000034
              ],
              [
                98.04655350000007,
                4.531169100000056
              ],
              [
                98.04647070000004,
                4.531133300000022
              ],
              [
                98.04638790000007,
                4.531097600000066
              ],
              [
                98.04630520000006,
                4.531061800000032
              ],
              [
                98.04622240000003,
                4.531026
              ],
              [
                98.04613960000006,
                4.530990200000076
              ],
              [
                98.04605680000009,
                4.530954400000041
              ],
              [
                98.045974,
                4.530918700000029
              ],
              [
                98.04589170000008,
                4.530881900000054
              ],
              [
                98.04580940000005,
                4.530844900000034
              ],
              [
                98.04572710000008,
                4.530808
              ],
              [
                98.04564490000007,
                4.530771
              ],
              [
                98.04556260000004,
                4.530734100000075
              ],
              [
                98.04548030000007,
                4.530697100000054
              ],
              [
                98.04539810000006,
                4.530660100000034
              ],
              [
                98.04531580000008,
                4.530623200000036
              ],
              [
                98.04523350000005,
                4.530586200000073
              ],
              [
                98.04515130000004,
                4.530549200000053
              ],
              [
                98.045069,
                4.530512300000055
              ],
              [
                98.04498670000004,
                4.530475300000035
              ],
              [
                98.04490450000009,
                4.530438400000037
              ],
              [
                98.04482510000008,
                4.530396
              ],
              [
                98.04474850000008,
                4.530348300000071
              ],
              [
                98.04466810000008,
                4.530307400000027
              ],
              [
                98.04458610000006,
                4.53027
              ],
              [
                98.04450220000007,
                4.530237
              ],
              [
                98.04441830000007,
                4.53020390000006
              ],
              [
                98.04433690000008,
                4.530165900000043
              ],
              [
                98.04426030000008,
                4.530118300000026
              ],
              [
                98.04418360000005,
                4.530070600000045
              ],
              [
                98.04411270000008,
                4.530015
              ],
              [
                98.04404,
                4.529961700000058
              ],
              [
                98.04396270000007,
                4.52991650000007
              ],
              [
                98.04387610000003,
                4.529891600000042
              ],
              [
                98.04378650000007,
                4.529885600000057
              ],
              [
                98.04369640000004,
                4.529883200000029
              ],
              [
                98.04360640000004,
                4.529883900000073
              ],
              [
                98.04351650000007,
                4.529890700000067
              ],
              [
                98.043428,
                4.529906700000026
              ],
              [
                98.04334,
                4.529926500000045
              ],
              [
                98.04325260000007,
                4.529948
              ],
              [
                98.04316810000006,
                4.529979400000059
              ],
              [
                98.04308360000005,
                4.530010800000071
              ],
              [
                98.04299930000008,
                4.530043
              ],
              [
                98.04291570000004,
                4.530076800000074
              ],
              [
                98.04283210000006,
                4.530110600000057
              ],
              [
                98.04274720000006,
                4.530140600000038
              ],
              [
                98.04266070000006,
                4.530166
              ],
              [
                98.04257340000004,
                4.530187700000056
              ],
              [
                98.04248380000007,
                4.530197300000054
              ],
              [
                98.04239420000005,
                4.530206900000053
              ],
              [
                98.04230420000005,
                4.530204400000059
              ],
              [
                98.04221520000004,
                4.530194300000062
              ],
              [
                98.04212890000008,
                4.530168200000048
              ],
              [
                98.04204210000006,
                4.53014410000003
              ],
              [
                98.04195410000005,
                4.530124100000023
              ],
              [
                98.04186620000007,
                4.530104200000039
              ],
              [
                98.04178040000005,
                4.530077
              ],
              [
                98.04169510000008,
                4.530047600000046
              ],
              [
                98.04160990000008,
                4.530018100000063
              ],
              [
                98.04152560000006,
                4.529986200000053
              ],
              [
                98.04144120000007,
                4.529954400000065
              ],
              [
                98.04136210000007,
                4.529911200000072
              ],
              [
                98.04129070000005,
                4.529856800000061
              ],
              [
                98.04122330000007,
                4.52979670000002
              ],
              [
                98.04115590000004,
                4.529736700000058
              ],
              [
                98.04108850000006,
                4.529676600000073
              ],
              [
                98.04102110000008,
                4.529616500000031
              ],
              [
                98.04095370000005,
                4.529556500000069
              ],
              [
                98.04088810000007,
                4.529494400000033
              ],
              [
                98.040823,
                4.52943190000002
              ],
              [
                98.04075790000007,
                4.529369300000042
              ],
              [
                98.04069280000004,
                4.529306700000063
              ],
              [
                98.04062770000007,
                4.529244200000051
              ],
              [
                98.04056260000004,
                4.529181600000072
              ],
              [
                98.04049750000007,
                4.529119100000059
              ],
              [
                98.04043290000004,
                4.529056
              ],
              [
                98.04037240000008,
                4.528989
              ],
              [
                98.04031180000004,
                4.528922
              ],
              [
                98.04025130000008,
                4.528855
              ],
              [
                98.04019070000004,
                4.528788
              ],
              [
                98.04013020000008,
                4.528721
              ],
              [
                98.04006970000006,
                4.528653900000052
              ],
              [
                98.04001010000007,
                4.528586100000041
              ],
              [
                98.03995120000008,
                4.528517600000043
              ],
              [
                98.03989230000008,
                4.528449100000046
              ],
              [
                98.03983340000008,
                4.528380700000071
              ],
              [
                98.03971560000008,
                4.528243700000075
              ],
              [
                98.03965660000006,
                4.528175300000044
              ],
              [
                98.03959940000004,
                4.528221200000075
              ],
              [
                98.03954250000004,
                4.528291400000057
              ],
              [
                98.03948560000003,
                4.528361500000074
              ],
              [
                98.03942870000009,
                4.528431700000056
              ],
              [
                98.03937180000008,
                4.528501800000072
              ],
              [
                98.03931490000008,
                4.528572
              ],
              [
                98.039258,
                4.52864210000007
              ],
              [
                98.03920110000007,
                4.528712300000052
              ],
              [
                98.03914420000007,
                4.528782400000068
              ],
              [
                98.03908730000006,
                4.52885260000005
              ],
              [
                98.03903040000006,
                4.528922800000032
              ],
              [
                98.03897350000005,
                4.528992900000048
              ],
              [
                98.03891660000005,
                4.52906310000003
              ],
              [
                98.03885970000005,
                4.529133200000047
              ],
              [
                98.03880280000004,
                4.529203400000029
              ],
              [
                98.03874590000004,
                4.529273500000045
              ],
              [
                98.038689,
                4.529343700000027
              ],
              [
                98.03866190000008,
                4.529373400000054
              ],
              [
                98.03744240000003,
                4.528924200000063
              ],
              [
                98.03513880000008,
                4.528075600000022
              ],
              [
                98.03501550000004,
                4.528030700000045
              ],
              [
                98.035,
                4.528025100000036
              ],
              [
                98.03391310000006,
                4.527629700000034
              ],
              [
                98.03148490000007,
                4.526746400000036
              ],
              [
                98.02887930000009,
                4.525845600000025
              ],
              [
                98.02646860000004,
                4.524724300000059
              ],
              [
                98.02306510000005,
                4.522653600000069
              ],
              [
                98.02221920000005,
                4.522139
              ],
              [
                98.01667350000008,
                4.517497100000071
              ],
              [
                98.01557380000008,
                4.516576600000064
              ],
              [
                98.01494640000004,
                4.511424300000044
              ],
              [
                98.01594050000006,
                4.510518200000035
              ],
              [
                98.01958520000005,
                4.507196300000032
              ],
              [
                98.02536470000007,
                4.506146300000069
              ],
              [
                98.03104290000005,
                4.505478900000071
              ],
              [
                98.03241560000004,
                4.503782200000046
              ],
              [
                98.03252050000003,
                4.502176
              ],
              [
                98.02997670000008,
                4.498779
              ],
              [
                98.02581050000003,
                4.497669600000052
              ],
              [
                98.02196310000005,
                4.49711080000003
              ],
              [
                98.02063840000005,
                4.496918400000027
              ],
              [
                98.01784390000006,
                4.493677500000047
              ],
              [
                98.01614860000007,
                4.485342
              ],
              [
                98.01376220000009,
                4.486496700000032
              ],
              [
                98.01214820000007,
                4.490049100000022
              ],
              [
                98.01026580000007,
                4.49120030000006
              ],
              [
                98.00942590000005,
                4.490286200000071
              ],
              [
                98.00744010000005,
                4.487222400000064
              ],
              [
                98.00560750000005,
                4.484609400000068
              ],
              [
                98.00560890000008,
                4.484606500000041
              ],
              [
                98.00558790000008,
                4.48457680000007
              ],
              [
                98.00333950000004,
                4.484293900000068
              ],
              [
                98.00178290000008,
                4.483707800000047
              ],
              [
                98.00174570000007,
                4.482994400000052
              ],
              [
                98.00170690000004,
                4.482249500000023
              ],
              [
                98.00328160000004,
                4.480647200000021
              ],
              [
                98.00545940000006,
                4.479295500000035
              ],
              [
                98.00546920000005,
                4.479289400000027
              ],
              [
                98.00562260000004,
                4.478420500000027
              ],
              [
                98.00562870000005,
                4.478386
              ],
              [
                98.005641,
                4.478163900000027
              ],
              [
                98.00573250000008,
                4.477593300000024
              ],
              [
                98.00551230000008,
                4.477030200000058
              ],
              [
                98.00488,
                4.475413300000071
              ],
              [
                98.00484870000008,
                4.475209200000052
              ],
              [
                98.00484590000008,
                4.474803300000076
              ],
              [
                98.00483980000007,
                4.474674300000061
              ],
              [
                98.00476650000007,
                4.473127500000032
              ],
              [
                98.00406990000005,
                4.472701200000074
              ],
              [
                98.00261510000007,
                4.472512300000062
              ],
              [
                98.00261850000004,
                4.472504700000059
              ],
              [
                98.00300560000005,
                4.47164760000004
              ],
              [
                98.002145,
                4.471388200000035
              ],
              [
                98.00194340000007,
                4.47089230000006
              ],
              [
                98.00289230000004,
                4.469559600000025
              ],
              [
                98.00418270000006,
                4.469849100000033
              ],
              [
                98.00441030000007,
                4.469317100000069
              ],
              [
                98.00441970000008,
                4.468272700000057
              ],
              [
                98.00444510000005,
                4.467145200000061
              ],
              [
                98.00414120000005,
                4.466185800000062
              ],
              [
                98.00418310000003,
                4.466043900000045
              ],
              [
                98.00423730000006,
                4.46586
              ],
              [
                98.00446030000006,
                4.465746200000069
              ],
              [
                98.00492070000007,
                4.465830400000073
              ],
              [
                98.00531990000007,
                4.465570600000035
              ],
              [
                98.00533010000004,
                4.46557
              ],
              [
                98.00555260000004,
                4.465363300000035
              ],
              [
                98.00575980000008,
                4.465132400000073
              ],
              [
                98.00536090000008,
                4.46495550000003
              ],
              [
                98.00500160000007,
                4.464758400000051
              ],
              [
                98.00365270000003,
                4.463769700000057
              ],
              [
                98.00350490000005,
                4.46374620000006
              ],
              [
                98.00179140000006,
                4.463473100000044
              ],
              [
                98.00198770000009,
                4.463092500000073
              ],
              [
                98.00252870000008,
                4.46224060000003
              ],
              [
                98.00269320000007,
                4.461570900000027
              ],
              [
                98.00245320000005,
                4.461373
              ],
              [
                98.00143060000005,
                4.461589500000059
              ],
              [
                98.00094240000004,
                4.461443200000076
              ],
              [
                98.000653,
                4.46178690000005
              ],
              [
                98.00065290000003,
                4.461787
              ],
              [
                98.00064330000004,
                4.461733500000037
              ],
              [
                98.00057740000005,
                4.461365700000044
              ],
              [
                98.00057390000006,
                4.461345900000026
              ],
              [
                98.00057410000005,
                4.461345100000074
              ],
              [
                98.00044950000006,
                4.460571500000071
              ],
              [
                98.00034640000007,
                4.459932
              ],
              [
                98.00034560000006,
                4.459930500000041
              ],
              [
                98.00032760000005,
                4.45981560000007
              ],
              [
                98.00022680000006,
                4.459169300000042
              ],
              [
                98.00012240000007,
                4.458495500000026
              ],
              [
                98.000108,
                4.458402900000067
              ],
              [
                98.00009610000006,
                4.458325600000023
              ],
              [
                97.999697,
                4.458330300000057
              ],
              [
                97.99952830000007,
                4.458332300000052
              ],
              [
                97.99949160000006,
                4.458332800000051
              ],
              [
                97.99948970000008,
                4.458319600000038
              ],
              [
                97.99931320000007,
                4.457097200000021
              ],
              [
                97.99917710000005,
                4.455799600000034
              ],
              [
                97.99916340000004,
                4.455595200000062
              ],
              [
                97.99905720000004,
                4.454013300000042
              ],
              [
                97.99905530000007,
                4.453984800000057
              ],
              [
                97.99672170000008,
                4.45375260000003
              ],
              [
                97.99466750000005,
                4.453548100000035
              ],
              [
                97.99448750000005,
                4.452325100000053
              ],
              [
                97.99442120000003,
                4.45197840000003
              ],
              [
                97.99441520000005,
                4.45194680000003
              ],
              [
                97.99440840000005,
                4.451911500000051
              ],
              [
                97.99440930000009,
                4.451906200000053
              ],
              [
                97.99265660000003,
                4.451404100000047
              ],
              [
                97.99220370000006,
                4.451274300000023
              ],
              [
                97.99223170000005,
                4.45101470000003
              ],
              [
                97.991873,
                4.450897400000031
              ],
              [
                97.99191120000006,
                4.450667600000031
              ],
              [
                97.99157250000007,
                4.45057010000005
              ],
              [
                97.99164930000006,
                4.450160500000038
              ],
              [
                97.99120010000007,
                4.449894100000051
              ],
              [
                97.99087180000004,
                4.449735800000042
              ],
              [
                97.990749,
                4.449676600000032
              ],
              [
                97.99075090000008,
                4.449647600000048
              ],
              [
                97.990751,
                4.449647700000071
              ],
              [
                97.99111410000006,
                4.447501200000033
              ],
              [
                97.99111430000005,
                4.447499700000037
              ],
              [
                97.99111230000005,
                4.447489800000028
              ],
              [
                97.99105260000005,
                4.447190800000044
              ],
              [
                97.99157750000006,
                4.44688780000007
              ],
              [
                97.99176210000007,
                4.44624790000006
              ],
              [
                97.99180080000008,
                4.446088
              ],
              [
                97.99136740000006,
                4.445222800000067
              ],
              [
                97.991074,
                4.444476300000076
              ],
              [
                97.99076150000008,
                4.44382980000006
              ],
              [
                97.99004040000005,
                4.443066300000055
              ],
              [
                97.990097,
                4.442606900000044
              ],
              [
                97.990233,
                4.442127
              ],
              [
                97.99022180000009,
                4.44194740000006
              ],
              [
                97.98998320000004,
                4.441949100000045
              ],
              [
                97.98991370000005,
                4.441959500000053
              ],
              [
                97.989872,
                4.441335
              ],
              [
                97.98980310000007,
                4.440303700000072
              ],
              [
                97.98978990000006,
                4.440244700000051
              ],
              [
                97.98950580000007,
                4.438978500000076
              ],
              [
                97.98982940000008,
                4.438297800000043
              ],
              [
                97.98983580000004,
                4.437778800000046
              ],
              [
                97.98999450000008,
                4.437727800000062
              ],
              [
                97.98970360000004,
                4.437340600000027
              ],
              [
                97.98902720000007,
                4.435818400000073
              ],
              [
                97.98898560000003,
                4.435549300000048
              ],
              [
                97.98831870000004,
                4.435434
              ],
              [
                97.98831780000006,
                4.435394500000029
              ],
              [
                97.98829130000007,
                4.43430660000007
              ],
              [
                97.98836710000006,
                4.433757200000059
              ],
              [
                97.988324,
                4.433258600000045
              ],
              [
                97.98747510000004,
                4.432069100000035
              ],
              [
                97.98737650000004,
                4.431931
              ],
              [
                97.98694890000007,
                4.431331900000032
              ],
              [
                97.98813990000008,
                4.431172400000037
              ],
              [
                97.989407,
                4.431229
              ],
              [
                97.99051210000005,
                4.429666500000053
              ],
              [
                97.99052080000007,
                4.429585300000042
              ],
              [
                97.99035390000006,
                4.429372600000022
              ],
              [
                97.98952140000006,
                4.428297400000076
              ],
              [
                97.98876740000009,
                4.428014800000028
              ],
              [
                97.98738050000009,
                4.428024200000038
              ],
              [
                97.98606810000007,
                4.427976400000034
              ],
              [
                97.985811,
                4.427967100000046
              ],
              [
                97.985425,
                4.42736960000002
              ],
              [
                97.98482960000007,
                4.427740300000039
              ],
              [
                97.98484870000004,
                4.428106900000046
              ],
              [
                97.98423650000007,
                4.428444400000046
              ],
              [
                97.98367880000006,
                4.427014700000029
              ],
              [
                97.98364180000004,
                4.426448200000038
              ],
              [
                97.98302370000005,
                4.425902300000075
              ],
              [
                97.98269240000008,
                4.42603790000004
              ],
              [
                97.98249580000004,
                4.426439200000061
              ],
              [
                97.98265030000005,
                4.427188300000068
              ],
              [
                97.98251850000008,
                4.427339200000063
              ],
              [
                97.982066,
                4.426725500000032
              ],
              [
                97.98146830000007,
                4.426762900000028
              ],
              [
                97.98082680000005,
                4.427046100000041
              ],
              [
                97.97854970000009,
                4.423119300000053
              ]
            ]
          ],
          [
            [
              [
                98.08003510000003,
                4.524862700000028
              ],
              [
                98.08004360000007,
                4.524772700000028
              ],
              [
                98.08005890000004,
                4.524683800000048
              ],
              [
                98.08008260000008,
                4.52459650000003
              ],
              [
                98.08010770000004,
                4.52451
              ],
              [
                98.08016020000008,
                4.524436500000036
              ],
              [
                98.08022820000008,
                4.52440480000007
              ],
              [
                98.08031580000005,
                4.524426
              ],
              [
                98.08036490000006,
                4.52449660000002
              ],
              [
                98.08040330000006,
                4.524577700000066
              ],
              [
                98.08040310000007,
                4.524668100000042
              ],
              [
                98.080403,
                4.524758600000041
              ],
              [
                98.08043480000003,
                4.524842400000068
              ],
              [
                98.08047050000005,
                4.524925500000052
              ],
              [
                98.080531,
                4.524991300000067
              ],
              [
                98.08059590000005,
                4.525054
              ],
              [
                98.08065250000004,
                4.525124
              ],
              [
                98.08070340000006,
                4.525198600000067
              ],
              [
                98.08075,
                4.525276
              ],
              [
                98.08079660000004,
                4.525353500000051
              ],
              [
                98.08083880000004,
                4.525433400000054
              ],
              [
                98.08088030000005,
                4.525513700000033
              ],
              [
                98.08092180000006,
                4.525594
              ],
              [
                98.08095130000004,
                4.525678500000026
              ],
              [
                98.08096890000007,
                4.525767200000075
              ],
              [
                98.08098660000007,
                4.525855900000067
              ],
              [
                98.08100480000007,
                4.525944500000037
              ],
              [
                98.081023,
                4.526033100000063
              ],
              [
                98.08104120000007,
                4.526121700000033
              ],
              [
                98.08106260000005,
                4.526209600000072
              ],
              [
                98.08108430000004,
                4.526297300000067
              ],
              [
                98.08110610000006,
                4.526385100000027
              ],
              [
                98.081128,
                4.526472800000022
              ],
              [
                98.08115640000005,
                4.526558700000066
              ],
              [
                98.08118480000007,
                4.526644500000032
              ],
              [
                98.08121320000004,
                4.526730400000076
              ],
              [
                98.08125320000005,
                4.526810300000022
              ],
              [
                98.08130620000009,
                4.526883500000054
              ],
              [
                98.08136320000006,
                4.526953500000047
              ],
              [
                98.08142140000007,
                4.527022500000044
              ],
              [
                98.08147730000007,
                4.527092800000048
              ],
              [
                98.08150260000008,
                4.527179600000068
              ],
              [
                98.08150340000003,
                4.52727
              ],
              [
                98.08150330000007,
                4.52736040000002
              ],
              [
                98.08149960000009,
                4.527450800000054
              ],
              [
                98.08149520000006,
                4.527541100000064
              ],
              [
                98.08148630000005,
                4.527630700000032
              ],
              [
                98.08146070000004,
                4.527717500000051
              ],
              [
                98.08143520000004,
                4.527804200000048
              ],
              [
                98.08143420000005,
                4.527830600000073
              ],
              [
                98.081431,
                4.527921
              ],
              [
                98.08141510000007,
                4.528009
              ],
              [
                98.08138540000004,
                4.528094400000043
              ],
              [
                98.08132960000006,
                4.528165200000046
              ],
              [
                98.08126480000004,
                4.528227600000037
              ],
              [
                98.08119610000006,
                4.528286100000059
              ],
              [
                98.08112280000006,
                4.528338
              ],
              [
                98.08104220000007,
                4.528372300000058
              ],
              [
                98.08095290000006,
                4.528359900000055
              ],
              [
                98.08086970000005,
                4.528332800000044
              ],
              [
                98.08079850000007,
                4.528277400000036
              ],
              [
                98.08073510000008,
                4.52821380000006
              ],
              [
                98.08067680000005,
                4.528144800000064
              ],
              [
                98.08064510000008,
                4.52806030000005
              ],
              [
                98.08059360000004,
                4.527990700000032
              ],
              [
                98.08052160000005,
                4.527936300000022
              ],
              [
                98.08046350000006,
                4.527867300000025
              ],
              [
                98.08042510000007,
                4.527787600000067
              ],
              [
                98.08040120000004,
                4.527700400000072
              ],
              [
                98.08040530000005,
                4.527612100000056
              ],
              [
                98.08043610000004,
                4.527529600000037
              ],
              [
                98.08049250000005,
                4.527459100000044
              ],
              [
                98.08054070000009,
                4.52738370000003
              ],
              [
                98.08057360000004,
                4.527299600000049
              ],
              [
                98.08058010000008,
                4.527210300000036
              ],
              [
                98.08058020000004,
                4.527119900000059
              ],
              [
                98.08057260000004,
                4.527029700000071
              ],
              [
                98.08056490000007,
                4.526939600000048
              ],
              [
                98.08055540000004,
                4.526849800000036
              ],
              [
                98.08053210000008,
                4.526762400000052
              ],
              [
                98.080516,
                4.526673800000026
              ],
              [
                98.08050940000004,
                4.526583600000038
              ],
              [
                98.080534,
                4.526498600000025
              ],
              [
                98.08056960000005,
                4.526415500000041
              ],
              [
                98.080572,
                4.526326400000073
              ],
              [
                98.08055770000004,
                4.526237600000059
              ],
              [
                98.08053890000008,
                4.526150400000063
              ],
              [
                98.08056460000006,
                4.526063700000066
              ],
              [
                98.08059060000005,
                4.525977100000034
              ],
              [
                98.08061720000006,
                4.525890600000025
              ],
              [
                98.08064390000004,
                4.525804200000039
              ],
              [
                98.08062490000003,
                4.525719
              ],
              [
                98.08059370000007,
                4.52563420000007
              ],
              [
                98.08055480000007,
                4.52555250000006
              ],
              [
                98.080516,
                4.525470900000073
              ],
              [
                98.08047760000005,
                4.525389100000041
              ],
              [
                98.08043910000004,
                4.525307300000065
              ],
              [
                98.08038470000008,
                4.52523670000005
              ],
              [
                98.08031680000005,
                4.525178900000071
              ],
              [
                98.08023390000005,
                4.525143600000035
              ],
              [
                98.08016470000007,
                4.525090900000066
              ],
              [
                98.08011230000005,
                4.525017300000059
              ],
              [
                98.08005980000007,
                4.524943800000074
              ],
              [
                98.08003510000003,
                4.524862700000028
              ]
            ]
          ]
        ]
      }
    },
    {
      "type": "Feature",
      "properties": {
        "district": "Langsa Lama",
        "name": "Kecamatan Langsa Lama",
        "type": "Batas Kecamatan"
      },
      "geometry": {
        "type": "Polygon",
        "coordinates": [
          [
            [
              97.91818440000009,
              4.446596900000031
            ],
            [
              97.91882440000006,
              4.446062
            ],
            [
              97.91899050000006,
              4.445947400000023
            ],
            [
              97.91939820000005,
              4.445666200000062
            ],
            [
              97.91938520000008,
              4.44371110000003
            ],
            [
              97.92006290000006,
              4.442258
            ],
            [
              97.92134990000005,
              4.439421200000027
            ],
            [
              97.922646,
              4.437963900000057
            ],
            [
              97.92312770000007,
              4.437492100000043
            ],
            [
              97.92448970000004,
              4.436158100000057
            ],
            [
              97.925444,
              4.434979
            ],
            [
              97.92703270000004,
              4.434913400000028
            ],
            [
              97.92716610000008,
              4.434537400000067
            ],
            [
              97.92747160000005,
              4.434477700000059
            ],
            [
              97.92941740000003,
              4.434098100000028
            ],
            [
              97.93124610000007,
              4.43366160000005
            ],
            [
              97.93244320000008,
              4.433582900000033
            ],
            [
              97.93572150000006,
              4.432480600000076
            ],
            [
              97.93915350000003,
              4.436295400000063
            ],
            [
              97.94158370000008,
              4.437604700000065
            ],
            [
              97.94226420000007,
              4.437971400000038
            ],
            [
              97.94445030000009,
              4.438310200000046
            ],
            [
              97.946105,
              4.438483500000075
            ],
            [
              97.94658630000004,
              4.438533900000039
            ],
            [
              97.94762250000008,
              4.438642400000049
            ],
            [
              97.94960620000006,
              4.440325900000062
            ],
            [
              97.95235050000008,
              4.440092900000025
            ],
            [
              97.95259340000007,
              4.440965400000039
            ],
            [
              97.95293490000006,
              4.441189500000064
            ],
            [
              97.95431930000007,
              4.441093300000034
            ],
            [
              97.95605430000006,
              4.441660800000022
            ],
            [
              97.95680310000006,
              4.441453
            ],
            [
              97.95847710000004,
              4.441528600000026
            ],
            [
              97.95871040000009,
              4.441903500000024
            ],
            [
              97.958973,
              4.442336100000034
            ],
            [
              97.959666,
              4.442418300000043
            ],
            [
              97.96030060000004,
              4.442385100000024
            ],
            [
              97.96096520000003,
              4.442525400000022
            ],
            [
              97.96169240000006,
              4.442171200000075
            ],
            [
              97.962089,
              4.44231510000003
            ],
            [
              97.96259620000006,
              4.443021200000032
            ],
            [
              97.963076,
              4.44320620000002
            ],
            [
              97.96556660000005,
              4.444579400000066
            ],
            [
              97.966263,
              4.445153900000037
            ],
            [
              97.96653720000006,
              4.445142200000021
            ],
            [
              97.96687710000003,
              4.445127700000057
            ],
            [
              97.96692310000009,
              4.445125700000062
            ],
            [
              97.96679140000003,
              4.445077200000071
            ],
            [
              97.96671430000004,
              4.445062300000075
            ],
            [
              97.96658350000007,
              4.445055400000058
            ],
            [
              97.96657260000006,
              4.445055500000024
            ],
            [
              97.96646040000007,
              4.445056300000033
            ],
            [
              97.966345,
              4.445049300000051
            ],
            [
              97.96624450000007,
              4.444972800000073
            ],
            [
              97.96619790000005,
              4.444911300000058
            ],
            [
              97.966197,
              4.44478010000006
            ],
            [
              97.96619640000006,
              4.444679700000052
            ],
            [
              97.966149,
              4.444502400000033
            ],
            [
              97.96612530000004,
              4.44441
            ],
            [
              97.96611680000007,
              4.444294200000058
            ],
            [
              97.96611650000006,
              4.444240200000024
            ],
            [
              97.96614670000008,
              4.444162700000049
            ],
            [
              97.96626920000006,
              4.444069300000024
            ],
            [
              97.96649180000009,
              4.443998300000032
            ],
            [
              97.96660660000003,
              4.443912600000033
            ],
            [
              97.966714,
              4.443865500000072
            ],
            [
              97.96671330000004,
              4.443757400000038
            ],
            [
              97.96668930000004,
              4.443618600000036
            ],
            [
              97.96660410000004,
              4.443534200000045
            ],
            [
              97.96643350000005,
              4.443334600000071
            ],
            [
              97.96629390000004,
              4.443173500000057
            ],
            [
              97.96624640000005,
              4.442973
            ],
            [
              97.96634320000004,
              4.442485900000065
            ],
            [
              97.96648620000008,
              4.442021700000055
            ],
            [
              97.96668430000005,
              4.44173470000004
            ],
            [
              97.966875,
              4.441494100000057
            ],
            [
              97.96692060000004,
              4.441408800000033
            ],
            [
              97.96728170000006,
              4.441336900000067
            ],
            [
              97.96740820000008,
              4.44127960000003
            ],
            [
              97.96748980000007,
              4.441237900000033
            ],
            [
              97.96755230000008,
              4.441155300000048
            ],
            [
              97.96759280000003,
              4.441094900000053
            ],
            [
              97.96776230000006,
              4.440989400000035
            ],
            [
              97.96835790000006,
              4.44053
            ],
            [
              97.96857630000005,
              4.44035290000005
            ],
            [
              97.96901290000005,
              4.439999
            ],
            [
              97.96936020000004,
              4.439724600000034
            ],
            [
              97.96993440000006,
              4.439276500000062
            ],
            [
              97.971092,
              4.438344100000052
            ],
            [
              97.97111570000004,
              4.43820560000006
            ],
            [
              97.97102620000004,
              4.438072800000043
            ],
            [
              97.97096650000003,
              4.437984200000074
            ],
            [
              97.97092150000003,
              4.437875800000029
            ],
            [
              97.97084690000008,
              4.437772600000073
            ],
            [
              97.97080690000007,
              4.437678900000037
            ],
            [
              97.97073270000004,
              4.437625100000048
            ],
            [
              97.97063850000006,
              4.437522
            ],
            [
              97.97056870000006,
              4.437398900000062
            ],
            [
              97.97057310000008,
              4.437314900000047
            ],
            [
              97.97064150000006,
              4.437235300000054
            ],
            [
              97.97076830000003,
              4.437059100000056
            ],
            [
              97.97086550000006,
              4.43687060000002
            ],
            [
              97.97096220000009,
              4.43660310000007
            ],
            [
              97.97093140000004,
              4.436415600000032
            ],
            [
              97.97087530000005,
              4.436134300000049
            ],
            [
              97.97084880000006,
              4.435850300000027
            ],
            [
              97.97083310000005,
              4.435707100000059
            ],
            [
              97.97091120000005,
              4.435612700000036
            ],
            [
              97.97102360000008,
              4.435488400000054
            ],
            [
              97.97106180000009,
              4.435305300000039
            ],
            [
              97.97106040000006,
              4.435092900000029
            ],
            [
              97.97107130000006,
              4.434524500000066
            ],
            [
              97.97096550000003,
              4.434162100000037
            ],
            [
              97.97088610000009,
              4.434068700000068
            ],
            [
              97.97081160000005,
              4.433975300000043
            ],
            [
              97.97078110000007,
              4.433922100000075
            ],
            [
              97.970707,
              4.433793200000025
            ],
            [
              97.97060260000006,
              4.433645700000056
            ],
            [
              97.97052870000005,
              4.433463600000039
            ],
            [
              97.97050250000007,
              4.433399300000076
            ],
            [
              97.97045720000006,
              4.433251300000052
            ],
            [
              97.97040710000005,
              4.433123200000068
            ],
            [
              97.97035130000006,
              4.432879
            ],
            [
              97.97029640000005,
              4.432765700000061
            ],
            [
              97.970217,
              4.432662400000027
            ],
            [
              97.97014260000003,
              4.432578900000067
            ],
            [
              97.97004350000003,
              4.432495600000038
            ],
            [
              97.96993390000006,
              4.432293700000059
            ],
            [
              97.969928,
              4.432155400000056
            ],
            [
              97.96990140000008,
              4.43185660000006
            ],
            [
              97.96984470000007,
              4.431481500000075
            ],
            [
              97.96984840000005,
              4.431298600000048
            ],
            [
              97.96986660000005,
              4.431071200000076
            ],
            [
              97.969868,
              4.430929100000071
            ],
            [
              97.96986570000007,
              4.430928400000028
            ],
            [
              97.969868,
              4.430926700000043
            ],
            [
              97.96986950000007,
              4.43076730000007
            ],
            [
              97.96986880000009,
              4.430663500000037
            ],
            [
              97.96977560000005,
              4.430366900000024
            ],
            [
              97.96977290000007,
              4.430368100000067
            ],
            [
              97.96944890000003,
              4.429129200000034
            ],
            [
              97.96886360000008,
              4.428588
            ],
            [
              97.96846780000004,
              4.427974
            ],
            [
              97.96866810000006,
              4.427224600000045
            ],
            [
              97.96832350000005,
              4.42607380000004
            ],
            [
              97.96877070000005,
              4.426070800000048
            ],
            [
              97.96973950000006,
              4.42537770000007
            ],
            [
              97.96985920000009,
              4.425313100000039
            ],
            [
              97.97018510000004,
              4.425137100000029
            ],
            [
              97.97044540000007,
              4.424712900000031
            ],
            [
              97.97070680000007,
              4.424473500000033
            ],
            [
              97.971095,
              4.423563100000024
            ],
            [
              97.97196530000008,
              4.423831300000074
            ],
            [
              97.97272610000005,
              4.423509300000035
            ],
            [
              97.97340440000005,
              4.422659700000054
            ],
            [
              97.97430150000008,
              4.423049800000058
            ],
            [
              97.97498580000007,
              4.423098
            ],
            [
              97.97582480000005,
              4.422669800000051
            ],
            [
              97.97566360000008,
              4.422169200000042
            ],
            [
              97.97619060000005,
              4.422297700000058
            ],
            [
              97.97698820000005,
              4.422312
            ],
            [
              97.97774480000004,
              4.422604100000058
            ],
            [
              97.97847990000008,
              4.422387900000047
            ],
            [
              97.97854810000007,
              4.423078600000053
            ],
            [
              97.97854970000009,
              4.423119300000053
            ],
            [
              97.98082680000005,
              4.427046100000041
            ],
            [
              97.98146830000007,
              4.426762900000028
            ],
            [
              97.982066,
              4.426725500000032
            ],
            [
              97.98251850000008,
              4.427339200000063
            ],
            [
              97.98265030000005,
              4.427188300000068
            ],
            [
              97.98249580000004,
              4.426439200000061
            ],
            [
              97.98269240000008,
              4.42603790000004
            ],
            [
              97.98302370000005,
              4.425902300000075
            ],
            [
              97.98364180000004,
              4.426448200000038
            ],
            [
              97.98367880000006,
              4.427014700000029
            ],
            [
              97.98423650000007,
              4.428444400000046
            ],
            [
              97.98484870000004,
              4.428106900000046
            ],
            [
              97.98482960000007,
              4.427740300000039
            ],
            [
              97.985425,
              4.42736960000002
            ],
            [
              97.985811,
              4.427967100000046
            ],
            [
              97.98606810000007,
              4.427976400000034
            ],
            [
              97.98738050000009,
              4.428024200000038
            ],
            [
              97.98876740000009,
              4.428014800000028
            ],
            [
              97.98952140000006,
              4.428297400000076
            ],
            [
              97.99035390000006,
              4.429372600000022
            ],
            [
              97.99052080000007,
              4.429585300000042
            ],
            [
              97.99051210000005,
              4.429666500000053
            ],
            [
              97.989407,
              4.431229
            ],
            [
              97.98813990000008,
              4.431172400000037
            ],
            [
              97.98694890000007,
              4.431331900000032
            ],
            [
              97.98737650000004,
              4.431931
            ],
            [
              97.98747510000004,
              4.432069100000035
            ],
            [
              97.988324,
              4.433258600000045
            ],
            [
              97.98836710000006,
              4.433757200000059
            ],
            [
              97.98829130000007,
              4.43430660000007
            ],
            [
              97.98831780000006,
              4.435394500000029
            ],
            [
              97.98831870000004,
              4.435434
            ],
            [
              97.98898560000003,
              4.435549300000048
            ],
            [
              97.98902720000007,
              4.435818400000073
            ],
            [
              97.98970360000004,
              4.437340600000027
            ],
            [
              97.98999450000008,
              4.437727800000062
            ],
            [
              97.98983580000004,
              4.437778800000046
            ],
            [
              97.98982940000008,
              4.438297800000043
            ],
            [
              97.98950580000007,
              4.438978500000076
            ],
            [
              97.98978990000006,
              4.440244700000051
            ],
            [
              97.98980310000007,
              4.440303700000072
            ],
            [
              97.989872,
              4.441335
            ],
            [
              97.98991370000005,
              4.441959500000053
            ],
            [
              97.98998320000004,
              4.441949100000045
            ],
            [
              97.99022180000009,
              4.44194740000006
            ],
            [
              97.990233,
              4.442127
            ],
            [
              97.990097,
              4.442606900000044
            ],
            [
              97.99004040000005,
              4.443066300000055
            ],
            [
              97.99076150000008,
              4.44382980000006
            ],
            [
              97.991074,
              4.444476300000076
            ],
            [
              97.99136740000006,
              4.445222800000067
            ],
            [
              97.99180080000008,
              4.446088
            ],
            [
              97.99176210000007,
              4.44624790000006
            ],
            [
              97.99157750000006,
              4.44688780000007
            ],
            [
              97.99105260000005,
              4.447190800000044
            ],
            [
              97.99111230000005,
              4.447489800000028
            ],
            [
              97.99111430000005,
              4.447499700000037
            ],
            [
              97.99111410000006,
              4.447501200000033
            ],
            [
              97.990751,
              4.449647700000071
            ],
            [
              97.99075090000008,
              4.449647600000048
            ],
            [
              97.990749,
              4.449676600000032
            ],
            [
              97.99087180000004,
              4.449735800000042
            ],
            [
              97.99120010000007,
              4.449894100000051
            ],
            [
              97.99164930000006,
              4.450160500000038
            ],
            [
              97.99157250000007,
              4.45057010000005
            ],
            [
              97.99191120000006,
              4.450667600000031
            ],
            [
              97.991873,
              4.450897400000031
            ],
            [
              97.99223170000005,
              4.45101470000003
            ],
            [
              97.99220370000006,
              4.451274300000023
            ],
            [
              97.99265660000003,
              4.451404100000047
            ],
            [
              97.99440930000009,
              4.451906200000053
            ],
            [
              97.99440840000005,
              4.451911500000051
            ],
            [
              97.99441520000005,
              4.45194680000003
            ],
            [
              97.99442120000003,
              4.45197840000003
            ],
            [
              97.99448750000005,
              4.452325100000053
            ],
            [
              97.99466750000005,
              4.453548100000035
            ],
            [
              97.99672170000008,
              4.45375260000003
            ],
            [
              97.99905530000007,
              4.453984800000057
            ],
            [
              97.99905720000004,
              4.454013300000042
            ],
            [
              97.99916340000004,
              4.455595200000062
            ],
            [
              97.99917710000005,
              4.455799600000034
            ],
            [
              97.99931320000007,
              4.457097200000021
            ],
            [
              97.99948970000008,
              4.458319600000038
            ],
            [
              97.99949160000006,
              4.458332800000051
            ],
            [
              97.99952830000007,
              4.458332300000052
            ],
            [
              97.999697,
              4.458330300000057
            ],
            [
              98.00009610000006,
              4.458325600000023
            ],
            [
              98.000108,
              4.458402900000067
            ],
            [
              98.00012240000007,
              4.458495500000026
            ],
            [
              98.00022680000006,
              4.459169300000042
            ],
            [
              98.00032760000005,
              4.45981560000007
            ],
            [
              98.00034560000006,
              4.459930500000041
            ],
            [
              98.00034640000007,
              4.459932
            ],
            [
              98.00044950000006,
              4.460571500000071
            ],
            [
              98.00057410000005,
              4.461345100000074
            ],
            [
              98.00057390000006,
              4.461345900000026
            ],
            [
              98.00057740000005,
              4.461365700000044
            ],
            [
              98.00064330000004,
              4.461733500000037
            ],
            [
              98.00065290000003,
              4.461787
            ],
            [
              98.000653,
              4.46178690000005
            ],
            [
              98.00094240000004,
              4.461443200000076
            ],
            [
              98.00143060000005,
              4.461589500000059
            ],
            [
              98.00245320000005,
              4.461373
            ],
            [
              98.00269320000007,
              4.461570900000027
            ],
            [
              98.00252870000008,
              4.46224060000003
            ],
            [
              98.00198770000009,
              4.463092500000073
            ],
            [
              98.00179140000006,
              4.463473100000044
            ],
            [
              98.00350490000005,
              4.46374620000006
            ],
            [
              98.00365270000003,
              4.463769700000057
            ],
            [
              98.00500160000007,
              4.464758400000051
            ],
            [
              98.00536090000008,
              4.46495550000003
            ],
            [
              98.00575980000008,
              4.465132400000073
            ],
            [
              98.00555260000004,
              4.465363300000035
            ],
            [
              98.00533010000004,
              4.46557
            ],
            [
              98.00531990000007,
              4.465570600000035
            ],
            [
              98.00492070000007,
              4.465830400000073
            ],
            [
              98.00446030000006,
              4.465746200000069
            ],
            [
              98.00423730000006,
              4.46586
            ],
            [
              98.00418310000003,
              4.466043900000045
            ],
            [
              98.00414120000005,
              4.466185800000062
            ],
            [
              98.00444510000005,
              4.467145200000061
            ],
            [
              98.00441970000008,
              4.468272700000057
            ],
            [
              98.00441030000007,
              4.469317100000069
            ],
            [
              98.00418270000006,
              4.469849100000033
            ],
            [
              98.00289230000004,
              4.469559600000025
            ],
            [
              98.00194340000007,
              4.47089230000006
            ],
            [
              98.002145,
              4.471388200000035
            ],
            [
              98.00300560000005,
              4.47164760000004
            ],
            [
              98.00261850000004,
              4.472504700000059
            ],
            [
              98.00247490000004,
              4.472532400000034
            ],
            [
              98.00097050000005,
              4.47290090000007
            ],
            [
              97.99966280000007,
              4.473029200000042
            ],
            [
              97.99894630000006,
              4.472636100000045
            ],
            [
              97.99849160000008,
              4.472027500000024
            ],
            [
              97.99852940000005,
              4.471547500000042
            ],
            [
              97.99800260000006,
              4.471067700000049
            ],
            [
              97.99710070000003,
              4.470863700000052
            ],
            [
              97.99621960000007,
              4.470638600000029
            ],
            [
              97.99544510000004,
              4.470392300000071
            ],
            [
              97.99550360000006,
              4.47033870000007
            ],
            [
              97.99558610000008,
              4.470263200000034
            ],
            [
              97.995838,
              4.470032500000059
            ],
            [
              97.99639720000005,
              4.468921
            ],
            [
              97.99655930000006,
              4.46790210000006
            ],
            [
              97.99641140000006,
              4.466615800000056
            ],
            [
              97.99522970000004,
              4.466014700000073
            ],
            [
              97.99500760000006,
              4.46611
            ],
            [
              97.99372130000006,
              4.466661800000054
            ],
            [
              97.99295120000005,
              4.465834400000062
            ],
            [
              97.99293170000004,
              4.465482100000031
            ],
            [
              97.99285840000005,
              4.464153500000066
            ],
            [
              97.99233940000005,
              4.464369200000021
            ],
            [
              97.99187140000004,
              4.464238700000067
            ],
            [
              97.99032510000006,
              4.463807200000076
            ],
            [
              97.99021290000007,
              4.46377590000003
            ],
            [
              97.98971650000004,
              4.463693800000044
            ],
            [
              97.98925780000008,
              4.46347140000006
            ],
            [
              97.98868580000004,
              4.463654100000042
            ],
            [
              97.988297,
              4.463454600000034
            ],
            [
              97.98802530000006,
              4.463378700000021
            ],
            [
              97.98656150000005,
              4.464594
            ],
            [
              97.98586940000007,
              4.465051900000049
            ],
            [
              97.98506510000004,
              4.46558390000007
            ],
            [
              97.98443210000005,
              4.465899200000024
            ],
            [
              97.98369660000009,
              4.464942600000029
            ],
            [
              97.98369230000009,
              4.464937
            ],
            [
              97.98368950000008,
              4.464933400000064
            ],
            [
              97.98363540000008,
              4.464863
            ],
            [
              97.98353770000006,
              4.464735900000051
            ],
            [
              97.98305570000008,
              4.464063100000033
            ],
            [
              97.98288410000004,
              4.463634800000023
            ],
            [
              97.98248680000006,
              4.462642900000048
            ],
            [
              97.98176660000007,
              4.463072300000022
            ],
            [
              97.98153970000004,
              4.462729100000047
            ],
            [
              97.98153930000007,
              4.462729200000069
            ],
            [
              97.98151640000003,
              4.462746
            ],
            [
              97.98137370000006,
              4.462850700000047
            ],
            [
              97.98081980000006,
              4.463256600000022
            ],
            [
              97.98066240000009,
              4.463371900000027
            ],
            [
              97.98009930000006,
              4.463804800000048
            ],
            [
              97.979768,
              4.464059500000076
            ],
            [
              97.97918120000008,
              4.464510500000074
            ],
            [
              97.97898720000006,
              4.464245800000072
            ],
            [
              97.97897610000007,
              4.464230600000064
            ],
            [
              97.97897340000009,
              4.464227
            ],
            [
              97.97897070000005,
              4.464223300000072
            ],
            [
              97.97755990000007,
              4.462293800000054
            ],
            [
              97.97731520000008,
              4.461959200000024
            ],
            [
              97.97731220000009,
              4.461955
            ],
            [
              97.97709760000004,
              4.461838
            ],
            [
              97.97672470000003,
              4.461284700000022
            ],
            [
              97.97622830000006,
              4.460670500000049
            ],
            [
              97.97722420000008,
              4.460329800000068
            ],
            [
              97.97743860000008,
              4.460256500000071
            ],
            [
              97.97752690000004,
              4.46015680000005
            ],
            [
              97.97756420000007,
              4.460117
            ],
            [
              97.97761390000005,
              4.460057400000039
            ],
            [
              97.97766680000007,
              4.460006300000032
            ],
            [
              97.97768590000004,
              4.459985900000049
            ],
            [
              97.97768230000008,
              4.459980500000029
            ],
            [
              97.97791640000008,
              4.459699200000045
            ],
            [
              97.97790190000006,
              4.459688300000039
            ],
            [
              97.977401,
              4.459372600000052
            ],
            [
              97.97660420000005,
              4.45893030000002
            ],
            [
              97.97649940000008,
              4.458926500000075
            ],
            [
              97.97648630000003,
              4.458914900000025
            ],
            [
              97.97644570000006,
              4.458893100000068
            ],
            [
              97.97549050000003,
              4.458952300000021
            ],
            [
              97.97476410000007,
              4.458997400000044
            ],
            [
              97.97427840000006,
              4.45902760000007
            ],
            [
              97.97416920000006,
              4.45903480000004
            ],
            [
              97.97324660000004,
              4.459094
            ],
            [
              97.97283340000007,
              4.459079100000054
            ],
            [
              97.97280920000009,
              4.459078100000056
            ],
            [
              97.97227070000008,
              4.459056500000031
            ],
            [
              97.97187930000007,
              4.459015500000021
            ],
            [
              97.97187480000008,
              4.459015100000045
            ],
            [
              97.97164490000006,
              4.459659900000077
            ],
            [
              97.97164480000004,
              4.459660400000075
            ],
            [
              97.97153610000004,
              4.459955300000047
            ],
            [
              97.97150070000004,
              4.460050100000046
            ],
            [
              97.97139560000005,
              4.460337700000025
            ],
            [
              97.97119880000008,
              4.46087620000003
            ],
            [
              97.97115170000006,
              4.461011
            ],
            [
              97.97082780000005,
              4.46193820000002
            ],
            [
              97.97073980000005,
              4.46219
            ],
            [
              97.97081090000006,
              4.462399400000038
            ],
            [
              97.97089230000006,
              4.46243910000004
            ],
            [
              97.97092410000005,
              4.462454600000058
            ],
            [
              97.97110430000004,
              4.462555700000053
            ],
            [
              97.97138170000005,
              4.462838100000056
            ],
            [
              97.97151550000007,
              4.462845100000038
            ],
            [
              97.97166620000007,
              4.463009900000031
            ],
            [
              97.97207960000009,
              4.463631100000043
            ],
            [
              97.972193,
              4.463761500000032
            ],
            [
              97.97251,
              4.464125700000068
            ],
            [
              97.97252370000007,
              4.464141500000039
            ],
            [
              97.97168530000005,
              4.465100300000074
            ],
            [
              97.971502,
              4.465292200000022
            ],
            [
              97.97139070000009,
              4.465408700000069
            ],
            [
              97.97127440000008,
              4.465667900000028
            ],
            [
              97.97139150000004,
              4.465922900000066
            ],
            [
              97.97156410000008,
              4.466206500000055
            ],
            [
              97.97178480000008,
              4.466569
            ],
            [
              97.971926,
              4.466815700000041
            ],
            [
              97.97192040000004,
              4.466834800000072
            ],
            [
              97.97183610000008,
              4.467124500000068
            ],
            [
              97.97179080000006,
              4.467280300000027
            ],
            [
              97.971787,
              4.467293200000029
            ],
            [
              97.97171020000008,
              4.467437200000063
            ],
            [
              97.97166850000008,
              4.467515400000025
            ],
            [
              97.97162280000003,
              4.467601200000047
            ],
            [
              97.97152260000007,
              4.467830500000048
            ],
            [
              97.97138020000006,
              4.468156400000055
            ],
            [
              97.971247,
              4.468352100000061
            ],
            [
              97.97110580000003,
              4.468374200000028
            ],
            [
              97.97099510000004,
              4.468391500000052
            ],
            [
              97.97069940000006,
              4.468296600000031
            ],
            [
              97.97038580000009,
              4.468328400000075
            ],
            [
              97.970293,
              4.468332800000042
            ],
            [
              97.970167,
              4.468338900000049
            ],
            [
              97.97010340000008,
              4.468353
            ],
            [
              97.96954760000006,
              4.468400600000052
            ],
            [
              97.96874430000008,
              4.468431100000032
            ],
            [
              97.96852220000005,
              4.468341900000041
            ],
            [
              97.96852980000006,
              4.467860300000041
            ],
            [
              97.96862720000007,
              4.467750200000069
            ],
            [
              97.96857540000008,
              4.467559900000026
            ],
            [
              97.968557,
              4.467546700000071
            ],
            [
              97.96834070000006,
              4.467392400000051
            ],
            [
              97.96800220000006,
              4.467240100000026
            ],
            [
              97.96770390000006,
              4.467216800000074
            ],
            [
              97.96738060000007,
              4.467233300000032
            ],
            [
              97.96723010000005,
              4.46715770000003
            ],
            [
              97.96723830000008,
              4.467146
            ],
            [
              97.96683230000008,
              4.467004300000042
            ],
            [
              97.96682590000006,
              4.467019300000061
            ],
            [
              97.96682590000006,
              4.467018800000062
            ],
            [
              97.96679050000006,
              4.467009400000052
            ],
            [
              97.96662610000004,
              4.467062400000032
            ],
            [
              97.96651990000004,
              4.467115500000034
            ],
            [
              97.96624480000008,
              4.466978400000073
            ],
            [
              97.96589320000004,
              4.466586800000073
            ],
            [
              97.96566590000003,
              4.466492500000072
            ],
            [
              97.96547770000006,
              4.466414500000042
            ],
            [
              97.96462960000008,
              4.466781400000059
            ],
            [
              97.964421,
              4.467055400000049
            ],
            [
              97.96435140000006,
              4.467146900000046
            ],
            [
              97.96412780000009,
              4.467028500000026
            ],
            [
              97.96397250000007,
              4.466944100000035
            ],
            [
              97.96393580000006,
              4.466910400000074
            ],
            [
              97.96392470000006,
              4.466917400000057
            ],
            [
              97.96392410000004,
              4.466917800000033
            ],
            [
              97.96387560000005,
              4.466948400000035
            ],
            [
              97.96373730000005,
              4.467035800000076
            ],
            [
              97.96366870000008,
              4.467079100000035
            ],
            [
              97.96359780000006,
              4.467297700000074
            ],
            [
              97.96353580000005,
              4.467462600000033
            ],
            [
              97.96351370000008,
              4.467521500000032
            ],
            [
              97.96346830000005,
              4.467585500000041
            ],
            [
              97.96341210000008,
              4.467664800000023
            ],
            [
              97.96322070000008,
              4.467870900000037
            ],
            [
              97.96318380000008,
              4.467884200000071
            ],
            [
              97.96295370000007,
              4.467966800000056
            ],
            [
              97.962915,
              4.467980700000055
            ],
            [
              97.96287790000008,
              4.467994
            ],
            [
              97.96279260000006,
              4.468024600000035
            ],
            [
              97.96254760000005,
              4.467903700000022
            ],
            [
              97.96236830000004,
              4.467803700000047
            ],
            [
              97.96232370000007,
              4.467815800000039
            ],
            [
              97.96216150000004,
              4.467859800000042
            ],
            [
              97.96206660000007,
              4.468031800000063
            ],
            [
              97.96188,
              4.468335
            ],
            [
              97.96171870000006,
              4.468561700000066
            ],
            [
              97.96161430000006,
              4.46870830000006
            ],
            [
              97.96159660000006,
              4.46887520000007
            ],
            [
              97.961584,
              4.468993900000044
            ],
            [
              97.96156370000006,
              4.469171700000061
            ],
            [
              97.96121590000007,
              4.469303300000036
            ],
            [
              97.96067410000006,
              4.469312400000035
            ],
            [
              97.960282,
              4.46923970000006
            ],
            [
              97.96003960000007,
              4.469090600000072
            ],
            [
              97.95981070000005,
              4.46855910000005
            ],
            [
              97.95968870000007,
              4.467967600000065
            ],
            [
              97.95957990000005,
              4.467346500000076
            ],
            [
              97.95942420000006,
              4.467203
            ],
            [
              97.95942350000007,
              4.467202800000052
            ],
            [
              97.95942230000009,
              4.467202600000064
            ],
            [
              97.95940910000007,
              4.467199900000026
            ],
            [
              97.95939050000004,
              4.467207
            ],
            [
              97.95899810000009,
              4.467357800000059
            ],
            [
              97.958887,
              4.467400400000031
            ],
            [
              97.95878860000005,
              4.467510100000027
            ],
            [
              97.95865970000006,
              4.467653700000028
            ],
            [
              97.95843210000004,
              4.467863200000068
            ],
            [
              97.95813960000004,
              4.468149700000026
            ],
            [
              97.95794840000008,
              4.468242500000031
            ],
            [
              97.95770490000007,
              4.46836060000004
            ],
            [
              97.95762420000005,
              4.468346200000042
            ],
            [
              97.95741010000006,
              4.46830790000007
            ],
            [
              97.95729830000005,
              4.468553800000052
            ],
            [
              97.95727040000008,
              4.468615300000067
            ],
            [
              97.95731640000008,
              4.468976200000043
            ],
            [
              97.957385,
              4.469446300000072
            ],
            [
              97.95735120000006,
              4.46955550000007
            ],
            [
              97.95734820000007,
              4.469556900000043
            ],
            [
              97.95731290000003,
              4.469679800000051
            ],
            [
              97.95732460000005,
              4.470188600000029
            ],
            [
              97.957325,
              4.470246700000075
            ],
            [
              97.95732560000005,
              4.47033730000004
            ],
            [
              97.95693180000006,
              4.470457700000054
            ],
            [
              97.95665540000005,
              4.470346200000051
            ],
            [
              97.95660370000007,
              4.470325400000036
            ],
            [
              97.95594180000006,
              4.469233300000042
            ],
            [
              97.95593380000008,
              4.46922
            ],
            [
              97.95592780000004,
              4.469210100000055
            ],
            [
              97.95591470000005,
              4.46918850000003
            ],
            [
              97.95553190000004,
              4.469708
            ],
            [
              97.95519560000008,
              4.469952600000056
            ],
            [
              97.95472890000008,
              4.469966500000055
            ],
            [
              97.95412810000005,
              4.469750400000066
            ],
            [
              97.95413420000006,
              4.469731600000046
            ],
            [
              97.95378680000005,
              4.469227600000067
            ],
            [
              97.95316770000005,
              4.469231800000045
            ],
            [
              97.95236720000008,
              4.469547900000066
            ],
            [
              97.95198260000006,
              4.469590100000062
            ],
            [
              97.95192040000006,
              4.469597
            ],
            [
              97.95163440000005,
              4.469702500000039
            ],
            [
              97.95145190000005,
              4.46984180000004
            ],
            [
              97.951177,
              4.469889700000067
            ],
            [
              97.95058290000009,
              4.470204400000057
            ],
            [
              97.95033610000007,
              4.470417300000065
            ],
            [
              97.95032710000004,
              4.470452600000044
            ],
            [
              97.950099,
              4.470261
            ],
            [
              97.95006210000008,
              4.469963
            ],
            [
              97.95009640000006,
              4.469866300000035
            ],
            [
              97.95021370000006,
              4.469119800000044
            ],
            [
              97.950198,
              4.468729500000052
            ],
            [
              97.95000390000007,
              4.468458800000064
            ],
            [
              97.94984360000007,
              4.468021300000032
            ],
            [
              97.94998150000004,
              4.467730800000027
            ],
            [
              97.95000910000005,
              4.46761680000003
            ],
            [
              97.950024,
              4.467555100000027
            ],
            [
              97.95009210000006,
              4.467273900000066
            ],
            [
              97.95007590000006,
              4.467203100000063
            ],
            [
              97.95003990000004,
              4.467045900000073
            ],
            [
              97.95001760000008,
              4.467036600000029
            ],
            [
              97.950006,
              4.467031800000029
            ],
            [
              97.94984550000004,
              4.467003600000055
            ],
            [
              97.94965470000005,
              4.467224200000032
            ],
            [
              97.94959360000007,
              4.467267400000026
            ],
            [
              97.94914290000008,
              4.467586200000028
            ],
            [
              97.94907180000007,
              4.467636500000026
            ],
            [
              97.94882820000004,
              4.467808800000057
            ],
            [
              97.94863490000006,
              4.467661
            ],
            [
              97.94855460000008,
              4.467415900000049
            ],
            [
              97.94846620000004,
              4.467267400000026
            ],
            [
              97.94826390000009,
              4.466971600000022
            ],
            [
              97.94826310000008,
              4.466970500000059
            ],
            [
              97.94804440000007,
              4.466936900000064
            ],
            [
              97.94800640000005,
              4.466995
            ],
            [
              97.94788860000006,
              4.467174800000066
            ],
            [
              97.94771420000006,
              4.467237400000045
            ],
            [
              97.94750390000007,
              4.467151100000024
            ],
            [
              97.94728370000007,
              4.466906900000026
            ],
            [
              97.94716860000005,
              4.46667960000002
            ],
            [
              97.94702180000007,
              4.466617700000029
            ],
            [
              97.94698450000004,
              4.466601900000057
            ],
            [
              97.94687980000003,
              4.466637700000035
            ],
            [
              97.94643220000006,
              4.46636
            ],
            [
              97.94584990000004,
              4.465565600000048
            ],
            [
              97.94577760000004,
              4.465215200000046
            ],
            [
              97.94558350000005,
              4.464944500000058
            ],
            [
              97.94540810000007,
              4.46484920000006
            ],
            [
              97.94522960000006,
              4.464831900000036
            ],
            [
              97.94515440000004,
              4.464824600000043
            ],
            [
              97.94503130000004,
              4.464720200000045
            ],
            [
              97.94486580000006,
              4.46480020000007
            ],
            [
              97.94478870000006,
              4.465037600000073
            ],
            [
              97.94483380000008,
              4.465247900000065
            ],
            [
              97.94501120000007,
              4.465623900000026
            ],
            [
              97.94495940000007,
              4.465720800000042
            ],
            [
              97.94482850000009,
              4.465756700000043
            ],
            [
              97.944688,
              4.465661200000056
            ],
            [
              97.94455850000008,
              4.46589890000007
            ],
            [
              97.94457750000004,
              4.466126900000063
            ],
            [
              97.94475350000005,
              4.466309900000056
            ],
            [
              97.94494580000008,
              4.466299900000024
            ],
            [
              97.94510380000008,
              4.466404100000034
            ],
            [
              97.94508720000005,
              4.466527
            ],
            [
              97.94500450000004,
              4.466907
            ],
            [
              97.94455990000006,
              4.467414400000052
            ],
            [
              97.943949,
              4.467561100000069
            ],
            [
              97.94371090000004,
              4.467891700000052
            ],
            [
              97.94356490000007,
              4.467853500000047
            ],
            [
              97.94354980000008,
              4.467850300000066
            ],
            [
              97.94345340000007,
              4.467829700000038
            ],
            [
              97.94318520000007,
              4.467512400000032
            ],
            [
              97.94299230000007,
              4.466803900000059
            ],
            [
              97.94285780000007,
              4.466095
            ],
            [
              97.94292030000008,
              4.46574940000005
            ],
            [
              97.94245350000006,
              4.465250100000048
            ],
            [
              97.94244790000005,
              4.465244100000064
            ],
            [
              97.94243950000003,
              4.465235200000052
            ],
            [
              97.94243020000005,
              4.46522520000002
            ],
            [
              97.94184720000004,
              4.465378900000076
            ],
            [
              97.94099720000008,
              4.465378200000032
            ],
            [
              97.94083250000006,
              4.465008100000034
            ],
            [
              97.94085540000003,
              4.464552
            ],
            [
              97.94099050000005,
              4.464375300000029
            ],
            [
              97.94128760000007,
              4.464177900000038
            ],
            [
              97.94126060000008,
              4.464015300000028
            ],
            [
              97.94041380000004,
              4.463532600000065
            ],
            [
              97.940333,
              4.463601700000027
            ],
            [
              97.94009120000004,
              4.463808300000039
            ],
            [
              97.93988530000007,
              4.464063700000054
            ],
            [
              97.93979690000003,
              4.464435500000036
            ],
            [
              97.94048330000004,
              4.465179700000022
            ],
            [
              97.94049080000008,
              4.465336
            ],
            [
              97.94022550000005,
              4.465448500000036
            ],
            [
              97.93983620000006,
              4.465444600000069
            ],
            [
              97.93960190000007,
              4.465348500000061
            ],
            [
              97.93934380000007,
              4.465558600000065
            ],
            [
              97.93909880000007,
              4.46579470000006
            ],
            [
              97.93909390000005,
              4.46579250000002
            ],
            [
              97.93892960000005,
              4.465717700000027
            ],
            [
              97.938857,
              4.46553590000002
            ],
            [
              97.93891940000003,
              4.465164300000026
            ],
            [
              97.93905410000008,
              4.464935400000059
            ],
            [
              97.93930090000003,
              4.464009
            ],
            [
              97.93914990000007,
              4.463743
            ],
            [
              97.93913150000009,
              4.463731600000074
            ],
            [
              97.93912470000004,
              4.463747300000023
            ],
            [
              97.93891640000004,
              4.463584600000047
            ],
            [
              97.93879490000006,
              4.463355600000057
            ],
            [
              97.93867180000007,
              4.462896700000044
            ],
            [
              97.93847530000005,
              4.462865200000067
            ],
            [
              97.93841090000006,
              4.462865600000043
            ],
            [
              97.93825730000003,
              4.462866700000063
            ],
            [
              97.93831430000006,
              4.463249400000052
            ],
            [
              97.93821780000007,
              4.463490800000045
            ],
            [
              97.93821890000004,
              4.463655
            ],
            [
              97.93805580000009,
              4.463721700000065
            ],
            [
              97.93790370000005,
              4.463810300000034
            ],
            [
              97.93779430000006,
              4.463756300000057
            ],
            [
              97.93761950000004,
              4.463702800000021
            ],
            [
              97.937444,
              4.463550700000042
            ],
            [
              97.93663250000009,
              4.46287760000007
            ],
            [
              97.93646290000004,
              4.462945800000057
            ],
            [
              97.936328,
              4.463000100000045
            ],
            [
              97.93632910000008,
              4.463164200000051
            ],
            [
              97.936363,
              4.463350100000071
            ],
            [
              97.93630970000004,
              4.463525600000025
            ],
            [
              97.93624530000005,
              4.463679200000058
            ],
            [
              97.93603820000004,
              4.463691600000061
            ],
            [
              97.93598360000004,
              4.463681
            ],
            [
              97.93591740000005,
              4.463572
            ],
            [
              97.93589460000004,
              4.463429900000051
            ],
            [
              97.93596940000003,
              4.46319950000003
            ],
            [
              97.93534490000008,
              4.462755
            ],
            [
              97.93515980000006,
              4.4628
            ],
            [
              97.93501880000008,
              4.462921400000027
            ],
            [
              97.93480230000006,
              4.463152700000023
            ],
            [
              97.93472580000008,
              4.463410400000043
            ],
            [
              97.93466110000008,
              4.463703600000031
            ],
            [
              97.93437140000003,
              4.463954500000057
            ],
            [
              97.93438060000005,
              4.464132100000029
            ],
            [
              97.93453730000004,
              4.464292700000044
            ],
            [
              97.93458190000007,
              4.464434700000027
            ],
            [
              97.93461630000007,
              4.464686200000074
            ],
            [
              97.93461860000008,
              4.464816400000075
            ],
            [
              97.93471670000008,
              4.465024800000037
            ],
            [
              97.93474,
              4.465254500000071
            ],
            [
              97.93460950000008,
              4.465310100000067
            ],
            [
              97.93447880000008,
              4.465332900000021
            ],
            [
              97.93433570000008,
              4.465136800000039
            ],
            [
              97.93410520000003,
              4.464908500000035
            ],
            [
              97.93401820000008,
              4.464849800000025
            ],
            [
              97.93386420000007,
              4.464746
            ],
            [
              97.93377530000004,
              4.464494900000034
            ],
            [
              97.93365340000008,
              4.464211100000057
            ],
            [
              97.93343360000006,
              4.463949900000046
            ],
            [
              97.93334630000004,
              4.463950500000067
            ],
            [
              97.93323630000003,
              4.463798
            ],
            [
              97.93303870000005,
              4.46361330000002
            ],
            [
              97.93277670000003,
              4.46356030000004
            ],
            [
              97.93268770000009,
              4.463298300000076
            ],
            [
              97.93277330000006,
              4.463056900000026
            ],
            [
              97.932764,
              4.462921800000061
            ],
            [
              97.932846,
              4.462509200000056
            ],
            [
              97.93297590000009,
              4.462376900000038
            ],
            [
              97.93315010000003,
              4.462332
            ],
            [
              97.93334640000006,
              4.462330700000052
            ],
            [
              97.93366240000006,
              4.462295700000027
            ],
            [
              97.93384750000007,
              4.462250700000027
            ],
            [
              97.93397780000004,
              4.462162200000023
            ],
            [
              97.93387640000003,
              4.461681300000066
            ],
            [
              97.93383440000008,
              4.461409500000059
            ],
            [
              97.93383080000007,
              4.461386100000027
            ],
            [
              97.93392810000006,
              4.461254100000076
            ],
            [
              97.93404740000005,
              4.46116580000006
            ],
            [
              97.93411210000005,
              4.461055900000076
            ],
            [
              97.934222,
              4.460983800000065
            ],
            [
              97.93430020000005,
              4.460832700000026
            ],
            [
              97.93429430000003,
              4.460573100000033
            ],
            [
              97.934227,
              4.460289
            ],
            [
              97.93411060000005,
              4.460137800000041
            ],
            [
              97.93387490000003,
              4.459831700000052
            ],
            [
              97.93355770000005,
              4.45968060000007
            ],
            [
              97.93323110000006,
              4.459770300000059
            ],
            [
              97.93306730000006,
              4.459738600000037
            ],
            [
              97.93281650000006,
              4.459729400000072
            ],
            [
              97.932566,
              4.45978580000002
            ],
            [
              97.93249140000006,
              4.460049
            ],
            [
              97.93229660000009,
              4.460269200000027
            ],
            [
              97.93213290000006,
              4.460248400000069
            ],
            [
              97.93200130000008,
              4.460139800000036
            ],
            [
              97.93191090000005,
              4.459669800000029
            ],
            [
              97.93183350000004,
              4.459506100000056
            ],
            [
              97.93170090000007,
              4.459244400000046
            ],
            [
              97.93185170000004,
              4.458969700000068
            ],
            [
              97.93197180000004,
              4.458979900000031
            ],
            [
              97.93214590000008,
              4.458934900000031
            ],
            [
              97.93229820000005,
              4.45886820000004
            ],
            [
              97.93242780000008,
              4.458681300000023
            ],
            [
              97.93255080000006,
              4.458464700000036
            ],
            [
              97.93265380000008,
              4.458242
            ],
            [
              97.93264180000006,
              4.458077900000035
            ],
            [
              97.93267090000006,
              4.457906100000059
            ],
            [
              97.93267330000003,
              4.457891600000039
            ],
            [
              97.93260720000006,
              4.45778260000003
            ],
            [
              97.93247570000005,
              4.457695900000033
            ],
            [
              97.93228990000006,
              4.457631500000048
            ],
            [
              97.93200640000003,
              4.45763340000002
            ],
            [
              97.93171190000004,
              4.457624400000043
            ],
            [
              97.93154930000009,
              4.457778800000028
            ],
            [
              97.93135440000003,
              4.457977100000051
            ],
            [
              97.93115930000005,
              4.458164500000066
            ],
            [
              97.93099610000007,
              4.458209300000021
            ],
            [
              97.93072390000003,
              4.458276800000021
            ],
            [
              97.93042870000005,
              4.458169400000031
            ],
            [
              97.93024280000009,
              4.457932400000061
            ],
            [
              97.93024,
              4.45766720000006
            ],
            [
              97.93020560000008,
              4.45741570000007
            ],
            [
              97.93001840000005,
              4.457143300000041
            ],
            [
              97.92963680000008,
              4.457156800000064
            ],
            [
              97.92960020000004,
              4.45719710000003
            ],
            [
              97.92950690000004,
              4.4573
            ],
            [
              97.92944290000008,
              4.457519300000058
            ],
            [
              97.92936780000008,
              4.457694900000035
            ],
            [
              97.92916090000006,
              4.457751100000053
            ],
            [
              97.92896420000005,
              4.457675800000061
            ],
            [
              97.92880990000003,
              4.457436
            ],
            [
              97.92861080000006,
              4.457021400000031
            ],
            [
              97.92847710000007,
              4.456595500000049
            ],
            [
              97.92828970000005,
              4.456290300000035
            ],
            [
              97.92811320000004,
              4.455985
            ],
            [
              97.92800410000007,
              4.455812500000036
            ],
            [
              97.92789270000009,
              4.455636300000037
            ],
            [
              97.92773930000004,
              4.455527800000027
            ],
            [
              97.92754210000004,
              4.455386900000065
            ],
            [
              97.92732470000004,
              4.455486900000039
            ],
            [
              97.92705550000005,
              4.456003100000032
            ],
            [
              97.92685970000008,
              4.456070100000034
            ],
            [
              97.92679420000007,
              4.456070500000067
            ],
            [
              97.92672870000007,
              4.45604910000003
            ],
            [
              97.92666270000007,
              4.455972900000063
            ],
            [
              97.92665090000008,
              4.455830700000035
            ],
            [
              97.92660610000007,
              4.455666800000074
            ],
            [
              97.92651750000005,
              4.455459400000052
            ],
            [
              97.92629780000004,
              4.455220100000076
            ],
            [
              97.92608960000007,
              4.45506830000005
            ],
            [
              97.92580450000008,
              4.454829400000051
            ],
            [
              97.92550970000008,
              4.454776700000025
            ],
            [
              97.92533440000005,
              4.454657500000053
            ],
            [
              97.92505,
              4.454517100000032
            ],
            [
              97.92484420000005,
              4.454556100000048
            ],
            [
              97.92481030000005,
              4.454562500000065
            ],
            [
              97.92475590000004,
              4.45486470000003
            ],
            [
              97.92477020000007,
              4.455088100000069
            ],
            [
              97.92481570000007,
              4.455361400000072
            ],
            [
              97.924959,
              4.45559030000004
            ],
            [
              97.92510230000005,
              4.455819200000064
            ],
            [
              97.92519070000009,
              4.455993700000022
            ],
            [
              97.92516480000006,
              4.456331200000022
            ],
            [
              97.92496560000006,
              4.456586300000026
            ],
            [
              97.92475940000008,
              4.456729900000028
            ],
            [
              97.92456380000004,
              4.456840700000043
            ],
            [
              97.92448680000007,
              4.456742700000063
            ],
            [
              97.92446360000008,
              4.456524
            ],
            [
              97.92454960000003,
              4.45633730000003
            ],
            [
              97.92465660000005,
              4.45604110000005
            ],
            [
              97.92452470000006,
              4.455877800000053
            ],
            [
              97.92442570000009,
              4.455747100000053
            ],
            [
              97.92431650000003,
              4.455726
            ],
            [
              97.92400030000005,
              4.455739
            ],
            [
              97.92386910000005,
              4.455685200000062
            ],
            [
              97.92375930000009,
              4.455576500000063
            ],
            [
              97.92362690000004,
              4.455347500000073
            ],
            [
              97.92342850000006,
              4.455031500000075
            ],
            [
              97.92322990000008,
              4.454682500000047
            ],
            [
              97.92298740000007,
              4.454290200000059
            ],
            [
              97.92279960000008,
              4.453930200000059
            ],
            [
              97.92265640000005,
              4.45372320000007
            ],
            [
              97.92257860000007,
              4.453493900000069
            ],
            [
              97.92249020000008,
              4.453330300000061
            ],
            [
              97.92229260000005,
              4.453123700000049
            ],
            [
              97.92217190000008,
              4.453015100000073
            ],
            [
              97.92202860000003,
              4.452786200000048
            ],
            [
              97.92178740000008,
              4.452590800000053
            ],
            [
              97.92154650000003,
              4.452450100000021
            ],
            [
              97.92109970000007,
              4.452496900000028
            ],
            [
              97.92095790000008,
              4.452486900000054
            ],
            [
              97.92073850000008,
              4.452291400000036
            ],
            [
              97.920486,
              4.452041300000076
            ],
            [
              97.92016850000005,
              4.451846400000022
            ],
            [
              97.91986170000007,
              4.451629600000047
            ],
            [
              97.91954330000004,
              4.451303400000029
            ],
            [
              97.91931230000006,
              4.451071300000024
            ],
            [
              97.91901730000006,
              4.451085800000044
            ],
            [
              97.91900220000008,
              4.451094500000067
            ],
            [
              97.91875040000008,
              4.451285100000064
            ],
            [
              97.91864830000009,
              4.451310300000046
            ],
            [
              97.91871750000007,
              4.450722600000063
            ],
            [
              97.91864440000006,
              4.450100200000065
            ],
            [
              97.91863920000009,
              4.449315900000045
            ],
            [
              97.91849790000003,
              4.448809400000073
            ],
            [
              97.91828680000003,
              4.448164900000052
            ],
            [
              97.91818780000006,
              4.447104400000057
            ],
            [
              97.91818440000009,
              4.446596900000031
            ]
          ]
        ]
      }
    },
    {
      "type": "Feature",
      "properties": {
        "district": "Langsa Barat",
        "name": "Kecamatan Langsa Barat",
        "type": "Batas Kecamatan"
      },
      "geometry": {
        "type": "MultiPolygon",
        "coordinates": [
          [
            [
              [
                97.95626620000007,
                4.507117100000073
              ],
              [
                97.95627830000006,
                4.507099200000027
              ],
              [
                97.95633720000006,
                4.507012400000065
              ],
              [
                97.95651390000006,
                4.506814600000041
              ],
              [
                97.95650910000006,
                4.506789100000049
              ],
              [
                97.95647270000006,
                4.506595600000026
              ],
              [
                97.95645980000006,
                4.506527300000073
              ],
              [
                97.95647270000006,
                4.506522
              ],
              [
                97.95665220000006,
                4.506448500000033
              ],
              [
                97.95691240000008,
                4.506342
              ],
              [
                97.95698260000006,
                4.506319900000051
              ],
              [
                97.95708060000004,
                4.506226100000049
              ],
              [
                97.95716320000008,
                4.506147
              ],
              [
                97.95712870000006,
                4.506061
              ],
              [
                97.95697830000006,
                4.505686800000035
              ],
              [
                97.95681710000008,
                4.505337200000042
              ],
              [
                97.95681560000008,
                4.505333900000039
              ],
              [
                97.95681780000007,
                4.505320900000072
              ],
              [
                97.95685670000006,
                4.505097700000022
              ],
              [
                97.95685670000006,
                4.505097500000034
              ],
              [
                97.95683420000006,
                4.504939900000068
              ],
              [
                97.95683640000004,
                4.504888100000073
              ],
              [
                97.95683830000007,
                4.504844500000047
              ],
              [
                97.95687610000004,
                4.504802100000063
              ],
              [
                97.95689980000009,
                4.504775300000063
              ],
              [
                97.95704130000007,
                4.50466
              ],
              [
                97.957224,
                4.503933
              ],
              [
                97.957523,
                4.503559
              ],
              [
                97.95792990000007,
                4.50305
              ],
              [
                97.95846420000004,
                4.502381600000035
              ],
              [
                97.95894210000006,
                4.502038200000072
              ],
              [
                97.95928430000004,
                4.501792200000068
              ],
              [
                97.95981710000007,
                4.501409300000034
              ],
              [
                97.96015530000005,
                4.501190700000052
              ],
              [
                97.96016990000004,
                4.501133400000072
              ],
              [
                97.96017760000007,
                4.501103200000045
              ],
              [
                97.96020730000004,
                4.500986500000067
              ],
              [
                97.96017190000003,
                4.500841600000058
              ],
              [
                97.96017350000005,
                4.500827
              ],
              [
                97.96015810000006,
                4.500770200000034
              ],
              [
                97.96012080000008,
                4.500632400000029
              ],
              [
                97.959988,
                4.500142600000061
              ],
              [
                97.95968410000006,
                4.500228100000072
              ],
              [
                97.95951580000008,
                4.500260700000069
              ],
              [
                97.95925750000004,
                4.500321400000075
              ],
              [
                97.95899930000007,
                4.500394
              ],
              [
                97.95842040000008,
                4.500563200000045
              ],
              [
                97.95818380000009,
                4.500582
              ],
              [
                97.95839480000006,
                4.49956190000006
              ],
              [
                97.95839950000004,
                4.49953940000006
              ],
              [
                97.95799810000005,
                4.499456400000042
              ],
              [
                97.95813060000006,
                4.498710300000027
              ],
              [
                97.95830220000005,
                4.498731
              ],
              [
                97.95847070000008,
                4.498737700000049
              ],
              [
                97.95870590000004,
                4.498732200000063
              ],
              [
                97.95890160000005,
                4.498703300000045
              ],
              [
                97.95896830000004,
                4.498702900000069
              ],
              [
                97.958835,
                4.497904400000039
              ],
              [
                97.95884920000003,
                4.497901300000024
              ],
              [
                97.95869220000009,
                4.497486500000036
              ],
              [
                97.95919550000008,
                4.497193300000049
              ],
              [
                97.95918960000006,
                4.497171200000025
              ],
              [
                97.95916080000006,
                4.497063400000059
              ],
              [
                97.95901770000006,
                4.496528300000023
              ],
              [
                97.95900210000008,
                4.496470100000067
              ],
              [
                97.95864830000005,
                4.495800600000052
              ],
              [
                97.95854870000005,
                4.495612200000039
              ],
              [
                97.958497,
                4.49551450000007
              ],
              [
                97.95834750000006,
                4.495231600000068
              ],
              [
                97.95828470000004,
                4.495112600000027
              ],
              [
                97.95823980000006,
                4.495038700000066
              ],
              [
                97.95820470000007,
                4.494959800000061
              ],
              [
                97.95815490000007,
                4.494968100000051
              ],
              [
                97.95791490000005,
                4.495007800000053
              ],
              [
                97.95722910000006,
                4.495067500000062
              ],
              [
                97.95691980000004,
                4.49509450000005
              ],
              [
                97.95691920000007,
                4.49509450000005
              ],
              [
                97.95691770000008,
                4.495094700000038
              ],
              [
                97.95697490000003,
                4.494839700000057
              ],
              [
                97.95705220000008,
                4.494494800000041
              ],
              [
                97.95730440000006,
                4.493476
              ],
              [
                97.95732020000008,
                4.493411800000047
              ],
              [
                97.95732720000007,
                4.493379
              ],
              [
                97.957556,
                4.492296400000043
              ],
              [
                97.95770730000004,
                4.49158060000002
              ],
              [
                97.957912,
                4.490612
              ],
              [
                97.95808840000007,
                4.489777700000047
              ],
              [
                97.95815550000003,
                4.489422800000057
              ],
              [
                97.95828460000007,
                4.488740600000028
              ],
              [
                97.95836010000005,
                4.488341600000069
              ],
              [
                97.95853090000008,
                4.487438700000041
              ],
              [
                97.95854080000004,
                4.487389600000029
              ],
              [
                97.95860940000006,
                4.487049100000036
              ],
              [
                97.95864530000006,
                4.486871200000053
              ],
              [
                97.95786360000005,
                4.487033600000075
              ],
              [
                97.95785280000007,
                4.487035900000024
              ],
              [
                97.957801,
                4.487026400000047
              ],
              [
                97.957457,
                4.486963500000059
              ],
              [
                97.95740050000006,
                4.486953200000073
              ],
              [
                97.95734130000005,
                4.486878700000034
              ],
              [
                97.957266,
                4.486775600000044
              ],
              [
                97.95726860000008,
                4.486603400000035
              ],
              [
                97.95726950000005,
                4.486542
              ],
              [
                97.95727420000009,
                4.486526200000071
              ],
              [
                97.95728270000006,
                4.486498
              ],
              [
                97.95736550000004,
                4.486247300000059
              ],
              [
                97.95824270000008,
                4.486029900000062
              ],
              [
                97.95824450000003,
                4.486029500000029
              ],
              [
                97.95824550000003,
                4.486029200000075
              ],
              [
                97.95858370000008,
                4.485996500000056
              ],
              [
                97.95859050000007,
                4.485995800000069
              ],
              [
                97.95867380000004,
                4.486104400000045
              ],
              [
                97.95876580000004,
                4.486224200000038
              ],
              [
                97.95876590000006,
                4.486223900000027
              ],
              [
                97.95883930000008,
                4.485980700000027
              ],
              [
                97.95886830000006,
                4.48588460000002
              ],
              [
                97.95887210000006,
                4.485883900000033
              ],
              [
                97.95913440000004,
                4.485831400000052
              ],
              [
                97.95960920000005,
                4.485736300000042
              ],
              [
                97.95987040000006,
                4.485686500000043
              ],
              [
                97.95996510000003,
                4.485653500000069
              ],
              [
                97.960516,
                4.485461600000065
              ],
              [
                97.960744,
                4.485385600000029
              ],
              [
                97.96131020000007,
                4.485202700000059
              ],
              [
                97.96155350000004,
                4.485124100000064
              ],
              [
                97.96166330000005,
                4.485094100000026
              ],
              [
                97.96189460000005,
                4.485030800000061
              ],
              [
                97.96201460000003,
                4.484998
              ],
              [
                97.96204910000006,
                4.484988800000053
              ],
              [
                97.96248990000004,
                4.484872200000041
              ],
              [
                97.96295960000003,
                4.484761700000035
              ],
              [
                97.96302630000008,
                4.484746
              ],
              [
                97.96302360000004,
                4.484734800000069
              ],
              [
                97.96301540000007,
                4.4847
              ],
              [
                97.96291490000004,
                4.484276
              ],
              [
                97.96291320000006,
                4.484268900000075
              ],
              [
                97.962741,
                4.484064700000033
              ],
              [
                97.96272930000003,
                4.484047300000043
              ],
              [
                97.96272270000009,
                4.484035900000038
              ],
              [
                97.96288010000006,
                4.483975100000066
              ],
              [
                97.96382580000005,
                4.483609700000045
              ],
              [
                97.96382620000009,
                4.483610500000054
              ],
              [
                97.96383270000007,
                4.483607900000038
              ],
              [
                97.96393,
                4.483787500000062
              ],
              [
                97.96401410000004,
                4.483942700000057
              ],
              [
                97.96432970000006,
                4.483791
              ],
              [
                97.96433370000005,
                4.483789100000024
              ],
              [
                97.964392,
                4.483917
              ],
              [
                97.96457750000008,
                4.484323800000027
              ],
              [
                97.96467590000003,
                4.484539700000028
              ],
              [
                97.96482190000006,
                4.48485990000006
              ],
              [
                97.96482590000005,
                4.484857900000065
              ],
              [
                97.96509910000003,
                4.484724400000061
              ],
              [
                97.96514610000008,
                4.484701500000028
              ],
              [
                97.96527920000005,
                4.48507660000007
              ],
              [
                97.96529510000005,
                4.48512160000007
              ],
              [
                97.96537140000004,
                4.48507660000007
              ],
              [
                97.96642220000007,
                4.484456200000068
              ],
              [
                97.96653230000004,
                4.484673600000065
              ],
              [
                97.96675850000008,
                4.484532100000024
              ],
              [
                97.96676780000007,
                4.484526300000027
              ],
              [
                97.96746640000003,
                4.484089500000039
              ],
              [
                97.96706850000004,
                4.483117400000026
              ],
              [
                97.96752420000007,
                4.482882400000051
              ],
              [
                97.96728320000005,
                4.482376800000054
              ],
              [
                97.96726120000005,
                4.482330600000068
              ],
              [
                97.96772120000008,
                4.482034100000021
              ],
              [
                97.96785310000007,
                4.48201430000006
              ],
              [
                97.96776410000007,
                4.481879800000058
              ],
              [
                97.96763030000005,
                4.481840700000021
              ],
              [
                97.96749780000005,
                4.481770600000061
              ],
              [
                97.967545,
                4.481629800000064
              ],
              [
                97.96754870000007,
                4.481618900000058
              ],
              [
                97.96739670000005,
                4.481454300000053
              ],
              [
                97.967273,
                4.481289500000059
              ],
              [
                97.96720170000003,
                4.481204800000057
              ],
              [
                97.96712580000008,
                4.481143800000041
              ],
              [
                97.96712490000004,
                4.480997100000025
              ],
              [
                97.96721320000006,
                4.480812
              ],
              [
                97.96716450000008,
                4.48058050000003
              ],
              [
                97.96703540000004,
                4.48031160000005
              ],
              [
                97.96688870000008,
                4.479943200000037
              ],
              [
                97.96683990000008,
                4.479820700000062
              ],
              [
                97.96683480000007,
                4.479807900000026
              ],
              [
                97.96682110000006,
                4.479773500000022
              ],
              [
                97.966663,
                4.479376400000035
              ],
              [
                97.96662770000006,
                4.479287600000021
              ],
              [
                97.96661120000005,
                4.479192800000021
              ],
              [
                97.96658010000004,
                4.479013500000065
              ],
              [
                97.96656910000007,
                4.478947600000026
              ],
              [
                97.96656620000005,
                4.478938500000027
              ],
              [
                97.96649150000007,
                4.478696300000024
              ],
              [
                97.96648990000006,
                4.478691200000071
              ],
              [
                97.96658450000007,
                4.478646200000071
              ],
              [
                97.96674510000008,
                4.478569900000025
              ],
              [
                97.96674570000005,
                4.478569700000037
              ],
              [
                97.96674990000008,
                4.47856790000003
              ],
              [
                97.96704960000005,
                4.478441300000043
              ],
              [
                97.96705130000004,
                4.478440600000056
              ],
              [
                97.96702130000006,
                4.478384500000061
              ],
              [
                97.96676980000007,
                4.477914
              ],
              [
                97.96676050000008,
                4.477896700000031
              ],
              [
                97.966606,
                4.477293400000065
              ],
              [
                97.96660560000004,
                4.477291100000059
              ],
              [
                97.96706560000007,
                4.477338400000065
              ],
              [
                97.96752630000003,
                4.477385800000036
              ],
              [
                97.96752770000006,
                4.477385900000058
              ],
              [
                97.96754730000004,
                4.477386400000057
              ],
              [
                97.96777610000004,
                4.477391500000067
              ],
              [
                97.96821260000007,
                4.477401300000054
              ],
              [
                97.96821640000007,
                4.477400800000055
              ],
              [
                97.96890450000006,
                4.477301800000021
              ],
              [
                97.96885920000005,
                4.476984500000071
              ],
              [
                97.96885690000005,
                4.476968900000031
              ],
              [
                97.969444,
                4.476784800000075
              ],
              [
                97.96949110000008,
                4.476655
              ],
              [
                97.96964840000004,
                4.476221400000043
              ],
              [
                97.96968560000005,
                4.476197900000045
              ],
              [
                97.97004520000007,
                4.475971100000038
              ],
              [
                97.97005020000006,
                4.475968
              ],
              [
                97.97013360000005,
                4.476075200000025
              ],
              [
                97.97025040000005,
                4.476225300000067
              ],
              [
                97.97060210000006,
                4.476677300000063
              ],
              [
                97.97062050000005,
                4.476700900000026
              ],
              [
                97.97083560000004,
                4.476977300000044
              ],
              [
                97.97103020000009,
                4.477227900000059
              ],
              [
                97.97105640000007,
                4.47726160000002
              ],
              [
                97.97126280000003,
                4.477526700000055
              ],
              [
                97.97142990000003,
                4.47774140000007
              ],
              [
                97.97167230000008,
                4.478052700000035
              ],
              [
                97.971674,
                4.478054900000075
              ],
              [
                97.97184380000004,
                4.478272900000036
              ],
              [
                97.97201620000004,
                4.478494400000045
              ],
              [
                97.97217110000008,
                4.478693300000032
              ],
              [
                97.97217160000008,
                4.478693
              ],
              [
                97.97218470000007,
                4.478684800000053
              ],
              [
                97.97218610000004,
                4.478683900000021
              ],
              [
                97.97352940000007,
                4.477845800000068
              ],
              [
                97.97400050000005,
                4.477551900000037
              ],
              [
                97.97401870000004,
                4.477540600000054
              ],
              [
                97.97402270000003,
                4.477537
              ],
              [
                97.97406580000006,
                4.477499400000056
              ],
              [
                97.97432630000009,
                4.477272
              ],
              [
                97.97482510000003,
                4.476836400000025
              ],
              [
                97.97549230000004,
                4.476253800000052
              ],
              [
                97.97550230000007,
                4.476246
              ],
              [
                97.97579640000004,
                4.476368300000047
              ],
              [
                97.97603270000008,
                4.476466600000037
              ],
              [
                97.97659550000009,
                4.476641
              ],
              [
                97.97677090000008,
                4.47669540000004
              ],
              [
                97.976636,
                4.476310800000022
              ],
              [
                97.97663780000005,
                4.476310100000035
              ],
              [
                97.97663910000006,
                4.476309600000036
              ],
              [
                97.976641,
                4.476308800000027
              ],
              [
                97.97664960000009,
                4.476305300000035
              ],
              [
                97.97697990000006,
                4.476169600000048
              ],
              [
                97.97703780000006,
                4.47614580000004
              ],
              [
                97.97708090000003,
                4.476128100000039
              ],
              [
                97.97751960000005,
                4.475947900000051
              ],
              [
                97.97751870000008,
                4.475947400000052
              ],
              [
                97.97752230000003,
                4.475945900000056
              ],
              [
                97.97752730000008,
                4.475943900000061
              ],
              [
                97.97752760000009,
                4.475943800000039
              ],
              [
                97.97723320000006,
                4.475195400000075
              ],
              [
                97.97717330000006,
                4.475043300000038
              ],
              [
                97.97716740000004,
                4.475028300000076
              ],
              [
                97.97704340000007,
                4.474756600000035
              ],
              [
                97.97673260000005,
                4.474055600000042
              ],
              [
                97.97673170000007,
                4.474053500000025
              ],
              [
                97.97673120000007,
                4.474053600000047
              ],
              [
                97.97671750000006,
                4.474022600000069
              ],
              [
                97.97669160000004,
                4.473963900000058
              ],
              [
                97.977251,
                4.473739700000067
              ],
              [
                97.977323,
                4.473884100000021
              ],
              [
                97.977503,
                4.473817800000063
              ],
              [
                97.978194,
                4.473563200000058
              ],
              [
                97.97878710000003,
                4.473344700000041
              ],
              [
                97.97885470000006,
                4.473522200000048
              ],
              [
                97.97899160000009,
                4.473755700000027
              ],
              [
                97.97899710000007,
                4.473776100000066
              ],
              [
                97.979042,
                4.473940500000026
              ],
              [
                97.97915430000006,
                4.47417420000005
              ],
              [
                97.97920440000007,
                4.474321900000064
              ],
              [
                97.97921730000007,
                4.474317900000074
              ],
              [
                97.97921740000004,
                4.474317900000074
              ],
              [
                97.97923970000005,
                4.474310700000046
              ],
              [
                97.97934160000005,
                4.47427840000006
              ],
              [
                97.97957630000008,
                4.474204100000065
              ],
              [
                97.97959290000006,
                4.474199500000054
              ],
              [
                97.980725,
                4.47390960000007
              ],
              [
                97.98108060000004,
                4.473818600000072
              ],
              [
                97.981175,
                4.473794400000031
              ],
              [
                97.98149620000004,
                4.473997700000041
              ],
              [
                97.98150380000004,
                4.47400250000004
              ],
              [
                97.98218780000008,
                4.474952300000041
              ],
              [
                97.98218930000007,
                4.474954300000036
              ],
              [
                97.98225750000006,
                4.475048900000047
              ],
              [
                97.98268770000004,
                4.475109700000075
              ],
              [
                97.98274390000006,
                4.475117600000033
              ],
              [
                97.98456780000004,
                4.474955300000033
              ],
              [
                97.98464560000008,
                4.474948400000073
              ],
              [
                97.98496510000007,
                4.47490270000003
              ],
              [
                97.98504220000007,
                4.47549790000005
              ],
              [
                97.98514420000004,
                4.475509800000054
              ],
              [
                97.98570930000005,
                4.475575800000058
              ],
              [
                97.98596940000004,
                4.476224700000046
              ],
              [
                97.98597040000004,
                4.476224300000069
              ],
              [
                97.98640650000004,
                4.476047600000072
              ],
              [
                97.986424,
                4.476042100000029
              ],
              [
                97.98643340000007,
                4.476038
              ],
              [
                97.98689810000008,
                4.47589030000006
              ],
              [
                97.98703990000007,
                4.475857900000051
              ],
              [
                97.98754750000006,
                4.475742300000036
              ],
              [
                97.98831770000004,
                4.475301600000023
              ],
              [
                97.98860760000008,
                4.475559500000031
              ],
              [
                97.98895370000008,
                4.475706400000036
              ],
              [
                97.98971210000008,
                4.475309400000071
              ],
              [
                97.99014350000004,
                4.474710200000061
              ],
              [
                97.99036270000005,
                4.474096700000075
              ],
              [
                97.99021460000006,
                4.473651300000029
              ],
              [
                97.99008560000004,
                4.473262400000067
              ],
              [
                97.99016970000008,
                4.472535500000049
              ],
              [
                97.99030910000005,
                4.472312
              ],
              [
                97.99090620000004,
                4.471354900000051
              ],
              [
                97.99183010000007,
                4.470725900000048
              ],
              [
                97.99314990000005,
                4.470657100000039
              ],
              [
                97.99427330000003,
                4.47082
              ],
              [
                97.99538320000005,
                4.470413600000029
              ],
              [
                97.99544310000005,
                4.470391600000028
              ],
              [
                97.99544510000004,
                4.470392300000071
              ],
              [
                97.99621960000007,
                4.470638600000029
              ],
              [
                97.99710070000003,
                4.470863700000052
              ],
              [
                97.99800260000006,
                4.471067700000049
              ],
              [
                97.99852940000005,
                4.471547500000042
              ],
              [
                97.99849160000008,
                4.472027500000024
              ],
              [
                97.99894630000006,
                4.472636100000045
              ],
              [
                97.99966280000007,
                4.473029200000042
              ],
              [
                98.00097050000005,
                4.47290090000007
              ],
              [
                98.00247490000004,
                4.472532400000034
              ],
              [
                98.00261850000004,
                4.472504700000059
              ],
              [
                98.00261510000007,
                4.472512300000062
              ],
              [
                98.00406990000005,
                4.472701200000074
              ],
              [
                98.00476650000007,
                4.473127500000032
              ],
              [
                98.00483980000007,
                4.474674300000061
              ],
              [
                98.00484590000008,
                4.474803300000076
              ],
              [
                98.00484870000008,
                4.475209200000052
              ],
              [
                98.00488,
                4.475413300000071
              ],
              [
                98.00551230000008,
                4.477030200000058
              ],
              [
                98.00573250000008,
                4.477593300000024
              ],
              [
                98.005641,
                4.478163900000027
              ],
              [
                98.00562870000005,
                4.478386
              ],
              [
                98.00562260000004,
                4.478420500000027
              ],
              [
                98.00546920000005,
                4.479289400000027
              ],
              [
                98.00545940000006,
                4.479295500000035
              ],
              [
                98.00328160000004,
                4.480647200000021
              ],
              [
                98.00170690000004,
                4.482249500000023
              ],
              [
                98.00174570000007,
                4.482994400000052
              ],
              [
                98.00178290000008,
                4.483707800000047
              ],
              [
                98.00333950000004,
                4.484293900000068
              ],
              [
                98.00558790000008,
                4.48457680000007
              ],
              [
                98.00560890000008,
                4.484606500000041
              ],
              [
                98.00560750000005,
                4.484609400000068
              ],
              [
                98.00744010000005,
                4.487222400000064
              ],
              [
                98.00942590000005,
                4.490286200000071
              ],
              [
                98.01026580000007,
                4.49120030000006
              ],
              [
                98.01214820000007,
                4.490049100000022
              ],
              [
                98.01376220000009,
                4.486496700000032
              ],
              [
                98.01614860000007,
                4.485342
              ],
              [
                98.01784390000006,
                4.493677500000047
              ],
              [
                98.02063840000005,
                4.496918400000027
              ],
              [
                98.02196310000005,
                4.49711080000003
              ],
              [
                98.02581050000003,
                4.497669600000052
              ],
              [
                98.02997670000008,
                4.498779
              ],
              [
                98.03252050000003,
                4.502176
              ],
              [
                98.03241560000004,
                4.503782200000046
              ],
              [
                98.03104290000005,
                4.505478900000071
              ],
              [
                98.02536470000007,
                4.506146300000069
              ],
              [
                98.01958520000005,
                4.507196300000032
              ],
              [
                98.01594050000006,
                4.510518200000035
              ],
              [
                98.01494640000004,
                4.511424300000044
              ],
              [
                98.01557380000008,
                4.516576600000064
              ],
              [
                98.01667350000008,
                4.517497100000071
              ],
              [
                98.02221920000005,
                4.522139
              ],
              [
                98.02306510000005,
                4.522653600000069
              ],
              [
                98.02646860000004,
                4.524724300000059
              ],
              [
                98.02887930000009,
                4.525845600000025
              ],
              [
                98.03148490000007,
                4.526746400000036
              ],
              [
                98.03391310000006,
                4.527629700000034
              ],
              [
                98.035,
                4.528025100000036
              ],
              [
                98.03501550000004,
                4.528030700000045
              ],
              [
                98.03513880000008,
                4.528075600000022
              ],
              [
                98.03744240000003,
                4.528924200000063
              ],
              [
                98.03866190000008,
                4.529373400000054
              ],
              [
                98.03862830000008,
                4.529410400000074
              ],
              [
                98.03856490000004,
                4.529474600000071
              ],
              [
                98.03850140000009,
                4.529538900000034
              ],
              [
                98.038438,
                4.529603200000054
              ],
              [
                98.03837460000005,
                4.529667500000073
              ],
              [
                98.03831120000007,
                4.529731800000036
              ],
              [
                98.03824780000008,
                4.529796100000056
              ],
              [
                98.03818440000003,
                4.529860400000075
              ],
              [
                98.038121,
                4.529924700000038
              ],
              [
                98.03805760000006,
                4.529988900000035
              ],
              [
                98.03799420000007,
                4.530053200000054
              ],
              [
                98.03793080000008,
                4.530117500000074
              ],
              [
                98.03786740000004,
                4.530181800000037
              ],
              [
                98.037804,
                4.530246100000056
              ],
              [
                98.03775160000004,
                4.530319600000041
              ],
              [
                98.03770050000008,
                4.530394100000024
              ],
              [
                98.03764940000008,
                4.530468600000063
              ],
              [
                98.03759830000007,
                4.530543100000045
              ],
              [
                98.03754720000006,
                4.530617600000028
              ],
              [
                98.03749610000006,
                4.530692100000067
              ],
              [
                98.037445,
                4.530766600000049
              ],
              [
                98.03739380000007,
                4.530841100000032
              ],
              [
                98.03734270000007,
                4.530915600000071
              ],
              [
                98.03729160000006,
                4.530990100000054
              ],
              [
                98.03724050000005,
                4.531064600000036
              ],
              [
                98.03718940000005,
                4.531139100000075
              ],
              [
                98.03713830000004,
                4.531213600000058
              ],
              [
                98.03708710000006,
                4.53128810000004
              ],
              [
                98.037036,
                4.531362600000023
              ],
              [
                98.03698490000005,
                4.531437100000062
              ],
              [
                98.03693380000004,
                4.531511600000044
              ],
              [
                98.03688270000004,
                4.531586100000027
              ],
              [
                98.03683160000008,
                4.531660600000066
              ],
              [
                98.03678050000008,
                4.531735100000049
              ],
              [
                98.03672790000007,
                4.531808600000033
              ],
              [
                98.03667420000005,
                4.531881300000066
              ],
              [
                98.03662060000005,
                4.531954
              ],
              [
                98.036567,
                4.532026700000074
              ],
              [
                98.03651340000005,
                4.53209940000005
              ],
              [
                98.03645980000005,
                4.532172200000048
              ],
              [
                98.03640620000004,
                4.532244900000023
              ],
              [
                98.03635260000004,
                4.532317600000056
              ],
              [
                98.036299,
                4.532390300000031
              ],
              [
                98.03624530000008,
                4.532463
              ],
              [
                98.03619170000007,
                4.532535700000039
              ],
              [
                98.03613810000007,
                4.532608400000072
              ],
              [
                98.03608450000007,
                4.53268120000007
              ],
              [
                98.03603090000007,
                4.532753900000046
              ],
              [
                98.03597730000007,
                4.532826600000021
              ],
              [
                98.03592370000007,
                4.532899300000054
              ],
              [
                98.035888,
                4.532980800000075
              ],
              [
                98.03586420000005,
                4.533068
              ],
              [
                98.03584030000007,
                4.533155200000067
              ],
              [
                98.03581650000007,
                4.533242500000028
              ],
              [
                98.03579270000006,
                4.533329700000024
              ],
              [
                98.03576880000008,
                4.53341690000002
              ],
              [
                98.03578840000006,
                4.533504100000073
              ],
              [
                98.03580760000006,
                4.533592100000021
              ],
              [
                98.03581390000005,
                4.533682300000066
              ],
              [
                98.03583090000006,
                4.533770600000025
              ],
              [
                98.03585740000005,
                4.533857
              ],
              [
                98.035884,
                4.533943500000021
              ],
              [
                98.03590590000005,
                4.534031200000072
              ],
              [
                98.03592660000004,
                4.534119200000021
              ],
              [
                98.03594450000008,
                4.534207800000047
              ],
              [
                98.03595730000006,
                4.534297300000048
              ],
              [
                98.03598240000008,
                4.534384100000068
              ],
              [
                98.03600410000007,
                4.534471900000028
              ],
              [
                98.03602490000009,
                4.534559600000023
              ],
              [
                98.03606030000003,
                4.534642800000029
              ],
              [
                98.03608990000004,
                4.534727700000076
              ],
              [
                98.03610430000003,
                4.534816900000067
              ],
              [
                98.03611880000005,
                4.534906200000023
              ],
              [
                98.03613320000005,
                4.534995500000036
              ],
              [
                98.03614440000007,
                4.535085200000026
              ],
              [
                98.03615110000004,
                4.535175400000071
              ],
              [
                98.03615780000007,
                4.535265600000059
              ],
              [
                98.036164,
                4.535355800000048
              ],
              [
                98.03616570000008,
                4.535446300000046
              ],
              [
                98.03616750000003,
                4.535536700000023
              ],
              [
                98.03616920000007,
                4.535627100000056
              ],
              [
                98.036171,
                4.535717600000055
              ],
              [
                98.03617270000007,
                4.535808
              ],
              [
                98.03617470000006,
                4.535898400000065
              ],
              [
                98.036178,
                4.535988800000041
              ],
              [
                98.03619660000004,
                4.536075800000049
              ],
              [
                98.03623240000007,
                4.536158800000067
              ],
              [
                98.03627670000009,
                4.536237500000027
              ],
              [
                98.03632110000007,
                4.536316300000067
              ],
              [
                98.03637830000008,
                4.536385900000028
              ],
              [
                98.03643660000006,
                4.536454900000024
              ],
              [
                98.03648790000005,
                4.536529300000041
              ],
              [
                98.03653920000005,
                4.536603600000035
              ],
              [
                98.03659030000006,
                4.53667820000004
              ],
              [
                98.03664090000007,
                4.536753
              ],
              [
                98.03668050000005,
                4.536833200000046
              ],
              [
                98.03670690000007,
                4.536919600000033
              ],
              [
                98.03672260000008,
                4.53700850000007
              ],
              [
                98.03673480000003,
                4.537098100000037
              ],
              [
                98.03673720000006,
                4.53718850000007
              ],
              [
                98.03673870000006,
                4.537278900000047
              ],
              [
                98.03674020000005,
                4.537369400000046
              ],
              [
                98.03674090000004,
                4.537459800000022
              ],
              [
                98.03674080000008,
                4.537550300000021
              ],
              [
                98.03674070000005,
                4.537640700000054
              ],
              [
                98.03674060000009,
                4.537731200000053
              ],
              [
                98.03674570000004,
                4.537821
              ],
              [
                98.03676740000009,
                4.537908800000025
              ],
              [
                98.036806,
                4.537987600000065
              ],
              [
                98.03686620000008,
                4.53805490000002
              ],
              [
                98.03692640000008,
                4.538122300000055
              ],
              [
                98.03699170000004,
                4.538184500000057
              ],
              [
                98.03705380000008,
                4.53825
              ],
              [
                98.03711370000008,
                4.538317500000062
              ],
              [
                98.03717140000003,
                4.538386900000035
              ],
              [
                98.03722320000008,
                4.538460900000075
              ],
              [
                98.03725110000005,
                4.538546900000028
              ],
              [
                98.03727860000004,
                4.538633
              ],
              [
                98.03728410000008,
                4.538723200000049
              ],
              [
                98.037306,
                4.538810200000057
              ],
              [
                98.03733520000009,
                4.538895700000069
              ],
              [
                98.037344,
                4.538985100000048
              ],
              [
                98.037348,
                4.539075400000058
              ],
              [
                98.037359,
                4.53916520000007
              ],
              [
                98.03738730000003,
                4.53924980000005
              ],
              [
                98.03742820000008,
                4.539330300000074
              ],
              [
                98.03748160000004,
                4.539403100000072
              ],
              [
                98.037531,
                4.539478400000064
              ],
              [
                98.037569,
                4.539560400000028
              ],
              [
                98.03760540000007,
                4.539643100000035
              ],
              [
                98.03763490000006,
                4.539728500000024
              ],
              [
                98.03766450000006,
                4.539814
              ],
              [
                98.03769560000006,
                4.539898900000026
              ],
              [
                98.03772940000005,
                4.539982700000053
              ],
              [
                98.03776320000009,
                4.540066600000046
              ],
              [
                98.037797,
                4.540150400000073
              ],
              [
                98.03783060000006,
                4.540234300000066
              ],
              [
                98.03785970000007,
                4.540319900000043
              ],
              [
                98.03788880000008,
                4.540405600000042
              ],
              [
                98.03792050000004,
                4.540490200000022
              ],
              [
                98.03795340000005,
                4.540574200000037
              ],
              [
                98.03796270000004,
                4.540664200000037
              ],
              [
                98.037972,
                4.540754200000038
              ],
              [
                98.03797510000004,
                4.540844500000048
              ],
              [
                98.037975,
                4.540934900000025
              ],
              [
                98.03797490000005,
                4.541025400000024
              ],
              [
                98.03797480000009,
                4.541115800000057
              ],
              [
                98.03797470000006,
                4.541206300000056
              ],
              [
                98.03796510000006,
                4.541296200000033
              ],
              [
                98.03795240000005,
                4.541385700000035
              ],
              [
                98.03793360000009,
                4.541474100000073
              ],
              [
                98.03791790000008,
                4.541562900000031
              ],
              [
                98.03791780000006,
                4.54165340000003
              ],
              [
                98.03791760000007,
                4.541743800000063
              ],
              [
                98.03791750000005,
                4.541834300000062
              ],
              [
                98.03791740000008,
                4.541924700000038
              ],
              [
                98.03791730000006,
                4.542015200000037
              ],
              [
                98.03791720000004,
                4.54210560000007
              ],
              [
                98.037917,
                4.542196100000069
              ],
              [
                98.03792060000006,
                4.542286500000046
              ],
              [
                98.03794160000007,
                4.542372500000056
              ],
              [
                98.03798120000005,
                4.542453700000067
              ],
              [
                98.03802070000006,
                4.542535
              ],
              [
                98.03806030000004,
                4.54261630000002
              ],
              [
                98.03811370000005,
                4.542689
              ],
              [
                98.038168,
                4.542761200000029
              ],
              [
                98.03822160000004,
                4.542834
              ],
              [
                98.03827370000005,
                4.542907800000023
              ],
              [
                98.03832580000005,
                4.542981600000076
              ],
              [
                98.03837640000006,
                4.543056400000069
              ],
              [
                98.03842490000005,
                4.543132600000035
              ],
              [
                98.03847340000004,
                4.543208900000025
              ],
              [
                98.03852320000004,
                4.543284300000039
              ],
              [
                98.03857090000008,
                4.54336040000004
              ],
              [
                98.03859270000004,
                4.543448200000057
              ],
              [
                98.03860970000005,
                4.543536900000049
              ],
              [
                98.03862290000006,
                4.543626400000051
              ],
              [
                98.03863580000007,
                4.543715900000052
              ],
              [
                98.03863910000007,
                4.543806300000028
              ],
              [
                98.03865290000005,
                4.543894400000056
              ],
              [
                98.03868670000008,
                4.543978200000026
              ],
              [
                98.03872250000006,
                4.544061100000022
              ],
              [
                98.03876710000009,
                4.544139700000073
              ],
              [
                98.03881170000005,
                4.544218300000068
              ],
              [
                98.03885820000005,
                4.544295800000043
              ],
              [
                98.038902,
                4.54437420000005
              ],
              [
                98.03892140000005,
                4.544462500000066
              ],
              [
                98.03894090000006,
                4.544550900000047
              ],
              [
                98.03895240000008,
                4.544640500000071
              ],
              [
                98.03896380000003,
                4.544730100000038
              ],
              [
                98.03898620000007,
                4.544817700000067
              ],
              [
                98.03900920000007,
                4.544905200000073
              ],
              [
                98.03903610000003,
                4.544991500000037
              ],
              [
                98.03906380000006,
                4.54507760000007
              ],
              [
                98.03909150000004,
                4.545163700000046
              ],
              [
                98.039112,
                4.545251600000029
              ],
              [
                98.03912880000007,
                4.545340500000066
              ],
              [
                98.03914550000007,
                4.545429400000046
              ],
              [
                98.03915240000003,
                4.545519200000058
              ],
              [
                98.03915230000007,
                4.545609600000034
              ],
              [
                98.03916010000006,
                4.545699600000034
              ],
              [
                98.03917110000003,
                4.545789300000024
              ],
              [
                98.03918220000008,
                4.545879100000036
              ],
              [
                98.03918160000006,
                4.545969200000059
              ],
              [
                98.03917530000007,
                4.546059400000047
              ],
              [
                98.03916910000004,
                4.546149700000058
              ],
              [
                98.03912230000009,
                4.546225900000024
              ],
              [
                98.03907180000004,
                4.54630080000004
              ],
              [
                98.03902130000006,
                4.546375800000021
              ],
              [
                98.03894210000004,
                4.546416300000033
              ],
              [
                98.03885970000005,
                4.546452900000077
              ],
              [
                98.03877410000007,
                4.546470900000031
              ],
              [
                98.03868420000003,
                4.546464400000048
              ],
              [
                98.03859430000006,
                4.546457800000042
              ],
              [
                98.03850450000004,
                4.546462900000051
              ],
              [
                98.03841470000003,
                4.546471
              ],
              [
                98.03832540000008,
                4.546480300000042
              ],
              [
                98.038251,
                4.546531400000049
              ],
              [
                98.03817660000004,
                4.546582400000034
              ],
              [
                98.038098,
                4.54662490000004
              ],
              [
                98.03801220000008,
                4.546652800000061
              ],
              [
                98.03792650000008,
                4.546680800000047
              ],
              [
                98.03784020000006,
                4.54670550000003
              ],
              [
                98.03775020000006,
                4.546711400000049
              ],
              [
                98.03766030000008,
                4.546717300000068
              ],
              [
                98.03757470000005,
                4.546705700000075
              ],
              [
                98.03749840000006,
                4.546657700000026
              ],
              [
                98.03744090000004,
                4.546591900000067
              ],
              [
                98.03739890000008,
                4.546511900000041
              ],
              [
                98.03735320000004,
                4.546434800000043
              ],
              [
                98.037286,
                4.54637450000007
              ],
              [
                98.03721890000008,
                4.546314100000075
              ],
              [
                98.03715560000006,
                4.546249800000055
              ],
              [
                98.03709330000004,
                4.546184400000072
              ],
              [
                98.03705360000004,
                4.546104900000046
              ],
              [
                98.03702290000007,
                4.546019900000033
              ],
              [
                98.03698960000008,
                4.545935900000075
              ],
              [
                98.03695370000008,
                4.545852900000057
              ],
              [
                98.036889,
                4.545790500000066
              ],
              [
                98.03682260000005,
                4.545729300000062
              ],
              [
                98.03674340000003,
                4.545686900000021
              ],
              [
                98.03658220000005,
                4.545605700000067
              ],
              [
                98.03650450000004,
                4.545561600000042
              ],
              [
                98.03644560000004,
                4.545493100000044
              ],
              [
                98.03638680000006,
                4.545424500000024
              ],
              [
                98.03632790000006,
                4.545356
              ],
              [
                98.03627260000007,
                4.545284700000025
              ],
              [
                98.03622110000003,
                4.545210600000075
              ],
              [
                98.03616950000009,
                4.545136400000047
              ],
              [
                98.03611790000008,
                4.545062200000075
              ],
              [
                98.03609080000007,
                4.54502720000005
              ],
              [
                98.03606260000004,
                4.544990800000051
              ],
              [
                98.03600570000003,
                4.544920700000034
              ],
              [
                98.03594870000006,
                4.544850600000075
              ],
              [
                98.03593810000007,
                4.544837600000051
              ],
              [
                98.03589170000004,
                4.544780600000024
              ],
              [
                98.03583470000007,
                4.544710500000065
              ],
              [
                98.03577770000004,
                4.544640400000048
              ],
              [
                98.035723,
                4.544568500000025
              ],
              [
                98.03567110000006,
                4.544494600000064
              ],
              [
                98.03561920000004,
                4.544420700000046
              ],
              [
                98.03556730000008,
                4.544346700000062
              ],
              [
                98.03551540000007,
                4.544272800000044
              ],
              [
                98.03546340000008,
                4.544198800000061
              ],
              [
                98.03540090000007,
                4.544134300000053
              ],
              [
                98.03533430000005,
                4.544073400000059
              ],
              [
                98.03526760000005,
                4.544012500000065
              ],
              [
                98.035201,
                4.543951600000071
              ],
              [
                98.03513430000004,
                4.54389070000002
              ],
              [
                98.03506710000005,
                4.54383050000007
              ],
              [
                98.03499790000006,
                4.543772500000046
              ],
              [
                98.03492870000008,
                4.543714500000021
              ],
              [
                98.03485960000006,
                4.543656500000054
              ],
              [
                98.03479040000008,
                4.54359850000003
              ],
              [
                98.03472120000004,
                4.543540500000063
              ],
              [
                98.034644,
                4.543494200000055
              ],
              [
                98.03456540000008,
                4.543449900000041
              ],
              [
                98.03448690000005,
                4.543405500000063
              ],
              [
                98.03440840000007,
                4.543361100000027
              ],
              [
                98.03432570000007,
                4.543325300000049
              ],
              [
                98.03424190000004,
                4.543292100000031
              ],
              [
                98.03415810000007,
                4.543258700000024
              ],
              [
                98.03407430000004,
                4.54322540000004
              ],
              [
                98.03399050000007,
                4.543192
              ],
              [
                98.03390630000007,
                4.54316
              ],
              [
                98.03382170000003,
                4.543128600000045
              ],
              [
                98.03373680000004,
                4.543098500000042
              ],
              [
                98.03364950000008,
                4.543076
              ],
              [
                98.03356220000006,
                4.543053500000042
              ],
              [
                98.03347550000007,
                4.543029200000035
              ],
              [
                98.03339380000006,
                4.542991100000052
              ],
              [
                98.03331210000005,
                4.542952900000046
              ],
              [
                98.03322970000005,
                4.542916300000059
              ],
              [
                98.03314560000007,
                4.542883600000039
              ],
              [
                98.03306160000005,
                4.542851
              ],
              [
                98.03297730000008,
                4.542818900000043
              ],
              [
                98.032893,
                4.542786800000044
              ],
              [
                98.03280880000005,
                4.542754500000058
              ],
              [
                98.03272490000006,
                4.542721400000062
              ],
              [
                98.032641,
                4.542688400000031
              ],
              [
                98.03255720000004,
                4.54265520000007
              ],
              [
                98.03247370000008,
                4.542621
              ],
              [
                98.03239020000007,
                4.54258690000006
              ],
              [
                98.03230360000003,
                4.542563400000063
              ],
              [
                98.03221510000009,
                4.542546100000038
              ],
              [
                98.032128,
                4.542523300000028
              ],
              [
                98.03203960000008,
                4.542509300000063
              ],
              [
                98.03194960000008,
                4.542504800000074
              ],
              [
                98.03185950000005,
                4.542500300000029
              ],
              [
                98.03176940000009,
                4.542498700000067
              ],
              [
                98.03167930000006,
                4.542497100000048
              ],
              [
                98.03158920000004,
                4.54249550000003
              ],
              [
                98.031499,
                4.542494
              ],
              [
                98.03140890000009,
                4.542492100000061
              ],
              [
                98.03131880000007,
                4.542490300000054
              ],
              [
                98.03122870000004,
                4.542488400000025
              ],
              [
                98.03113860000008,
                4.542487900000026
              ],
              [
                98.03104840000003,
                4.54248780000006
              ],
              [
                98.03095840000003,
                4.542491300000052
              ],
              [
                98.03086850000005,
                4.542497700000069
              ],
              [
                98.03077860000008,
                4.542504100000031
              ],
              [
                98.03068870000004,
                4.542510500000049
              ],
              [
                98.03059910000007,
                4.542519200000072
              ],
              [
                98.03051040000008,
                4.54253570000003
              ],
              [
                98.03042180000006,
                4.542552100000023
              ],
              [
                98.03033350000004,
                4.542570200000057
              ],
              [
                98.03024550000004,
                4.542589900000053
              ],
              [
                98.03015760000005,
                4.542609600000048
              ],
              [
                98.03007080000003,
                4.542634300000032
              ],
              [
                98.02998420000006,
                4.54265920000006
              ],
              [
                98.02989760000008,
                4.542684200000053
              ],
              [
                98.029813,
                4.542715
              ],
              [
                98.02973010000005,
                4.542750600000034
              ],
              [
                98.02965270000004,
                4.542796
              ],
              [
                98.02957810000004,
                4.542846800000063
              ],
              [
                98.02951020000006,
                4.542906100000039
              ],
              [
                98.02944960000008,
                4.542972300000031
              ],
              [
                98.02939990000004,
                4.543047700000045
              ],
              [
                98.02933610000008,
                4.543111500000066
              ],
              [
                98.02925910000005,
                4.543150800000035
              ],
              [
                98.02917080000003,
                4.543169
              ],
              [
                98.02908070000007,
                4.543168900000069
              ],
              [
                98.02899190000005,
                4.54315930000007
              ],
              [
                98.02890520000005,
                4.54313460000003
              ],
              [
                98.02881850000006,
                4.543109900000047
              ],
              [
                98.02873350000004,
                4.54308020000002
              ],
              [
                98.02865130000004,
                4.543043200000056
              ],
              [
                98.02856910000008,
                4.543006100000071
              ],
              [
                98.02848710000006,
                4.542968600000052
              ],
              [
                98.02840520000007,
                4.542930800000022
              ],
              [
                98.02832490000009,
                4.542889900000034
              ],
              [
                98.02824720000007,
                4.542844100000025
              ],
              [
                98.02816950000005,
                4.542798300000072
              ],
              [
                98.02809180000008,
                4.542752500000063
              ],
              [
                98.02801410000006,
                4.542706600000031
              ],
              [
                98.027942,
                4.542652800000042
              ],
              [
                98.02787310000008,
                4.542594500000064
              ],
              [
                98.02780420000005,
                4.542536100000063
              ],
              [
                98.02773730000007,
                4.542475600000046
              ],
              [
                98.02767210000007,
                4.542413200000055
              ],
              [
                98.02760680000006,
                4.542350800000065
              ],
              [
                98.02754160000006,
                4.542288300000052
              ],
              [
                98.02746510000009,
                4.542240500000048
              ],
              [
                98.02738850000009,
                4.542192800000066
              ],
              [
                98.027312,
                4.542145100000027
              ],
              [
                98.02722450000005,
                4.542125400000032
              ],
              [
                98.027136,
                4.542108600000063
              ],
              [
                98.02705010000005,
                4.542081400000029
              ],
              [
                98.02696480000009,
                4.542052300000023
              ],
              [
                98.02688220000005,
                4.542017700000031
              ],
              [
                98.02682030000005,
                4.541953700000022
              ],
              [
                98.02677320000004,
                4.541876600000023
              ],
              [
                98.02673980000009,
                4.541794100000061
              ],
              [
                98.026723,
                4.541705300000046
              ],
              [
                98.02670620000004,
                4.541616400000066
              ],
              [
                98.02668940000007,
                4.541527500000029
              ],
              [
                98.02667260000004,
                4.541438700000072
              ],
              [
                98.02665590000004,
                4.541349800000035
              ],
              [
                98.02664410000006,
                4.541260100000045
              ],
              [
                98.02663360000008,
                4.541170300000033
              ],
              [
                98.02662310000005,
                4.541080500000021
              ],
              [
                98.02661270000004,
                4.540990600000043
              ],
              [
                98.02660220000007,
                4.540900800000031
              ],
              [
                98.02659170000004,
                4.540810900000054
              ],
              [
                98.026589,
                4.54072050000002
              ],
              [
                98.02658780000007,
                4.54066860000006
              ],
              [
                98.02658690000004,
                4.540630100000044
              ],
              [
                98.02658580000008,
                4.540539700000068
              ],
              [
                98.02658590000004,
                4.540449200000069
              ],
              [
                98.026588,
                4.540358800000035
              ],
              [
                98.026595,
                4.540269500000022
              ],
              [
                98.02664750000008,
                4.540195900000072
              ],
              [
                98.02671730000009,
                4.540138800000022
              ],
              [
                98.02679860000006,
                4.540103100000067
              ],
              [
                98.02688770000003,
                4.540091100000041
              ],
              [
                98.02697740000008,
                4.540082100000063
              ],
              [
                98.02706730000006,
                4.540076800000065
              ],
              [
                98.02715360000008,
                4.540059300000053
              ],
              [
                98.02723030000004,
                4.540013200000033
              ],
              [
                98.02729750000003,
                4.539953600000047
              ],
              [
                98.02734660000004,
                4.539877800000056
              ],
              [
                98.02738010000007,
                4.539794100000051
              ],
              [
                98.02739620000006,
                4.539706
              ],
              [
                98.02738130000006,
                4.539618
              ],
              [
                98.02734470000007,
                4.539536100000021
              ],
              [
                98.02729930000004,
                4.539458
              ],
              [
                98.02725050000004,
                4.539382
              ],
              [
                98.02719770000004,
                4.539308700000049
              ],
              [
                98.02714060000005,
                4.539239700000053
              ],
              [
                98.027068,
                4.539186
              ],
              [
                98.02699540000003,
                4.539132400000028
              ],
              [
                98.02692290000005,
                4.539078700000061
              ],
              [
                98.02684410000006,
                4.539038300000072
              ],
              [
                98.02675670000008,
                4.539016300000071
              ],
              [
                98.026681,
                4.538971500000059
              ],
              [
                98.02661260000008,
                4.538912500000038
              ],
              [
                98.026555,
                4.538843200000031
              ],
              [
                98.02649880000007,
                4.53877250000005
              ],
              [
                98.02644360000005,
                4.538701100000026
              ],
              [
                98.02639840000006,
                4.538622800000041
              ],
              [
                98.02635330000004,
                4.538544500000057
              ],
              [
                98.02630820000007,
                4.538466200000073
              ],
              [
                98.026258,
                4.538391300000058
              ],
              [
                98.02620220000006,
                4.538320300000066
              ],
              [
                98.02614640000007,
                4.538249300000075
              ],
              [
                98.02609060000003,
                4.538178300000027
              ],
              [
                98.02603470000008,
                4.53810720000007
              ],
              [
                98.025978,
                4.538037
              ],
              [
                98.02591540000009,
                4.537972
              ],
              [
                98.02585280000005,
                4.537906900000053
              ],
              [
                98.02579020000007,
                4.537841800000024
              ],
              [
                98.02572750000007,
                4.537776800000074
              ],
              [
                98.02566490000004,
                4.537711700000045
              ],
              [
                98.02560320000003,
                4.537645800000064
              ],
              [
                98.02554190000006,
                4.537579500000049
              ],
              [
                98.02548060000004,
                4.537513200000035
              ],
              [
                98.02541930000007,
                4.53744690000002
              ],
              [
                98.02535420000004,
                4.537384300000042
              ],
              [
                98.02528870000003,
                4.53732210000004
              ],
              [
                98.02528150000006,
                4.537316100000055
              ],
              [
                98.02527680000009,
                4.537208500000077
              ],
              [
                98.02521960000007,
                4.537264100000073
              ],
              [
                98.02514950000005,
                4.537207300000034
              ],
              [
                98.02507390000005,
                4.537158100000056
              ],
              [
                98.02499890000007,
                4.537107900000024
              ],
              [
                98.02492310000008,
                4.53706
              ],
              [
                98.024834,
                4.537045900000066
              ],
              [
                98.024745,
                4.537031900000045
              ],
              [
                98.02465570000004,
                4.537020900000073
              ],
              [
                98.02456560000007,
                4.53702080000005
              ],
              [
                98.02447540000009,
                4.537020700000028
              ],
              [
                98.024386,
                4.53702880000003
              ],
              [
                98.02429710000007,
                4.537044
              ],
              [
                98.02420830000005,
                4.537059200000044
              ],
              [
                98.02411940000007,
                4.537074400000051
              ],
              [
                98.02403040000007,
                4.537088600000061
              ],
              [
                98.02394120000008,
                4.537101700000051
              ],
              [
                98.023852,
                4.53711480000004
              ],
              [
                98.02376290000007,
                4.53712790000003
              ],
              [
                98.02367480000004,
                4.537119100000041
              ],
              [
                98.02358740000005,
                4.537097
              ],
              [
                98.02350020000006,
                4.537074100000041
              ],
              [
                98.02341850000005,
                4.537035900000035
              ],
              [
                98.02333580000004,
                4.537002600000051
              ],
              [
                98.02324570000007,
                4.537005300000033
              ],
              [
                98.02315570000007,
                4.537008700000058
              ],
              [
                98.02306720000007,
                4.537025700000072
              ],
              [
                98.02297830000003,
                4.537031100000036
              ],
              [
                98.02289660000008,
                4.537001600000053
              ],
              [
                98.02282680000008,
                4.536944400000039
              ],
              [
                98.02275690000005,
                4.536887300000046
              ],
              [
                98.02269210000009,
                4.536824500000023
              ],
              [
                98.02262660000008,
                4.536762800000076
              ],
              [
                98.02254970000007,
                4.536715600000036
              ],
              [
                98.022462,
                4.53671090000006
              ],
              [
                98.02237420000006,
                4.536728100000062
              ],
              [
                98.02228810000008,
                4.53675480000004
              ],
              [
                98.02220730000005,
                4.536793800000055
              ],
              [
                98.02212890000004,
                4.536838500000044
              ],
              [
                98.022055,
                4.53689
              ],
              [
                98.02198070000009,
                4.536940700000059
              ],
              [
                98.021901,
                4.536982900000055
              ],
              [
                98.02182130000006,
                4.537025100000051
              ],
              [
                98.02174160000004,
                4.537067400000069
              ],
              [
                98.02165610000009,
                4.537094300000035
              ],
              [
                98.02156820000005,
                4.537114100000053
              ],
              [
                98.02147880000007,
                4.537125200000048
              ],
              [
                98.02138890000003,
                4.537129500000049
              ],
              [
                98.02129880000007,
                4.537129400000026
              ],
              [
                98.02120870000005,
                4.537129300000061
              ],
              [
                98.02111850000006,
                4.537129200000038
              ],
              [
                98.02102840000003,
                4.537129
              ],
              [
                98.02093840000003,
                4.537127100000021
              ],
              [
                98.02084890000003,
                4.537116400000059
              ],
              [
                98.02075940000003,
                4.537105700000041
              ],
              [
                98.02066990000009,
                4.537095
              ],
              [
                98.02058170000004,
                4.537076
              ],
              [
                98.02050680000008,
                4.537098800000024
              ],
              [
                98.02044530000006,
                4.53716490000005
              ],
              [
                98.02038380000005,
                4.537231
              ],
              [
                98.02032230000003,
                4.537297200000069
              ],
              [
                98.02026150000006,
                4.537363800000037
              ],
              [
                98.02021430000008,
                4.537440900000036
              ],
              [
                98.02016720000006,
                4.537518
              ],
              [
                98.02012,
                4.537595100000033
              ],
              [
                98.02007290000006,
                4.537672200000031
              ],
              [
                98.02002580000004,
                4.53774930000003
              ],
              [
                98.01997860000006,
                4.537826400000029
              ],
              [
                98.01992960000007,
                4.537902300000042
              ],
              [
                98.01988010000008,
                4.537977900000044
              ],
              [
                98.01983060000003,
                4.538053500000046
              ],
              [
                98.01978120000007,
                4.538129100000049
              ],
              [
                98.01972430000006,
                4.538199
              ],
              [
                98.01966590000006,
                4.538267800000028
              ],
              [
                98.01961380000006,
                4.538341600000024
              ],
              [
                98.01952740000007,
                4.538348700000029
              ],
              [
                98.01943790000007,
                4.538344300000063
              ],
              [
                98.01935220000007,
                4.538316400000042
              ],
              [
                98.01926680000008,
                4.538287400000058
              ],
              [
                98.01918480000006,
                4.538249800000074
              ],
              [
                98.01910280000004,
                4.538212300000055
              ],
              [
                98.01902080000008,
                4.53817470000007
              ],
              [
                98.01894,
                4.538134800000023
              ],
              [
                98.01886160000004,
                4.538090200000056
              ],
              [
                98.01878320000009,
                4.538045700000055
              ],
              [
                98.01870480000008,
                4.538001100000031
              ],
              [
                98.01862630000005,
                4.537956500000064
              ],
              [
                98.01854380000003,
                4.537920300000053
              ],
              [
                98.01846070000005,
                4.53788510000004
              ],
              [
                98.01837770000009,
                4.53785
              ],
              [
                98.01829470000007,
                4.537814800000035
              ],
              [
                98.01821160000009,
                4.537779600000022
              ],
              [
                98.01812860000007,
                4.537744500000031
              ],
              [
                98.01804720000007,
                4.537705500000072
              ],
              [
                98.017966,
                4.537666300000069
              ],
              [
                98.01788480000005,
                4.537627
              ],
              [
                98.01780360000004,
                4.53758780000004
              ],
              [
                98.01772240000008,
                4.537548500000071
              ],
              [
                98.017641,
                4.537509600000021
              ],
              [
                98.01755960000008,
                4.537470900000073
              ],
              [
                98.01747810000006,
                4.537432200000069
              ],
              [
                98.01739670000006,
                4.537393400000042
              ],
              [
                98.01731520000004,
                4.537354700000037
              ],
              [
                98.01723460000005,
                4.537314200000026
              ],
              [
                98.01715420000005,
                4.537273200000072
              ],
              [
                98.01707390000007,
                4.537232200000062
              ],
              [
                98.01699360000003,
                4.537191200000052
              ],
              [
                98.01691320000003,
                4.537150200000042
              ],
              [
                98.01682940000006,
                4.537117900000055
              ],
              [
                98.01674350000008,
                4.537090400000068
              ],
              [
                98.01665760000009,
                4.537063
              ],
              [
                98.01657170000004,
                4.537035600000024
              ],
              [
                98.01648580000005,
                4.537008200000059
              ],
              [
                98.016403,
                4.536973500000045
              ],
              [
                98.016324,
                4.53693
              ],
              [
                98.01624490000006,
                4.536886500000037
              ],
              [
                98.01616590000003,
                4.536843
              ],
              [
                98.01608690000006,
                4.536799500000029
              ],
              [
                98.01600830000007,
                4.536755300000038
              ],
              [
                98.01593290000005,
                4.536705700000027
              ],
              [
                98.01585760000006,
                4.536656
              ],
              [
                98.01578220000005,
                4.536606400000039
              ],
              [
                98.01570690000005,
                4.536556700000062
              ],
              [
                98.01563160000006,
                4.536507
              ],
              [
                98.01555620000005,
                4.536457400000074
              ],
              [
                98.01547650000003,
                4.536415400000067
              ],
              [
                98.01539590000004,
                4.536374800000033
              ],
              [
                98.01531540000008,
                4.536334200000056
              ],
              [
                98.01523480000009,
                4.536293700000044
              ],
              [
                98.01515420000004,
                4.536253100000067
              ],
              [
                98.01507370000007,
                4.536212600000056
              ],
              [
                98.01499310000008,
                4.536172
              ],
              [
                98.01491250000004,
                4.536131400000045
              ],
              [
                98.01484050000005,
                4.536077400000067
              ],
              [
                98.01476970000004,
                4.536021400000038
              ],
              [
                98.01469430000009,
                4.535972300000026
              ],
              [
                98.01461630000006,
                4.535926900000049
              ],
              [
                98.01453840000005,
                4.535881400000051
              ],
              [
                98.01446140000007,
                4.535834300000033
              ],
              [
                98.01437990000005,
                4.535796800000071
              ],
              [
                98.01429520000005,
                4.535766
              ],
              [
                98.01420680000007,
                4.535748700000056
              ],
              [
                98.01411810000008,
                4.535732400000029
              ],
              [
                98.01403090000008,
                4.535712200000034
              ],
              [
                98.01395170000006,
                4.53566950000004
              ],
              [
                98.01386560000003,
                4.535642800000062
              ],
              [
                98.01377950000006,
                4.535616100000027
              ],
              [
                98.013694,
                4.535593800000072
              ],
              [
                98.01360870000008,
                4.53556530000003
              ],
              [
                98.01351970000007,
                4.535554200000036
              ],
              [
                98.01343,
                4.535545500000069
              ],
              [
                98.01334040000006,
                4.535535800000048
              ],
              [
                98.01325040000006,
                4.53553160000007
              ],
              [
                98.01316080000004,
                4.535522300000025
              ],
              [
                98.01307340000005,
                4.535500900000045
              ],
              [
                98.01298870000005,
                4.535470400000065
              ],
              [
                98.01291540000005,
                4.535418200000038
              ],
              [
                98.012855,
                4.535352800000055
              ],
              [
                98.01278230000008,
                4.535299500000065
              ],
              [
                98.01269640000004,
                4.535272900000052
              ],
              [
                98.01261210000007,
                4.535240800000054
              ],
              [
                98.01252810000005,
                4.535207900000046
              ],
              [
                98.01244420000006,
                4.535175
              ],
              [
                98.01236520000003,
                4.535131900000067
              ],
              [
                98.01228130000004,
                4.535099100000025
              ],
              [
                98.01219790000005,
                4.535064800000043
              ],
              [
                98.01211330000007,
                4.535033500000054
              ],
              [
                98.01202830000005,
                4.535004400000048
              ],
              [
                98.01194240000007,
                4.534977100000049
              ],
              [
                98.01185480000004,
                4.53495810000004
              ],
              [
                98.01176460000005,
                4.534958
              ],
              [
                98.01167450000008,
                4.534957800000029
              ],
              [
                98.01158440000006,
                4.534957700000064
              ],
              [
                98.01149420000007,
                4.534957600000041
              ],
              [
                98.01140710000004,
                4.534939400000042
              ],
              [
                98.01132910000007,
                4.534893900000043
              ],
              [
                98.01125330000008,
                4.534845500000074
              ],
              [
                98.01118710000009,
                4.534784500000058
              ],
              [
                98.01112660000007,
                4.534717400000034
              ],
              [
                98.01106440000007,
                4.534652
              ],
              [
                98.01099430000005,
                4.534595500000023
              ],
              [
                98.01092190000008,
                4.534541700000034
              ],
              [
                98.01085130000007,
                4.534485500000073
              ],
              [
                98.01077430000004,
                4.534453700000029
              ],
              [
                98.01068530000003,
                4.534442
              ],
              [
                98.010596,
                4.53443
              ],
              [
                98.01050610000004,
                4.534423700000048
              ],
              [
                98.01041620000007,
                4.534417400000052
              ],
              [
                98.01032620000007,
                4.534411100000057
              ],
              [
                98.01023630000003,
                4.534404700000039
              ],
              [
                98.01014640000005,
                4.534398400000043
              ],
              [
                98.01005650000008,
                4.534392100000048
              ],
              [
                98.00996840000005,
                4.534374300000025
              ],
              [
                98.00988080000008,
                4.534352800000022
              ],
              [
                98.009794,
                4.534328900000048
              ],
              [
                98.00970820000003,
                4.534300900000062
              ],
              [
                98.00962250000003,
                4.534272900000076
              ],
              [
                98.00953520000007,
                4.534250500000041
              ],
              [
                98.00944910000004,
                4.534223900000029
              ],
              [
                98.00936310000009,
                4.53419690000004
              ],
              [
                98.009277,
                4.534169900000052
              ],
              [
                98.009191,
                4.534142800000041
              ],
              [
                98.00910360000006,
                4.534122900000057
              ],
              [
                98.00901480000005,
                4.534107300000073
              ],
              [
                98.008926,
                4.534091800000056
              ],
              [
                98.00883720000007,
                4.534076200000072
              ],
              [
                98.008751,
                4.534058500000071
              ],
              [
                98.00866550000006,
                4.534038700000053
              ],
              [
                98.00857710000008,
                4.534021300000063
              ],
              [
                98.00848860000008,
                4.534004
              ],
              [
                98.00840010000007,
                4.533986700000071
              ],
              [
                98.00831170000004,
                4.533969400000046
              ],
              [
                98.00822320000003,
                4.533952
              ],
              [
                98.00813470000008,
                4.533934700000032
              ],
              [
                98.00804630000005,
                4.533917400000064
              ],
              [
                98.00796050000008,
                4.533890700000029
              ],
              [
                98.00778850000006,
                4.533836300000075
              ],
              [
                98.00770260000007,
                4.533809100000042
              ],
              [
                98.00761660000006,
                4.533781900000065
              ],
              [
                98.00753060000005,
                4.533754700000031
              ],
              [
                98.00744470000006,
                4.533727500000055
              ],
              [
                98.00735950000006,
                4.53369790000005
              ],
              [
                98.00727440000009,
                4.533668100000057
              ],
              [
                98.00718930000005,
                4.533638200000041
              ],
              [
                98.00710450000008,
                4.533607700000061
              ],
              [
                98.00702560000008,
                4.533564
              ],
              [
                98.00694710000005,
                4.533519500000068
              ],
              [
                98.00686860000008,
                4.533475100000032
              ],
              [
                98.00679010000005,
                4.533430700000054
              ],
              [
                98.00671180000006,
                4.533385900000042
              ],
              [
                98.00663430000009,
                4.533339700000056
              ],
              [
                98.00655790000008,
                4.533291700000063
              ],
              [
                98.00648220000005,
                4.533242700000073
              ],
              [
                98.00640640000006,
                4.533193700000027
              ],
              [
                98.00634280000008,
                4.533131800000035
              ],
              [
                98.00630780000006,
                4.533049600000027
              ],
              [
                98.00627730000008,
                4.532964600000071
              ],
              [
                98.00625050000008,
                4.532879900000069
              ],
              [
                98.00620180000004,
                4.532805300000064
              ],
              [
                98.00612810000007,
                4.532753300000024
              ],
              [
                98.00605440000004,
                4.532701300000042
              ],
              [
                98.00598070000007,
                4.532649200000037
              ],
              [
                98.005907,
                4.532597200000055
              ],
              [
                98.00583320000004,
                4.53254510000005
              ],
              [
                98.00575950000007,
                4.532493100000067
              ],
              [
                98.00568580000004,
                4.532441100000028
              ],
              [
                98.00563220000004,
                4.532368400000053
              ],
              [
                98.00557860000004,
                4.53229570000002
              ],
              [
                98.00551450000006,
                4.532237
              ],
              [
                98.00543,
                4.532205600000054
              ],
              [
                98.00535320000006,
                4.532158400000071
              ],
              [
                98.00526780000007,
                4.532130500000051
              ],
              [
                98.005182,
                4.532103800000073
              ],
              [
                98.00509230000006,
                4.532099300000027
              ],
              [
                98.00500220000004,
                4.532098100000042
              ],
              [
                98.004913,
                4.532091600000058
              ],
              [
                98.00482770000008,
                4.532062300000064
              ],
              [
                98.00474290000005,
                4.532031700000061
              ],
              [
                98.00466010000008,
                4.531996100000072
              ],
              [
                98.00457720000009,
                4.53196040000006
              ],
              [
                98.00449440000006,
                4.531924700000047
              ],
              [
                98.00441460000008,
                4.531883500000049
              ],
              [
                98.00434,
                4.531832700000052
              ],
              [
                98.00426540000007,
                4.531782
              ],
              [
                98.00419040000008,
                4.531731900000068
              ],
              [
                98.00410920000007,
                4.53169280000003
              ],
              [
                98.00402790000004,
                4.531653700000049
              ],
              [
                98.00394660000006,
                4.531614600000069
              ],
              [
                98.00386530000009,
                4.531575500000031
              ],
              [
                98.003783,
                4.531538700000056
              ],
              [
                98.00369920000009,
                4.531505400000071
              ],
              [
                98.00361540000006,
                4.531472
              ],
              [
                98.00353170000005,
                4.531438700000024
              ],
              [
                98.00344790000008,
                4.531405300000074
              ],
              [
                98.00336410000006,
                4.531372
              ],
              [
                98.00327510000005,
                4.531358
              ],
              [
                98.003186,
                4.531344700000034
              ],
              [
                98.00309680000004,
                4.531331300000033
              ],
              [
                98.00300770000007,
                4.531318
              ],
              [
                98.00291850000008,
                4.531304700000021
              ],
              [
                98.00282960000004,
                4.531289700000059
              ],
              [
                98.00274120000006,
                4.531272500000057
              ],
              [
                98.00265270000006,
                4.531255300000055
              ],
              [
                98.00256420000005,
                4.531238100000053
              ],
              [
                98.00247570000005,
                4.531220900000051
              ],
              [
                98.00238880000006,
                4.531197700000064
              ],
              [
                98.002304,
                4.531167100000062
              ],
              [
                98.00221920000007,
                4.531136500000059
              ],
              [
                98.00213440000005,
                4.531105900000057
              ],
              [
                98.00204960000008,
                4.531075300000055
              ],
              [
                98.00196670000008,
                4.531039700000065
              ],
              [
                98.00188380000009,
                4.531004200000041
              ],
              [
                98.00180090000003,
                4.530968700000074
              ],
              [
                98.001728,
                4.530916400000024
              ],
              [
                98.00165740000006,
                4.530860100000041
              ],
              [
                98.00159650000006,
                4.530794800000024
              ],
              [
                98.00154570000007,
                4.530720200000076
              ],
              [
                98.00149480000005,
                4.530645500000048
              ],
              [
                98.00141250000007,
                4.530648700000029
              ],
              [
                98.00132430000008,
                4.530666900000028
              ],
              [
                98.001236,
                4.53068520000005
              ],
              [
                98.00114770000005,
                4.53070340000005
              ],
              [
                98.00105940000003,
                4.530721600000049
              ],
              [
                98.00097110000007,
                4.530739900000071
              ],
              [
                98.00088280000006,
                4.530758100000071
              ],
              [
                98.00079460000006,
                4.53077630000007
              ],
              [
                98.00070630000005,
                4.530794600000036
              ],
              [
                98.000618,
                4.530812800000035
              ],
              [
                98.00052970000007,
                4.530831
              ],
              [
                98.00044140000006,
                4.530849300000057
              ],
              [
                98.00035310000004,
                4.530867500000056
              ],
              [
                98.00026490000005,
                4.530885700000056
              ],
              [
                98.00017660000003,
                4.530903900000055
              ],
              [
                98.00008830000007,
                4.53092220000002
              ],
              [
                98,
                4.53094040000002
              ],
              [
                97.99899690000007,
                4.531299900000022
              ],
              [
                97.99799050000007,
                4.531660500000044
              ],
              [
                97.99738190000005,
                4.531878600000027
              ],
              [
                97.99548440000007,
                4.53255850000005
              ],
              [
                97.99545040000004,
                4.532699800000046
              ],
              [
                97.99534890000007,
                4.532784500000048
              ],
              [
                97.99515730000007,
                4.532812500000034
              ],
              [
                97.99494330000005,
                4.532778300000075
              ],
              [
                97.99459970000004,
                4.532726900000057
              ],
              [
                97.99425610000009,
                4.532703800000036
              ],
              [
                97.99396890000008,
                4.532646900000032
              ],
              [
                97.99366480000003,
                4.532556
              ],
              [
                97.99344520000005,
                4.532465300000069
              ],
              [
                97.99318630000005,
                4.532346200000063
              ],
              [
                97.992978,
                4.532244100000071
              ],
              [
                97.99270770000004,
                4.532153300000061
              ],
              [
                97.99241490000009,
                4.532051100000047
              ],
              [
                97.99219530000005,
                4.532005600000048
              ],
              [
                97.99200380000008,
                4.531943100000035
              ],
              [
                97.99163220000008,
                4.53185220000006
              ],
              [
                97.99144060000003,
                4.531834900000035
              ],
              [
                97.99117590000009,
                4.531800600000054
              ],
              [
                97.99091110000006,
                4.531805900000052
              ],
              [
                97.99052250000005,
                4.531771500000048
              ],
              [
                97.99010570000007,
                4.531731300000047
              ],
              [
                97.98984660000008,
                4.531708300000048
              ],
              [
                97.98961,
                4.531713700000068
              ],
              [
                97.98937890000008,
                4.531775500000037
              ],
              [
                97.98910840000008,
                4.531848600000046
              ],
              [
                97.988821,
                4.531944300000021
              ],
              [
                97.98857860000004,
                4.53206270000004
              ],
              [
                97.98833060000004,
                4.532181100000059
              ],
              [
                97.98824030000009,
                4.532254500000022
              ],
              [
                97.987919,
                4.532418
              ],
              [
                97.98774430000003,
                4.532468600000072
              ],
              [
                97.98747370000007,
                4.53257560000003
              ],
              [
                97.98720870000005,
                4.532733600000029
              ],
              [
                97.98711290000006,
                4.532818200000065
              ],
              [
                97.98691540000004,
                4.533015800000044
              ],
              [
                97.98671790000009,
                4.53326990000005
              ],
              [
                97.98655420000006,
                4.533490200000074
              ],
              [
                97.98644130000008,
                4.533704900000032
              ],
              [
                97.98630570000006,
                4.533936400000073
              ],
              [
                97.98614770000006,
                4.534139700000026
              ],
              [
                97.98592780000007,
                4.534326
              ],
              [
                97.98576990000004,
                4.534393600000044
              ],
              [
                97.98561770000003,
                4.534455600000058
              ],
              [
                97.98536410000008,
                4.534562600000072
              ],
              [
                97.98514980000004,
                4.53469240000004
              ],
              [
                97.98492430000005,
                4.534810800000059
              ],
              [
                97.98460870000008,
                4.53496860000007
              ],
              [
                97.98440010000007,
                4.535053100000027
              ],
              [
                97.98419160000003,
                4.535092400000053
              ],
              [
                97.984017,
                4.535069600000043
              ],
              [
                97.98363450000005,
                4.535380700000076
              ],
              [
                97.98327620000003,
                4.535672200000022
              ],
              [
                97.98253940000006,
                4.53627160000002
              ],
              [
                97.98259550000006,
                4.53643
              ],
              [
                97.98268540000004,
                4.536577100000045
              ],
              [
                97.98279230000009,
                4.536729900000068
              ],
              [
                97.98299480000009,
                4.536945
              ],
              [
                97.98320290000004,
                4.537114900000063
              ],
              [
                97.98340560000008,
                4.537245200000029
              ],
              [
                97.98367010000004,
                4.537398200000041
              ],
              [
                97.98385020000006,
                4.537534200000039
              ],
              [
                97.98409780000009,
                4.537732400000039
              ],
              [
                97.98431720000008,
                4.537919300000056
              ],
              [
                97.98451410000007,
                4.538100400000076
              ],
              [
                97.98473360000008,
                4.53830430000005
              ],
              [
                97.98504310000004,
                4.53854780000006
              ],
              [
                97.98505130000007,
                4.538556100000051
              ],
              [
                97.98520620000005,
                4.538712
              ],
              [
                97.98532430000006,
                4.538825200000076
              ],
              [
                97.98549870000005,
                4.539023300000053
              ],
              [
                97.98570680000006,
                4.539244100000076
              ],
              [
                97.985808,
                4.539391200000068
              ],
              [
                97.98590910000007,
                4.539606200000037
              ],
              [
                97.98589190000007,
                4.539815300000043
              ],
              [
                97.98589160000006,
                4.540024500000072
              ],
              [
                97.98578980000008,
                4.540312700000072
              ],
              [
                97.98571650000008,
                4.540414300000066
              ],
              [
                97.98562040000007,
                4.540595100000075
              ],
              [
                97.98551310000005,
                4.540792800000077
              ],
              [
                97.98538890000003,
                4.541024400000026
              ],
              [
                97.98528160000006,
                4.541227800000058
              ],
              [
                97.98517990000005,
                4.541442500000073
              ],
              [
                97.98502740000004,
                4.541724900000077
              ],
              [
                97.98489190000004,
                4.541922600000021
              ],
              [
                97.98471130000007,
                4.542154200000027
              ],
              [
                97.98457010000004,
                4.542380100000059
              ],
              [
                97.984474,
                4.542623
              ],
              [
                97.98439480000008,
                4.542866
              ],
              [
                97.984276,
                4.543244600000037
              ],
              [
                97.98425790000005,
                4.54329180000002
              ],
              [
                97.98417420000004,
                4.543510200000071
              ],
              [
                97.98409490000006,
                4.543843600000059
              ],
              [
                97.98409450000008,
                4.544086700000037
              ],
              [
                97.98413370000009,
                4.544290300000057
              ],
              [
                97.98419530000007,
                4.544550400000048
              ],
              [
                97.98424190000009,
                4.544749600000046
              ],
              [
                97.98426810000007,
                4.544861500000025
              ],
              [
                97.98433530000005,
                4.545155500000021
              ],
              [
                97.98441370000006,
                4.54548920000002
              ],
              [
                97.98445280000004,
                4.545721
              ],
              [
                97.98446940000008,
                4.54595850000004
              ],
              [
                97.98447460000006,
                4.546241200000054
              ],
              [
                97.98443490000005,
                4.546439
              ],
              [
                97.98434440000005,
                4.546698900000024
              ],
              [
                97.98424260000007,
                4.546975800000041
              ],
              [
                97.98412960000007,
                4.547173500000042
              ],
              [
                97.984028,
                4.547382500000026
              ],
              [
                97.98395450000004,
                4.547506800000065
              ],
              [
                97.98383030000008,
                4.547749700000054
              ],
              [
                97.98370040000003,
                4.547953
              ],
              [
                97.983548,
                4.548190300000044
              ],
              [
                97.98333920000005,
                4.548404800000071
              ],
              [
                97.98314180000006,
                4.548579800000027
              ],
              [
                97.98283730000009,
                4.548828100000037
              ],
              [
                97.98259480000007,
                4.54902
              ],
              [
                97.98239740000008,
                4.549178
              ],
              [
                97.98214920000004,
                4.549398100000076
              ],
              [
                97.98195170000008,
                4.549607
              ],
              [
                97.98178240000004,
                4.549815900000056
              ],
              [
                97.98163570000008,
                4.550019200000065
              ],
              [
                97.98151140000004,
                4.550222600000041
              ],
              [
                97.98134780000004,
                4.550408900000036
              ],
              [
                97.98117280000008,
                4.550640500000043
              ],
              [
                97.98093030000007,
                4.550854900000047
              ],
              [
                97.980761,
                4.551063900000031
              ],
              [
                97.98067630000008,
                4.551188100000047
              ],
              [
                97.98052950000005,
                4.551414100000045
              ],
              [
                97.98036020000006,
                4.551662600000043
              ],
              [
                97.98020210000004,
                4.551933700000063
              ],
              [
                97.980044,
                4.552187900000035
              ],
              [
                97.97988020000008,
                4.552447700000073
              ],
              [
                97.97971080000008,
                4.552724500000068
              ],
              [
                97.97958660000006,
                4.552956100000074
              ],
              [
                97.97946230000008,
                4.553176400000041
              ],
              [
                97.97931550000004,
                4.55341930000003
              ],
              [
                97.97918,
                4.55362260000004
              ],
              [
                97.978864,
                4.554017900000076
              ],
              [
                97.97870030000007,
                4.554243800000052
              ],
              [
                97.97850840000007,
                4.554514900000072
              ],
              [
                97.97835040000007,
                4.554723800000033
              ],
              [
                97.97812460000006,
                4.555028800000059
              ],
              [
                97.97791570000004,
                4.555305500000031
              ],
              [
                97.97779150000008,
                4.555508800000041
              ],
              [
                97.97765030000005,
                4.55575170000003
              ],
              [
                97.97750920000004,
                4.555960700000071
              ],
              [
                97.97737930000005,
                4.556181
              ],
              [
                97.97720990000005,
                4.556474700000024
              ],
              [
                97.97705180000008,
                4.556723200000022
              ],
              [
                97.97687690000004,
                4.556943500000045
              ],
              [
                97.97676960000007,
                4.557090300000027
              ],
              [
                97.97665110000008,
                4.557248400000049
              ],
              [
                97.97653260000004,
                4.557400900000061
              ],
              [
                97.97640840000008,
                4.557570300000066
              ],
              [
                97.97618850000003,
                4.557705700000042
              ],
              [
                97.97604920000003,
                4.55771580000004
              ],
              [
                97.97559630000006,
                4.55774880000007
              ],
              [
                97.97567560000005,
                4.556256400000052
              ],
              [
                97.97567570000007,
                4.556254900000056
              ],
              [
                97.97600010000008,
                4.554214700000045
              ],
              [
                97.97606410000009,
                4.553812100000073
              ],
              [
                97.97637710000004,
                4.553269700000044
              ],
              [
                97.97873590000006,
                4.549181200000021
              ],
              [
                97.98087320000008,
                4.545459100000073
              ],
              [
                97.98110790000004,
                4.543463200000076
              ],
              [
                97.97882330000004,
                4.53996410000002
              ],
              [
                97.97504880000008,
                4.536525200000028
              ],
              [
                97.97279550000007,
                4.535151900000074
              ],
              [
                97.970883,
                4.533986300000038
              ],
              [
                97.96925040000008,
                4.531355100000042
              ],
              [
                97.96712620000005,
                4.529500100000064
              ],
              [
                97.96545870000006,
                4.529037900000048
              ],
              [
                97.96223120000008,
                4.526660200000038
              ],
              [
                97.96223160000005,
                4.526659700000039
              ],
              [
                97.96223060000005,
                4.52665920000004
              ],
              [
                97.96224850000004,
                4.52663380000007
              ],
              [
                97.96227020000003,
                4.526602700000069
              ],
              [
                97.96232510000004,
                4.52652450000005
              ],
              [
                97.96244480000007,
                4.526353900000061
              ],
              [
                97.96257340000005,
                4.526170500000035
              ],
              [
                97.96268570000007,
                4.526023500000065
              ],
              [
                97.96272790000006,
                4.525968300000045
              ],
              [
                97.96279550000008,
                4.525973400000055
              ],
              [
                97.96310040000009,
                4.525996300000031
              ],
              [
                97.96466460000005,
                4.526126300000044
              ],
              [
                97.96466880000008,
                4.526126600000055
              ],
              [
                97.965053,
                4.524359300000071
              ],
              [
                97.96505410000003,
                4.524354
              ],
              [
                97.96518830000008,
                4.52402040000004
              ],
              [
                97.965464,
                4.523335400000065
              ],
              [
                97.96576820000007,
                4.522677800000054
              ],
              [
                97.96576840000006,
                4.52267740000002
              ],
              [
                97.967758,
                4.523298500000067
              ],
              [
                97.96843380000007,
                4.523504200000048
              ],
              [
                97.968749,
                4.523600100000067
              ],
              [
                97.96916250000004,
                4.523622400000022
              ],
              [
                97.97007,
                4.523671400000069
              ],
              [
                97.97034640000004,
                4.52366950000004
              ],
              [
                97.97043430000008,
                4.523668900000075
              ],
              [
                97.97043980000007,
                4.523668800000053
              ],
              [
                97.97031030000005,
                4.523149100000069
              ],
              [
                97.96993370000007,
                4.521637
              ],
              [
                97.96980130000009,
                4.521105600000055
              ],
              [
                97.96974770000008,
                4.521056600000065
              ],
              [
                97.96807650000005,
                4.519527900000071
              ],
              [
                97.96788050000004,
                4.519338600000026
              ],
              [
                97.96783,
                4.519289700000058
              ],
              [
                97.96768250000008,
                4.519268
              ],
              [
                97.96638370000005,
                4.518985200000031
              ],
              [
                97.96631040000005,
                4.518986600000062
              ],
              [
                97.96464480000009,
                4.519018700000061
              ],
              [
                97.96437190000006,
                4.519023900000036
              ],
              [
                97.96356770000006,
                4.519218800000033
              ],
              [
                97.96162740000005,
                4.519689
              ],
              [
                97.96162590000006,
                4.519684900000073
              ],
              [
                97.961404,
                4.519072900000026
              ],
              [
                97.96139630000005,
                4.519051700000034
              ],
              [
                97.96096570000003,
                4.517815900000073
              ],
              [
                97.96096040000003,
                4.517800900000054
              ],
              [
                97.96116120000005,
                4.515485200000057
              ],
              [
                97.961161,
                4.515483500000073
              ],
              [
                97.96115550000007,
                4.515392100000042
              ],
              [
                97.96109940000008,
                4.514468700000066
              ],
              [
                97.96109840000008,
                4.514467500000023
              ],
              [
                97.96074810000005,
                4.514041900000052
              ],
              [
                97.96063840000005,
                4.513897200000031
              ],
              [
                97.96060960000005,
                4.513859100000047
              ],
              [
                97.96060080000007,
                4.513847500000054
              ],
              [
                97.96038750000008,
                4.513142900000048
              ],
              [
                97.96047220000008,
                4.512544300000059
              ],
              [
                97.96056130000005,
                4.511914500000046
              ],
              [
                97.96056150000004,
                4.511912600000073
              ],
              [
                97.96042940000007,
                4.511985400000071
              ],
              [
                97.96034450000008,
                4.512031
              ],
              [
                97.95955230000004,
                4.512456500000042
              ],
              [
                97.95926190000006,
                4.512612400000023
              ],
              [
                97.95925830000004,
                4.512578
              ],
              [
                97.95925240000008,
                4.512521400000026
              ],
              [
                97.95915530000008,
                4.511340500000074
              ],
              [
                97.95915260000004,
                4.511306800000057
              ],
              [
                97.957843,
                4.510510600000032
              ],
              [
                97.95784590000005,
                4.510398700000053
              ],
              [
                97.95785310000008,
                4.510115700000028
              ],
              [
                97.95786270000008,
                4.509734300000048
              ],
              [
                97.957861,
                4.509733100000062
              ],
              [
                97.957575,
                4.509527300000059
              ],
              [
                97.95740920000009,
                4.509408
              ],
              [
                97.957325,
                4.509347400000024
              ],
              [
                97.95727990000006,
                4.509304900000075
              ],
              [
                97.95724120000006,
                4.509268400000053
              ],
              [
                97.95716830000003,
                4.509185900000034
              ],
              [
                97.95711270000004,
                4.509123100000068
              ],
              [
                97.95696820000006,
                4.50891660000002
              ],
              [
                97.95689930000003,
                4.508839900000055
              ],
              [
                97.95674,
                4.508662500000071
              ],
              [
                97.95680620000007,
                4.508202500000039
              ],
              [
                97.95685910000003,
                4.507835800000066
              ],
              [
                97.95685960000009,
                4.50783210000003
              ],
              [
                97.95684410000007,
                4.507813500000054
              ],
              [
                97.95683240000005,
                4.507799400000067
              ],
              [
                97.9565,
                4.507398900000055
              ],
              [
                97.95626620000007,
                4.507117100000073
              ]
            ]
          ],
          [
            [
              [
                98.03775680000007,
                4.536374200000068
              ],
              [
                98.03775710000008,
                4.536283900000058
              ],
              [
                98.03776160000007,
                4.536193600000047
              ],
              [
                98.03776650000003,
                4.536103400000059
              ],
              [
                98.03778550000004,
                4.536075700000026
              ],
              [
                98.03781750000007,
                4.536028900000076
              ],
              [
                98.03787530000005,
                4.535959800000057
              ],
              [
                98.037938,
                4.535894900000073
              ],
              [
                98.037965,
                4.53586690000003
              ],
              [
                98.03800070000005,
                4.535829900000067
              ],
              [
                98.03808320000007,
                4.535794
              ],
              [
                98.03817090000007,
                4.535787200000073
              ],
              [
                98.03826080000005,
                4.535793800000022
              ],
              [
                98.03833380000003,
                4.53584520000004
              ],
              [
                98.03840570000006,
                4.535899800000038
              ],
              [
                98.03847820000004,
                4.535953500000062
              ],
              [
                98.03855070000009,
                4.536007300000051
              ],
              [
                98.03857360000006,
                4.536025800000061
              ],
              [
                98.03862070000008,
                4.536063900000045
              ],
              [
                98.03868590000008,
                4.536126400000057
              ],
              [
                98.03875090000008,
                4.536189100000058
              ],
              [
                98.03881570000004,
                4.536252
              ],
              [
                98.03885560000003,
                4.536290800000074
              ],
              [
                98.03888040000004,
                4.536314900000036
              ],
              [
                98.03891160000006,
                4.536399700000061
              ],
              [
                98.03893650000003,
                4.536485700000071
              ],
              [
                98.03893640000007,
                4.53657620000007
              ],
              [
                98.03891080000005,
                4.536662100000058
              ],
              [
                98.03887330000003,
                4.536743800000067
              ],
              [
                98.03882510000005,
                4.536820100000057
              ],
              [
                98.03878470000006,
                4.536901
              ],
              [
                98.03874430000008,
                4.536981800000035
              ],
              [
                98.03872060000003,
                4.537067900000068
              ],
              [
                98.03869940000004,
                4.537150800000063
              ],
              [
                98.03867090000006,
                4.537165100000038
              ],
              [
                98.03861880000005,
                4.537191200000052
              ],
              [
                98.03854380000007,
                4.53717690000002
              ],
              [
                98.03853270000008,
                4.537174800000059
              ],
              [
                98.03844580000003,
                4.537150600000075
              ],
              [
                98.03837980000009,
                4.537100800000076
              ],
              [
                98.03831070000007,
                4.537043
              ],
              [
                98.03824750000007,
                4.536978600000054
              ],
              [
                98.03819860000004,
                4.536902600000076
              ],
              [
                98.03814470000003,
                4.536830200000054
              ],
              [
                98.03812620000008,
                4.536806300000023
              ],
              [
                98.03808930000008,
                4.53675880000003
              ],
              [
                98.03806160000005,
                4.536743300000069
              ],
              [
                98.03801090000007,
                4.536715
              ],
              [
                98.03793650000006,
                4.53666510000005
              ],
              [
                98.03786840000004,
                4.53660590000004
              ],
              [
                98.03780730000005,
                4.536539800000071
              ],
              [
                98.03776360000006,
                4.536464400000057
              ],
              [
                98.03775680000007,
                4.536374200000068
              ]
            ]
          ],
          [
            [
              [
                98.03999380000005,
                4.540891100000067
              ],
              [
                98.03999610000005,
                4.540800700000034
              ],
              [
                98.03999850000008,
                4.540710300000057
              ],
              [
                98.04001770000008,
                4.540623
              ],
              [
                98.04004570000006,
                4.540537
              ],
              [
                98.04007150000007,
                4.54045050000002
              ],
              [
                98.04010280000006,
                4.54036560000003
              ],
              [
                98.04013410000005,
                4.540280800000062
              ],
              [
                98.04016880000006,
                4.540197300000045
              ],
              [
                98.04020440000005,
                4.540114200000062
              ],
              [
                98.04024,
                4.540031100000022
              ],
              [
                98.040269,
                4.539945800000055
              ],
              [
                98.040291,
                4.539858200000026
              ],
              [
                98.04032140000004,
                4.539773
              ],
              [
                98.04035180000005,
                4.539687900000047
              ],
              [
                98.04038230000003,
                4.539602700000046
              ],
              [
                98.04041440000003,
                4.539518300000054
              ],
              [
                98.04044930000003,
                4.53943490000006
              ],
              [
                98.04048420000004,
                4.539351500000066
              ],
              [
                98.04051910000004,
                4.539268
              ],
              [
                98.04055570000008,
                4.539185400000065
              ],
              [
                98.04059330000007,
                4.539103200000056
              ],
              [
                98.04063080000009,
                4.539021
              ],
              [
                98.04066840000007,
                4.538938700000074
              ],
              [
                98.040706,
                4.538856500000065
              ],
              [
                98.040743,
                4.538774100000069
              ],
              [
                98.04077480000007,
                4.538689400000067
              ],
              [
                98.04080670000008,
                4.53860480000003
              ],
              [
                98.04083860000009,
                4.53852020000005
              ],
              [
                98.04087040000007,
                4.538435600000071
              ],
              [
                98.04090230000008,
                4.538351
              ],
              [
                98.04093410000007,
                4.538266400000055
              ],
              [
                98.04096540000006,
                4.538181500000064
              ],
              [
                98.04099660000008,
                4.53809670000004
              ],
              [
                98.04102790000007,
                4.538011800000049
              ],
              [
                98.04105910000004,
                4.537927
              ],
              [
                98.04108420000006,
                4.537840500000073
              ],
              [
                98.04109770000008,
                4.537756200000047
              ],
              [
                98.04109850000003,
                4.537751200000059
              ],
              [
                98.04111270000004,
                4.537661900000046
              ],
              [
                98.041127,
                4.537572600000033
              ],
              [
                98.04114170000008,
                4.537483300000076
              ],
              [
                98.04115730000007,
                4.537394200000051
              ],
              [
                98.041173,
                4.537305200000048
              ],
              [
                98.04118860000005,
                4.537216100000023
              ],
              [
                98.04121160000005,
                4.537129200000038
              ],
              [
                98.041247,
                4.537046
              ],
              [
                98.04128250000008,
                4.536962800000026
              ],
              [
                98.04131790000008,
                4.536879700000043
              ],
              [
                98.04134850000008,
                4.53679470000003
              ],
              [
                98.04139810000004,
                4.536720600000024
              ],
              [
                98.04143550000003,
                4.53668360000006
              ],
              [
                98.04146220000007,
                4.536657200000036
              ],
              [
                98.04153550000007,
                4.536605400000042
              ],
              [
                98.04161730000004,
                4.536568700000032
              ],
              [
                98.04170350000004,
                4.536544200000037
              ],
              [
                98.04179360000006,
                4.536541100000022
              ],
              [
                98.04188370000008,
                4.53654030000007
              ],
              [
                98.04197380000005,
                4.536543
              ],
              [
                98.04206390000007,
                4.536545200000035
              ],
              [
                98.042154,
                4.536545300000057
              ],
              [
                98.04224420000008,
                4.536545400000023
              ],
              [
                98.04233430000005,
                4.536546300000055
              ],
              [
                98.04242440000007,
                4.536548500000038
              ],
              [
                98.04251450000004,
                4.536550700000021
              ],
              [
                98.042604,
                4.536560200000054
              ],
              [
                98.04269320000009,
                4.536573500000031
              ],
              [
                98.04278280000005,
                4.536582
              ],
              [
                98.04287280000005,
                4.536585900000034
              ],
              [
                98.04296220000003,
                4.536597200000074
              ],
              [
                98.04305190000008,
                4.53660670000005
              ],
              [
                98.04314170000004,
                4.536614100000065
              ],
              [
                98.04323150000005,
                4.536621600000046
              ],
              [
                98.04332130000006,
                4.536629300000072
              ],
              [
                98.04341110000007,
                4.53663720000003
              ],
              [
                98.04350090000008,
                4.536645200000066
              ],
              [
                98.04359050000005,
                4.53665460000002
              ],
              [
                98.04368010000007,
                4.53666510000005
              ],
              [
                98.04376960000008,
                4.536675700000046
              ],
              [
                98.04385950000005,
                4.536682300000052
              ],
              [
                98.04394940000009,
                4.536688200000071
              ],
              [
                98.04403930000007,
                4.536694100000034
              ],
              [
                98.04412450000007,
                4.536722700000041
              ],
              [
                98.04420910000005,
                4.536754
              ],
              [
                98.04429580000004,
                4.536778500000025
              ],
              [
                98.04438280000005,
                4.536802200000068
              ],
              [
                98.04446970000004,
                4.536826
              ],
              [
                98.04455440000004,
                4.536856800000066
              ],
              [
                98.044638,
                4.536890300000039
              ],
              [
                98.04471230000007,
                4.536941500000069
              ],
              [
                98.04479220000007,
                4.536982300000034
              ],
              [
                98.04487570000003,
                4.53701650000005
              ],
              [
                98.044964,
                4.53701570000004
              ],
              [
                98.04505360000007,
                4.537006800000029
              ],
              [
                98.04514380000006,
                4.537006900000051
              ],
              [
                98.04523390000008,
                4.537007100000039
              ],
              [
                98.045324,
                4.537007200000062
              ],
              [
                98.04541310000008,
                4.537019
              ],
              [
                98.04550180000007,
                4.53703530000007
              ],
              [
                98.04553840000005,
                4.537044300000048
              ],
              [
                98.04558920000005,
                4.537056800000073
              ],
              [
                98.045676,
                4.537081200000046
              ],
              [
                98.04576450000008,
                4.537098300000025
              ],
              [
                98.04585310000004,
                4.537115300000039
              ],
              [
                98.04594210000005,
                4.537126700000044
              ],
              [
                98.04603230000004,
                4.537126800000067
              ],
              [
                98.04612240000006,
                4.537126900000032
              ],
              [
                98.04621250000008,
                4.537127
              ],
              [
                98.04630270000007,
                4.537127100000021
              ],
              [
                98.04639240000006,
                4.537131400000021
              ],
              [
                98.04648040000006,
                4.537150700000041
              ],
              [
                98.04655420000006,
                4.537199
              ],
              [
                98.04662430000008,
                4.53725570000006
              ],
              [
                98.04669970000003,
                4.537305300000071
              ],
              [
                98.04677820000006,
                4.537347400000044
              ],
              [
                98.04686620000007,
                4.537367200000062
              ],
              [
                98.04695530000004,
                4.537378700000033
              ],
              [
                98.04704530000004,
                4.537382900000068
              ],
              [
                98.04713530000004,
                4.537387
              ],
              [
                98.04722510000005,
                4.53739470000005
              ],
              [
                98.04731480000004,
                4.53740380000005
              ],
              [
                98.04740440000006,
                4.537413400000048
              ],
              [
                98.04749380000004,
                4.537425300000052
              ],
              [
                98.04758310000005,
                4.537437100000034
              ],
              [
                98.04767140000007,
                4.537453600000049
              ],
              [
                98.04775730000006,
                4.537481200000059
              ],
              [
                98.04784260000008,
                4.537510500000053
              ],
              [
                98.04792770000006,
                4.537540200000024
              ],
              [
                98.04795840000008,
                4.537550900000042
              ],
              [
                98.04801290000006,
                4.537569800000028
              ],
              [
                98.04809890000007,
                4.537596200000053
              ],
              [
                98.04818780000005,
                4.537611200000072
              ],
              [
                98.04827610000007,
                4.537628700000027
              ],
              [
                98.04836330000006,
                4.537651700000026
              ],
              [
                98.04844740000004,
                4.537683900000047
              ],
              [
                98.04853090000006,
                4.537718
              ],
              [
                98.04861440000008,
                4.537752100000034
              ],
              [
                98.048697,
                4.537788300000045
              ],
              [
                98.04877950000008,
                4.537824600000022
              ],
              [
                98.04886030000006,
                4.537864300000024
              ],
              [
                98.04893780000003,
                4.537910600000032
              ],
              [
                98.04901540000009,
                4.537956500000064
              ],
              [
                98.04909960000003,
                4.537988700000028
              ],
              [
                98.04918380000004,
                4.538020900000049
              ],
              [
                98.049268,
                4.538053400000024
              ],
              [
                98.04935210000008,
                4.538085900000056
              ],
              [
                98.04943620000006,
                4.538118300000065
              ],
              [
                98.04952120000007,
                4.538148500000034
              ],
              [
                98.04960620000008,
                4.538178600000037
              ],
              [
                98.04968760000008,
                4.538216500000033
              ],
              [
                98.04976540000007,
                4.538262100000054
              ],
              [
                98.04984040000005,
                4.538312200000064
              ],
              [
                98.04991450000006,
                4.538363700000048
              ],
              [
                98.04998860000006,
                4.538415200000031
              ],
              [
                98.05001020000003,
                4.538488
              ],
              [
                98.04999240000006,
                4.538576600000056
              ],
              [
                98.04992810000005,
                4.538639600000067
              ],
              [
                98.049863,
                4.538702100000023
              ],
              [
                98.04980010000008,
                4.538766900000041
              ],
              [
                98.04967410000006,
                4.538896300000033
              ],
              [
                98.04961810000003,
                4.538966900000048
              ],
              [
                98.04956410000005,
                4.539039400000036
              ],
              [
                98.04951010000008,
                4.539111800000057
              ],
              [
                98.04945620000007,
                4.539184300000045
              ],
              [
                98.04942070000004,
                4.539264800000069
              ],
              [
                98.04940540000007,
                4.539353900000037
              ],
              [
                98.04940530000005,
                4.539444300000071
              ],
              [
                98.04940520000008,
                4.539534800000069
              ],
              [
                98.04940210000007,
                4.539625200000046
              ],
              [
                98.04939820000004,
                4.539715500000057
              ],
              [
                98.04939420000005,
                4.539805900000033
              ],
              [
                98.04937280000007,
                4.539893400000039
              ],
              [
                98.04934380000003,
                4.539979
              ],
              [
                98.04932580000008,
                4.540021900000056
              ],
              [
                98.04930890000009,
                4.540062300000045
              ],
              [
                98.04926480000006,
                4.540141100000028
              ],
              [
                98.04922060000007,
                4.54022
              ],
              [
                98.04917650000004,
                4.540298900000039
              ],
              [
                98.04912060000004,
                4.540368500000056
              ],
              [
                98.04905790000004,
                4.540432400000043
              ],
              [
                98.04902660000005,
                4.540517200000068
              ],
              [
                98.04902480000004,
                4.540606600000046
              ],
              [
                98.04902940000005,
                4.540696900000057
              ],
              [
                98.04903870000004,
                4.540786700000069
              ],
              [
                98.04905370000006,
                4.54087590000006
              ],
              [
                98.04905680000007,
                4.540894500000036
              ],
              [
                98.04906860000006,
                4.540965100000051
              ],
              [
                98.04908340000009,
                4.541054400000064
              ],
              [
                98.04909660000004,
                4.541143800000043
              ],
              [
                98.04910980000005,
                4.541233300000044
              ],
              [
                98.049122,
                4.541322900000068
              ],
              [
                98.04912740000003,
                4.541413200000022
              ],
              [
                98.04913280000005,
                4.541503500000033
              ],
              [
                98.04913830000004,
                4.541593800000044
              ],
              [
                98.04914390000005,
                4.541684100000055
              ],
              [
                98.04915360000007,
                4.541774
              ],
              [
                98.04916330000003,
                4.541863900000067
              ],
              [
                98.04917290000009,
                4.541953800000044
              ],
              [
                98.04918220000008,
                4.542043800000044
              ],
              [
                98.04917870000008,
                4.542134200000021
              ],
              [
                98.04917520000004,
                4.542224600000054
              ],
              [
                98.04917170000004,
                4.542315
              ],
              [
                98.04914660000009,
                4.54240070000003
              ],
              [
                98.04911310000006,
                4.542484700000045
              ],
              [
                98.04908830000005,
                4.542571400000043
              ],
              [
                98.04906390000008,
                4.54265840000005
              ],
              [
                98.04903340000004,
                4.542743500000029
              ],
              [
                98.04900290000006,
                4.542828600000064
              ],
              [
                98.04897240000008,
                4.542913700000042
              ],
              [
                98.04894190000005,
                4.542998900000043
              ],
              [
                98.04892880000006,
                4.543088100000034
              ],
              [
                98.04891750000007,
                4.543177900000046
              ],
              [
                98.04889430000009,
                4.543265200000064
              ],
              [
                98.04886980000003,
                4.543352200000072
              ],
              [
                98.048869,
                4.543354600000043
              ],
              [
                98.04884150000004,
                4.543438
              ],
              [
                98.04880680000008,
                4.543521400000031
              ],
              [
                98.04876780000006,
                4.543603
              ],
              [
                98.04872740000008,
                4.543683800000053
              ],
              [
                98.04868580000004,
                4.543764
              ],
              [
                98.04866180000005,
                4.543795200000034
              ],
              [
                98.04863080000007,
                4.543835600000023
              ],
              [
                98.04857570000007,
                4.543907200000035
              ],
              [
                98.04852060000007,
                4.543978800000048
              ],
              [
                98.04845680000005,
                4.544042700000034
              ],
              [
                98.04839770000007,
                4.544110600000067
              ],
              [
                98.04834320000003,
                4.544182700000022
              ],
              [
                98.04828870000006,
                4.544254700000067
              ],
              [
                98.04823420000008,
                4.544326800000022
              ],
              [
                98.04817970000005,
                4.544398800000067
              ],
              [
                98.048125,
                4.544470800000056
              ],
              [
                98.04806360000003,
                4.544537
              ],
              [
                98.04800220000004,
                4.54460320000004
              ],
              [
                98.04794210000006,
                4.544670600000075
              ],
              [
                98.04788270000006,
                4.544738600000073
              ],
              [
                98.04782340000008,
                4.544806700000038
              ],
              [
                98.04776410000005,
                4.544874800000059
              ],
              [
                98.04770330000008,
                4.544941600000072
              ],
              [
                98.04764210000008,
                4.545008
              ],
              [
                98.04758090000007,
                4.545074400000033
              ],
              [
                98.04751940000006,
                4.545140500000059
              ],
              [
                98.04745740000004,
                4.545206300000075
              ],
              [
                98.04739550000005,
                4.545272
              ],
              [
                98.04733240000007,
                4.545336600000041
              ],
              [
                98.04726770000008,
                4.54539950000003
              ],
              [
                98.047203,
                4.545462400000076
              ],
              [
                98.04713530000004,
                4.545522
              ],
              [
                98.04706280000005,
                4.545575600000063
              ],
              [
                98.04698610000008,
                4.545622700000024
              ],
              [
                98.04690650000003,
                4.545665100000065
              ],
              [
                98.04682680000008,
                4.545707500000049
              ],
              [
                98.04674630000005,
                4.545747900000038
              ],
              [
                98.04666310000005,
                4.54578280000004
              ],
              [
                98.04658170000005,
                4.545820700000036
              ],
              [
                98.04650950000007,
                4.545874900000058
              ],
              [
                98.04643620000007,
                4.545927500000062
              ],
              [
                98.04636220000003,
                4.545979200000033
              ],
              [
                98.04628820000005,
                4.54603080000004
              ],
              [
                98.04621420000007,
                4.546082500000068
              ],
              [
                98.04614020000008,
                4.546134100000074
              ],
              [
                98.04606620000004,
                4.546185800000046
              ],
              [
                98.04598680000004,
                4.546228300000053
              ],
              [
                98.04590620000005,
                4.546268600000076
              ],
              [
                98.04582270000009,
                4.546298300000046
              ],
              [
                98.04573270000009,
                4.546302300000036
              ],
              [
                98.04564310000006,
                4.546293200000036
              ],
              [
                98.04555360000006,
                4.546282800000029
              ],
              [
                98.04546450000004,
                4.54627030000006
              ],
              [
                98.04537780000004,
                4.546245300000066
              ],
              [
                98.04529120000007,
                4.546220400000038
              ],
              [
                98.04521670000008,
                4.546170600000039
              ],
              [
                98.04514570000003,
                4.546115100000065
              ],
              [
                98.04508340000007,
                4.546049700000026
              ],
              [
                98.04502280000008,
                4.545983100000058
              ],
              [
                98.04497650000008,
                4.54590550000006
              ],
              [
                98.04495390000005,
                4.545819900000026
              ],
              [
                98.04494440000008,
                4.545729900000026
              ],
              [
                98.04494060000007,
                4.545639600000072
              ],
              [
                98.04492860000005,
                4.54555350000004
              ],
              [
                98.04485980000004,
                4.545495200000062
              ],
              [
                98.04477850000006,
                4.54547320000006
              ],
              [
                98.04468930000007,
                4.545481800000061
              ],
              [
                98.04460310000007,
                4.545508200000029
              ],
              [
                98.04451680000005,
                4.545534600000053
              ],
              [
                98.04444230000007,
                4.545557400000064
              ],
              [
                98.04443060000006,
                4.545561
              ],
              [
                98.04434390000006,
                4.545585
              ],
              [
                98.04425450000008,
                4.545596100000068
              ],
              [
                98.04416460000004,
                4.54559990000007
              ],
              [
                98.04407560000004,
                4.545591300000069
              ],
              [
                98.04398910000003,
                4.545565900000042
              ],
              [
                98.04390720000004,
                4.545528800000056
              ],
              [
                98.04382810000004,
                4.545485700000029
              ],
              [
                98.04375370000008,
                4.545434700000044
              ],
              [
                98.04373780000009,
                4.545426400000053
              ],
              [
                98.04367410000003,
                4.545393300000057
              ],
              [
                98.04359060000007,
                4.54535930000003
              ],
              [
                98.04350670000008,
                4.545326800000055
              ],
              [
                98.04341750000003,
                4.545313900000053
              ],
              [
                98.04332760000005,
                4.545307800000046
              ],
              [
                98.04324110000005,
                4.545292600000039
              ],
              [
                98.04316510000007,
                4.54524390000006
              ],
              [
                98.04310830000009,
                4.545176800000036
              ],
              [
                98.043063,
                4.545098600000074
              ],
              [
                98.04301110000006,
                4.545024700000056
              ],
              [
                98.042953,
                4.544956
              ],
              [
                98.04288930000007,
                4.544891900000039
              ],
              [
                98.04287040000008,
                4.544877700000029
              ],
              [
                98.04279830000007,
                4.544823300000076
              ],
              [
                98.04272630000008,
                4.544768900000065
              ],
              [
                98.04265420000007,
                4.54471460000002
              ],
              [
                98.04258220000008,
                4.544660200000067
              ],
              [
                98.04251830000004,
                4.544596500000068
              ],
              [
                98.04245460000004,
                4.544532400000037
              ],
              [
                98.042391,
                4.544468400000028
              ],
              [
                98.04232730000007,
                4.544404300000053
              ],
              [
                98.04226370000003,
                4.544340300000044
              ],
              [
                98.0422,
                4.54427620000007
              ],
              [
                98.04214710000008,
                4.544203200000027
              ],
              [
                98.04209580000008,
                4.544128800000067
              ],
              [
                98.04204450000003,
                4.54405440000005
              ],
              [
                98.04199330000006,
                4.54398
              ],
              [
                98.041942,
                4.543905700000039
              ],
              [
                98.04189070000007,
                4.543831300000022
              ],
              [
                98.04183940000007,
                4.543756900000062
              ],
              [
                98.04178780000007,
                4.543682700000033
              ],
              [
                98.04173580000008,
                4.543608800000072
              ],
              [
                98.04168380000004,
                4.543535
              ],
              [
                98.04163180000006,
                4.543461100000059
              ],
              [
                98.04157970000006,
                4.543387200000041
              ],
              [
                98.04152770000007,
                4.543313400000045
              ],
              [
                98.04147570000003,
                4.543239500000027
              ],
              [
                98.04142370000005,
                4.543165600000066
              ],
              [
                98.04137170000007,
                4.54309180000007
              ],
              [
                98.04131960000007,
                4.543017900000052
              ],
              [
                98.04126510000003,
                4.542945900000063
              ],
              [
                98.04120940000007,
                4.54287480000005
              ],
              [
                98.04115370000005,
                4.542803700000036
              ],
              [
                98.041098,
                4.542732600000022
              ],
              [
                98.04104230000007,
                4.542661400000043
              ],
              [
                98.04098660000005,
                4.542590300000029
              ],
              [
                98.04093090000003,
                4.542519200000072
              ],
              [
                98.04087520000007,
                4.542448100000058
              ],
              [
                98.04081950000005,
                4.542377
              ],
              [
                98.04076430000003,
                4.542305500000055
              ],
              [
                98.04071030000006,
                4.542233
              ],
              [
                98.04065630000008,
                4.542160600000045
              ],
              [
                98.04060230000005,
                4.542088200000023
              ],
              [
                98.04054840000003,
                4.542015700000036
              ],
              [
                98.04049440000006,
                4.541943300000071
              ],
              [
                98.04044040000008,
                4.541870800000027
              ],
              [
                98.04038640000005,
                4.541798400000062
              ],
              [
                98.04033860000004,
                4.541722100000072
              ],
              [
                98.04029720000005,
                4.541641700000071
              ],
              [
                98.04025590000003,
                4.541561300000069
              ],
              [
                98.04021460000007,
                4.541480900000067
              ],
              [
                98.04017330000005,
                4.541400500000066
              ],
              [
                98.040132,
                4.541320100000064
              ],
              [
                98.04009610000008,
                4.541237500000022
              ],
              [
                98.04006970000006,
                4.541151
              ],
              [
                98.04004330000004,
                4.541064500000061
              ],
              [
                98.04001690000007,
                4.540978100000075
              ],
              [
                98.04000360000003,
                4.540928
              ],
              [
                98.03999380000005,
                4.540891100000067
              ]
            ]
          ],
          [
            [
              [
                98.05568770000008,
                4.561466200000041
              ],
              [
                98.05569230000003,
                4.56137590000003
              ],
              [
                98.05570130000007,
                4.561286
              ],
              [
                98.05572540000009,
                4.561199200000033
              ],
              [
                98.05576460000003,
                4.561117900000056
              ],
              [
                98.055807,
                4.561038200000041
              ],
              [
                98.05584620000008,
                4.560956800000042
              ],
              [
                98.05588540000008,
                4.560875300000021
              ],
              [
                98.05592460000008,
                4.560793900000021
              ],
              [
                98.05596420000006,
                4.560712600000045
              ],
              [
                98.05600380000004,
                4.560631300000068
              ],
              [
                98.05604340000008,
                4.560550100000057
              ],
              [
                98.05608,
                4.56046740000005
              ],
              [
                98.05611630000004,
                4.56038460000002
              ],
              [
                98.05613680000005,
                4.560297200000036
              ],
              [
                98.05615070000005,
                4.560207800000057
              ],
              [
                98.05616470000007,
                4.560118400000022
              ],
              [
                98.05616380000004,
                4.560028200000033
              ],
              [
                98.05615920000008,
                4.559937900000023
              ],
              [
                98.05615030000007,
                4.559847900000022
              ],
              [
                98.05611490000007,
                4.559764800000039
              ],
              [
                98.05606750000004,
                4.559688
              ],
              [
                98.056024,
                4.559608900000057
              ],
              [
                98.05598380000004,
                4.559527900000035
              ],
              [
                98.05595,
                4.559444100000064
              ],
              [
                98.05592030000008,
                4.559358900000063
              ],
              [
                98.05590220000005,
                4.559270400000059
              ],
              [
                98.05590210000008,
                4.559268600000053
              ],
              [
                98.05589540000005,
                4.559180200000071
              ],
              [
                98.05589010000006,
                4.55908990000006
              ],
              [
                98.05588640000008,
                4.55899960000005
              ],
              [
                98.05588270000004,
                4.558909200000073
              ],
              [
                98.05588820000008,
                4.558819300000039
              ],
              [
                98.055905,
                4.558730600000047
              ],
              [
                98.055933,
                4.558644800000025
              ],
              [
                98.05597570000003,
                4.558565300000055
              ],
              [
                98.056028,
                4.558491600000025
              ],
              [
                98.05608020000005,
                4.558417900000052
              ],
              [
                98.05613980000004,
                4.558350200000064
              ],
              [
                98.05620670000008,
                4.558289900000034
              ],
              [
                98.05628520000005,
                4.558246700000041
              ],
              [
                98.05636360000005,
                4.558202100000074
              ],
              [
                98.05643990000004,
                4.558154200000047
              ],
              [
                98.05651210000008,
                4.5581
              ],
              [
                98.05658430000005,
                4.558045800000059
              ],
              [
                98.05665650000003,
                4.557991700000059
              ],
              [
                98.05672370000008,
                4.557931500000052
              ],
              [
                98.05679220000007,
                4.557872900000064
              ],
              [
                98.05686560000004,
                4.55782060000007
              ],
              [
                98.05694480000005,
                4.557777800000054
              ],
              [
                98.05702490000004,
                4.557736300000045
              ],
              [
                98.05710940000006,
                4.557705200000044
              ],
              [
                98.05718630000007,
                4.557658900000035
              ],
              [
                98.05726090000007,
                4.557608200000061
              ],
              [
                98.05733360000005,
                4.557554700000026
              ],
              [
                98.05740310000004,
                4.557497400000045
              ],
              [
                98.05746850000008,
                4.557435100000021
              ],
              [
                98.05753630000004,
                4.557375700000023
              ],
              [
                98.05760650000008,
                4.557318800000075
              ],
              [
                98.05769080000005,
                4.557290300000034
              ],
              [
                98.05777510000007,
                4.557259100000067
              ],
              [
                98.05785220000007,
                4.557214
              ],
              [
                98.05791710000005,
                4.557152200000075
              ],
              [
                98.05794920000005,
                4.557069200000058
              ],
              [
                98.05796050000004,
                4.556979400000046
              ],
              [
                98.05797530000007,
                4.556890400000043
              ],
              [
                98.05800660000006,
                4.556806
              ],
              [
                98.05804930000005,
                4.556726600000047
              ],
              [
                98.05809880000004,
                4.556651
              ],
              [
                98.05814790000005,
                4.556575100000032
              ],
              [
                98.05819540000005,
                4.556498200000021
              ],
              [
                98.05823750000008,
                4.556418400000041
              ],
              [
                98.058277,
                4.556337100000064
              ],
              [
                98.05831760000007,
                4.55625630000003
              ],
              [
                98.05836150000005,
                4.556177300000058
              ],
              [
                98.05840480000006,
                4.556098
              ],
              [
                98.05845060000007,
                4.556021200000032
              ],
              [
                98.05852430000004,
                4.555969100000027
              ],
              [
                98.058598,
                4.555917
              ],
              [
                98.05867160000008,
                4.555864800000052
              ],
              [
                98.05875380000003,
                4.555827800000031
              ],
              [
                98.05883650000004,
                4.555791800000065
              ],
              [
                98.05892020000005,
                4.555758800000035
              ],
              [
                98.058992,
                4.555704100000071
              ],
              [
                98.05906280000005,
                4.55564830000003
              ],
              [
                98.05912170000005,
                4.555580100000043
              ],
              [
                98.05917480000005,
                4.555507200000022
              ],
              [
                98.05923690000009,
                4.55544180000004
              ],
              [
                98.05929910000003,
                4.555377
              ],
              [
                98.05935870000008,
                4.555309800000032
              ],
              [
                98.05942870000007,
                4.555256
              ],
              [
                98.05951680000004,
                4.555236900000068
              ],
              [
                98.05960640000006,
                4.555231500000048
              ],
              [
                98.05969630000004,
                4.555237
              ],
              [
                98.05978460000006,
                4.555254600000069
              ],
              [
                98.059861,
                4.555302700000027
              ],
              [
                98.05993620000004,
                4.555352400000061
              ],
              [
                98.06000760000006,
                4.555407700000046
              ],
              [
                98.06007960000005,
                4.555462
              ],
              [
                98.06015450000007,
                4.555512300000032
              ],
              [
                98.06018380000006,
                4.555531900000062
              ],
              [
                98.06024740000004,
                4.555595900000071
              ],
              [
                98.06031110000004,
                4.55566
              ],
              [
                98.06037480000003,
                4.555724
              ],
              [
                98.06046050000003,
                4.555751800000053
              ],
              [
                98.06054780000005,
                4.555769700000042
              ],
              [
                98.060638,
                4.555769800000064
              ],
              [
                98.06072690000008,
                4.55578
              ],
              [
                98.06081430000006,
                4.555802100000051
              ],
              [
                98.06089980000007,
                4.555830800000024
              ],
              [
                98.06098690000005,
                4.55585080000003
              ],
              [
                98.06107690000005,
                4.55585480000002
              ],
              [
                98.06116480000009,
                4.555835800000068
              ],
              [
                98.06125190000006,
                4.555818300000055
              ],
              [
                98.06132970000004,
                4.555864
              ],
              [
                98.06140690000007,
                4.555910700000027
              ],
              [
                98.06145720000006,
                4.555943
              ],
              [
                98.06148280000008,
                4.555959500000029
              ],
              [
                98.06155870000003,
                4.55600830000003
              ],
              [
                98.06163720000006,
                4.556052500000021
              ],
              [
                98.06171720000003,
                4.556094200000075
              ],
              [
                98.06179760000003,
                4.556135100000063
              ],
              [
                98.06187820000008,
                4.556175600000074
              ],
              [
                98.06195870000005,
                4.556216200000051
              ],
              [
                98.06203460000006,
                4.556260800000075
              ],
              [
                98.06206140000006,
                4.556347100000039
              ],
              [
                98.06208820000006,
                4.556433500000026
              ],
              [
                98.06213990000003,
                4.556506900000045
              ],
              [
                98.06219480000004,
                4.556578700000046
              ],
              [
                98.06225530000006,
                4.556645600000024
              ],
              [
                98.062317,
                4.556711600000028
              ],
              [
                98.06237860000005,
                4.556777600000032
              ],
              [
                98.06244030000005,
                4.556843600000036
              ],
              [
                98.06250680000005,
                4.556904300000042
              ],
              [
                98.06257740000007,
                4.556960500000059
              ],
              [
                98.062648,
                4.557016700000077
              ],
              [
                98.06271940000005,
                4.557071700000051
              ],
              [
                98.06279720000003,
                4.557117500000061
              ],
              [
                98.062875,
                4.557163200000048
              ],
              [
                98.06295270000004,
                4.557209
              ],
              [
                98.06303050000008,
                4.557254700000044
              ],
              [
                98.06311070000004,
                4.557295400000044
              ],
              [
                98.06319470000005,
                4.557328200000029
              ],
              [
                98.06327870000007,
                4.557361
              ],
              [
                98.06336270000008,
                4.557393900000022
              ],
              [
                98.06344670000004,
                4.557426700000065
              ],
              [
                98.06351760000007,
                4.557481900000028
              ],
              [
                98.063585,
                4.557540500000073
              ],
              [
                98.06358870000008,
                4.557630900000049
              ],
              [
                98.06359230000004,
                4.557721300000026
              ],
              [
                98.06359510000004,
                4.557811500000071
              ],
              [
                98.06355860000008,
                4.557894200000021
              ],
              [
                98.06352220000008,
                4.557977
              ],
              [
                98.06348580000008,
                4.558059700000058
              ],
              [
                98.06343710000004,
                4.558135
              ],
              [
                98.06338040000009,
                4.558205200000032
              ],
              [
                98.06332360000005,
                4.558275500000036
              ],
              [
                98.06326680000006,
                4.558345700000075
              ],
              [
                98.06321,
                4.558416
              ],
              [
                98.06315350000006,
                4.558486400000049
              ],
              [
                98.06309890000006,
                4.558558400000038
              ],
              [
                98.06304430000006,
                4.558630300000061
              ],
              [
                98.06298960000004,
                4.55870230000005
              ],
              [
                98.062935,
                4.558774200000073
              ],
              [
                98.06288980000005,
                4.558833700000037
              ],
              [
                98.06288030000007,
                4.558846200000062
              ],
              [
                98.06282380000005,
                4.558916500000066
              ],
              [
                98.06276090000006,
                4.558981300000028
              ],
              [
                98.06269810000003,
                4.559046100000046
              ],
              [
                98.06263520000005,
                4.559111
              ],
              [
                98.06257240000008,
                4.559175800000048
              ],
              [
                98.06250950000003,
                4.559240600000066
              ],
              [
                98.06244550000008,
                4.559304300000065
              ],
              [
                98.06237910000004,
                4.559365400000047
              ],
              [
                98.06231260000004,
                4.559426500000029
              ],
              [
                98.06224610000004,
                4.559487600000068
              ],
              [
                98.06217960000004,
                4.559548600000028
              ],
              [
                98.06211310000003,
                4.559609700000067
              ],
              [
                98.06204660000009,
                4.559670800000049
              ],
              [
                98.06198010000008,
                4.559731900000031
              ],
              [
                98.06191370000005,
                4.559793
              ],
              [
                98.06184720000005,
                4.559854
              ],
              [
                98.06178070000004,
                4.559915100000069
              ],
              [
                98.06171420000004,
                4.559976200000051
              ],
              [
                98.06163810000004,
                4.560024400000032
              ],
              [
                98.061561,
                4.560071300000061
              ],
              [
                98.061484,
                4.560118300000056
              ],
              [
                98.06140690000007,
                4.560165200000029
              ],
              [
                98.06132990000003,
                4.560212200000024
              ],
              [
                98.06125280000003,
                4.560259100000053
              ],
              [
                98.06117580000006,
                4.560306100000048
              ],
              [
                98.06109880000008,
                4.560353
              ],
              [
                98.061019,
                4.560395100000051
              ],
              [
                98.06093880000009,
                4.560436300000049
              ],
              [
                98.06085850000005,
                4.56047760000007
              ],
              [
                98.06077830000004,
                4.560518800000068
              ],
              [
                98.06069810000008,
                4.56056
              ],
              [
                98.06061780000005,
                4.56060130000003
              ],
              [
                98.06053760000003,
                4.560642500000029
              ],
              [
                98.06045680000005,
                4.560682400000076
              ],
              [
                98.06037330000004,
                4.560716500000069
              ],
              [
                98.06028980000008,
                4.560750600000063
              ],
              [
                98.06020630000006,
                4.560784700000056
              ],
              [
                98.06012280000004,
                4.56081880000005
              ],
              [
                98.06003850000008,
                4.56085070000006
              ],
              [
                98.05995290000004,
                4.560879
              ],
              [
                98.05986730000006,
                4.560907300000054
              ],
              [
                98.05978170000009,
                4.56093560000005
              ],
              [
                98.05969610000005,
                4.560963900000047
              ],
              [
                98.05961050000008,
                4.560992200000044
              ],
              [
                98.05952480000008,
                4.561020500000041
              ],
              [
                98.05943920000004,
                4.561048800000037
              ],
              [
                98.05935360000007,
                4.561077100000034
              ],
              [
                98.05927140000006,
                4.561113600000056
              ],
              [
                98.05919140000003,
                4.56115520000003
              ],
              [
                98.05911140000006,
                4.561196900000027
              ],
              [
                98.05903140000004,
                4.561238600000024
              ],
              [
                98.05895140000007,
                4.561280300000021
              ],
              [
                98.05887140000004,
                4.561322
              ],
              [
                98.05879140000008,
                4.56136360000005
              ],
              [
                98.05870810000005,
                4.561397800000066
              ],
              [
                98.058624,
                4.561430500000029
              ],
              [
                98.05854,
                4.561463200000048
              ],
              [
                98.05845590000007,
                4.561495900000068
              ],
              [
                98.05837670000005,
                4.561526800000024
              ],
              [
                98.05837190000005,
                4.561528600000031
              ],
              [
                98.05828790000004,
                4.561561300000051
              ],
              [
                98.05820380000006,
                4.561594
              ],
              [
                98.05811980000004,
                4.561626800000056
              ],
              [
                98.05803560000004,
                4.561659200000065
              ],
              [
                98.05794910000009,
                4.561684600000035
              ],
              [
                98.05786260000008,
                4.56171
              ],
              [
                98.05777610000007,
                4.561735400000032
              ],
              [
                98.05768960000006,
                4.561760800000059
              ],
              [
                98.05760310000005,
                4.561786200000029
              ],
              [
                98.05751660000004,
                4.561811600000055
              ],
              [
                98.05742890000005,
                4.561830800000052
              ],
              [
                98.05733920000006,
                4.561839900000052
              ],
              [
                98.05724950000007,
                4.561849
              ],
              [
                98.05715980000008,
                4.561858100000052
              ],
              [
                98.05707010000003,
                4.561867200000052
              ],
              [
                98.05698040000004,
                4.561876300000051
              ],
              [
                98.05689080000008,
                4.561885400000051
              ],
              [
                98.05680110000009,
                4.561894500000051
              ],
              [
                98.05671120000005,
                4.561899600000061
              ],
              [
                98.05662110000009,
                4.561898600000063
              ],
              [
                98.056531,
                4.561897500000043
              ],
              [
                98.05644080000008,
                4.561896500000046
              ],
              [
                98.05635070000005,
                4.561895500000048
              ],
              [
                98.05626060000009,
                4.561894500000051
              ],
              [
                98.05617080000007,
                4.561890800000072
              ],
              [
                98.05608310000008,
                4.561869600000023
              ],
              [
                98.05599550000005,
                4.561848300000065
              ],
              [
                98.05590790000008,
                4.561827100000073
              ],
              [
                98.055832,
                4.561779100000024
              ],
              [
                98.05576750000006,
                4.56171740000002
              ],
              [
                98.05571920000006,
                4.561642100000029
              ],
              [
                98.05569320000006,
                4.561556200000041
              ],
              [
                98.05568770000008,
                4.561466200000041
              ]
            ]
          ],
          [
            [
              [
                98.06391640000004,
                4.551019
              ],
              [
                98.06391760000008,
                4.55092860000002
              ],
              [
                98.06391890000003,
                4.550838100000021
              ],
              [
                98.06393820000005,
                4.550751700000035
              ],
              [
                98.06397560000005,
                4.550669400000061
              ],
              [
                98.06401390000008,
                4.550587500000063
              ],
              [
                98.06406920000006,
                4.550516300000027
              ],
              [
                98.06408360000006,
                4.550502800000061
              ],
              [
                98.064135,
                4.550454700000046
              ],
              [
                98.06420340000005,
                4.550396600000056
              ],
              [
                98.06424960000004,
                4.550319300000069
              ],
              [
                98.064284,
                4.55023570000003
              ],
              [
                98.06432310000008,
                4.550154200000065
              ],
              [
                98.06437130000006,
                4.55007820000003
              ],
              [
                98.06442420000008,
                4.550004900000033
              ],
              [
                98.06447330000003,
                4.549929100000043
              ],
              [
                98.06452430000007,
                4.549855500000035
              ],
              [
                98.06460610000005,
                4.549817400000052
              ],
              [
                98.06468780000006,
                4.549779400000034
              ],
              [
                98.06476370000007,
                4.549822100000029
              ],
              [
                98.06479890000008,
                4.54990330000004
              ],
              [
                98.06482310000007,
                4.54999040000007
              ],
              [
                98.06483920000005,
                4.550077900000076
              ],
              [
                98.06482270000004,
                4.550166800000056
              ],
              [
                98.06480630000004,
                4.550255700000037
              ],
              [
                98.06478420000008,
                4.550343400000031
              ],
              [
                98.06477030000008,
                4.550430200000051
              ],
              [
                98.064808,
                4.550512400000059
              ],
              [
                98.06484170000004,
                4.55059620000003
              ],
              [
                98.06487290000007,
                4.550681100000077
              ],
              [
                98.06486810000007,
                4.550768600000026
              ],
              [
                98.06485770000006,
                4.550846700000022
              ],
              [
                98.06485630000009,
                4.550856400000043
              ],
              [
                98.06486230000007,
                4.550870600000053
              ],
              [
                98.06489160000007,
                4.550939700000072
              ],
              [
                98.06494080000004,
                4.551012400000047
              ],
              [
                98.06501680000008,
                4.551057600000036
              ],
              [
                98.06509870000008,
                4.551027
              ],
              [
                98.06515860000007,
                4.550960600000053
              ],
              [
                98.06521570000007,
                4.550890600000059
              ],
              [
                98.06527680000005,
                4.550824100000057
              ],
              [
                98.06533870000004,
                4.550758300000041
              ],
              [
                98.06541180000005,
                4.550721
              ],
              [
                98.06550170000008,
                4.55072640000003
              ],
              [
                98.065588,
                4.550743500000067
              ],
              [
                98.06566430000004,
                4.550791600000025
              ],
              [
                98.06574430000006,
                4.550820900000076
              ],
              [
                98.06583320000004,
                4.550805600000047
              ],
              [
                98.06592110000008,
                4.550804300000038
              ],
              [
                98.066007,
                4.55083170000006
              ],
              [
                98.06609280000004,
                4.550859200000048
              ],
              [
                98.06617730000005,
                4.550870100000054
              ],
              [
                98.066238,
                4.550811300000021
              ],
              [
                98.06626990000007,
                4.550726600000075
              ],
              [
                98.06631380000005,
                4.550652600000035
              ],
              [
                98.06639330000007,
                4.55060990000004
              ],
              [
                98.06645240000006,
                4.550549700000033
              ],
              [
                98.06647720000007,
                4.550464300000044
              ],
              [
                98.066447,
                4.550379100000043
              ],
              [
                98.06640780000004,
                4.550300100000072
              ],
              [
                98.06633870000007,
                4.550242100000048
              ],
              [
                98.066255,
                4.550243100000046
              ],
              [
                98.06616680000008,
                4.550261600000056
              ],
              [
                98.06607830000007,
                4.550278800000058
              ],
              [
                98.06598980000007,
                4.550296
              ],
              [
                98.06590520000003,
                4.550277
              ],
              [
                98.06583130000007,
                4.550230800000065
              ],
              [
                98.065783,
                4.550154400000054
              ],
              [
                98.06574830000005,
                4.550071700000046
              ],
              [
                98.06572150000005,
                4.54998530000006
              ],
              [
                98.06570260000007,
                4.549897200000032
              ],
              [
                98.065684,
                4.549810400000069
              ],
              [
                98.06562780000007,
                4.549739700000032
              ],
              [
                98.065575,
                4.549666400000035
              ],
              [
                98.06552510000006,
                4.549591100000043
              ],
              [
                98.06551590000004,
                4.549501400000054
              ],
              [
                98.06551260000003,
                4.549411100000043
              ],
              [
                98.06551280000008,
                4.549320700000067
              ],
              [
                98.065508,
                4.549230400000056
              ],
              [
                98.06550180000005,
                4.549140100000045
              ],
              [
                98.06549460000008,
                4.54905
              ],
              [
                98.06547590000008,
                4.548961600000041
              ],
              [
                98.06545520000009,
                4.548873600000036
              ],
              [
                98.06542830000006,
                4.548787300000072
              ],
              [
                98.06540140000004,
                4.548700900000028
              ],
              [
                98.06537450000008,
                4.548614600000064
              ],
              [
                98.06534970000007,
                4.548527600000057
              ],
              [
                98.06530760000004,
                4.548449500000061
              ],
              [
                98.06525340000007,
                4.548377300000027
              ],
              [
                98.06520380000006,
                4.548301700000025
              ],
              [
                98.06515420000005,
                4.548226200000045
              ],
              [
                98.06510280000003,
                4.54815190000005
              ],
              [
                98.06505090000007,
                4.548077900000067
              ],
              [
                98.06500140000009,
                4.548002600000075
              ],
              [
                98.06496410000005,
                4.547920300000044
              ],
              [
                98.06492680000008,
                4.547837900000047
              ],
              [
                98.06488750000005,
                4.547756500000048
              ],
              [
                98.06484760000006,
                4.54767540000006
              ],
              [
                98.064825,
                4.547588500000074
              ],
              [
                98.06480810000005,
                4.547499600000037
              ],
              [
                98.06479120000006,
                4.547410800000023
              ],
              [
                98.06478680000004,
                4.547379300000046
              ],
              [
                98.06477860000007,
                4.547321200000056
              ],
              [
                98.06477310000008,
                4.54723180000002
              ],
              [
                98.06479060000004,
                4.547143
              ],
              [
                98.06480810000005,
                4.54705430000007
              ],
              [
                98.06484060000008,
                4.546970300000055
              ],
              [
                98.06487440000006,
                4.546886400000062
              ],
              [
                98.064908,
                4.546802500000069
              ],
              [
                98.06492350000008,
                4.546779900000047
              ],
              [
                98.06497270000006,
                4.546704200000022
              ],
              [
                98.06501720000006,
                4.546625500000061
              ],
              [
                98.065073,
                4.546555200000057
              ],
              [
                98.06513450000006,
                4.546489100000031
              ],
              [
                98.06520720000003,
                4.546438400000056
              ],
              [
                98.06528890000004,
                4.546400300000073
              ],
              [
                98.06537730000008,
                4.546382700000038
              ],
              [
                98.06546570000006,
                4.546365
              ],
              [
                98.06555490000005,
                4.546352400000046
              ],
              [
                98.06564460000004,
                4.546343300000046
              ],
              [
                98.06573420000007,
                4.546334300000069
              ],
              [
                98.06582420000007,
                4.546328500000072
              ],
              [
                98.06591420000007,
                4.546324300000038
              ],
              [
                98.06600420000007,
                4.546320100000059
              ],
              [
                98.06609430000003,
                4.546315900000025
              ],
              [
                98.06618420000007,
                4.546322100000054
              ],
              [
                98.06627270000007,
                4.546335900000031
              ],
              [
                98.06635850000004,
                4.546363600000063
              ],
              [
                98.06644160000008,
                4.546398300000021
              ],
              [
                98.066524,
                4.546434900000065
              ],
              [
                98.06652410000004,
                4.546435
              ],
              [
                98.06660640000007,
                4.546471600000075
              ],
              [
                98.06668990000009,
                4.546505900000056
              ],
              [
                98.06677330000008,
                4.546540200000038
              ],
              [
                98.06680370000004,
                4.546552700000063
              ],
              [
                98.06685670000007,
                4.546574500000077
              ],
              [
                98.066927,
                4.546630200000038
              ],
              [
                98.066995,
                4.546689600000036
              ],
              [
                98.06706060000005,
                4.54675160000005
              ],
              [
                98.06712620000008,
                4.546813600000064
              ],
              [
                98.06719180000005,
                4.546875700000044
              ],
              [
                98.06725720000009,
                4.546937900000046
              ],
              [
                98.06732270000003,
                4.547000100000048
              ],
              [
                98.06738950000005,
                4.547060600000066
              ],
              [
                98.06746130000005,
                4.54711530000003
              ],
              [
                98.06753310000005,
                4.547170100000073
              ],
              [
                98.06760470000006,
                4.547225
              ],
              [
                98.06767620000005,
                4.547280100000023
              ],
              [
                98.06774770000004,
                4.54733520000002
              ],
              [
                98.06781910000007,
                4.547390300000075
              ],
              [
                98.06789260000005,
                4.547442700000033
              ],
              [
                98.06796620000006,
                4.547494900000061
              ],
              [
                98.06803990000009,
                4.547547100000031
              ],
              [
                98.06811540000007,
                4.547596400000032
              ],
              [
                98.06819230000008,
                4.547643600000072
              ],
              [
                98.06826920000003,
                4.547690800000055
              ],
              [
                98.06834290000006,
                4.547742600000049
              ],
              [
                98.06841430000009,
                4.547797800000069
              ],
              [
                98.06847580000004,
                4.54786260000003
              ],
              [
                98.06852950000007,
                4.54793520000004
              ],
              [
                98.06858950000009,
                4.54800270000004
              ],
              [
                98.068665,
                4.548043100000029
              ],
              [
                98.06875270000006,
                4.548063600000035
              ],
              [
                98.06883850000008,
                4.548091300000067
              ],
              [
                98.06892230000005,
                4.548124400000063
              ],
              [
                98.06900540000004,
                4.548158500000056
              ],
              [
                98.06909540000004,
                4.548162700000034
              ],
              [
                98.06928070000004,
                4.548350700000071
              ],
              [
                98.06930160000007,
                4.548461
              ],
              [
                98.06930460000007,
                4.548476600000072
              ],
              [
                98.069258,
                4.548602600000038
              ],
              [
                98.06917140000007,
                4.548705600000062
              ],
              [
                98.06907660000007,
                4.548802100000046
              ],
              [
                98.06900050000007,
                4.548864
              ],
              [
                98.06897150000003,
                4.548887500000035
              ],
              [
                98.06886910000009,
                4.548975900000073
              ],
              [
                98.06877280000003,
                4.549071100000049
              ],
              [
                98.06867650000004,
                4.549166400000047
              ],
              [
                98.06856160000007,
                4.549237700000049
              ],
              [
                98.06844620000004,
                4.549308500000052
              ],
              [
                98.06833090000003,
                4.549379300000055
              ],
              [
                98.06823390000005,
                4.549473200000023
              ],
              [
                98.06813950000009,
                4.549570300000028
              ],
              [
                98.06804510000006,
                4.549667400000033
              ],
              [
                98.06794980000006,
                4.549763600000063
              ],
              [
                98.06785280000008,
                4.549858200000074
              ],
              [
                98.06775580000004,
                4.549952700000063
              ],
              [
                98.06767510000009,
                4.550031500000046
              ],
              [
                98.06765880000006,
                4.550047300000074
              ],
              [
                98.06755980000008,
                4.550139600000023
              ],
              [
                98.06745860000007,
                4.550229600000023
              ],
              [
                98.06735740000005,
                4.550319500000057
              ],
              [
                98.06725620000003,
                4.550409500000058
              ],
              [
                98.06716580000005,
                4.550509100000056
              ],
              [
                98.06708950000007,
                4.550621100000058
              ],
              [
                98.06701320000008,
                4.550733100000059
              ],
              [
                98.06693680000006,
                4.55084510000006
              ],
              [
                98.06686050000008,
                4.550957100000062
              ],
              [
                98.06679340000005,
                4.551074700000072
              ],
              [
                98.06672880000008,
                4.551193900000044
              ],
              [
                98.06666430000007,
                4.551313200000038
              ],
              [
                98.06660090000008,
                4.551432900000066
              ],
              [
                98.06654810000003,
                4.551557900000034
              ],
              [
                98.066534,
                4.551591200000075
              ],
              [
                98.06649530000004,
                4.551682800000037
              ],
              [
                98.066444,
                4.551808300000062
              ],
              [
                98.06639920000003,
                4.551936300000023
              ],
              [
                98.06635430000006,
                4.55206430000004
              ],
              [
                98.06630950000005,
                4.552192300000058
              ],
              [
                98.06629520000007,
                4.552232
              ],
              [
                98.06626330000006,
                4.552324200000044
              ],
              [
                98.06619340000003,
                4.552381300000036
              ],
              [
                98.06612410000008,
                4.552439100000072
              ],
              [
                98.06605940000009,
                4.552500900000041
              ],
              [
                98.06601230000007,
                4.552578100000062
              ],
              [
                98.06596530000007,
                4.552655300000026
              ],
              [
                98.06591820000006,
                4.552732400000025
              ],
              [
                98.06586870000007,
                4.552806400000065
              ],
              [
                98.06578350000007,
                4.552836200000058
              ],
              [
                98.065701,
                4.552872100000059
              ],
              [
                98.06562160000004,
                4.552915100000064
              ],
              [
                98.065543,
                4.552959200000032
              ],
              [
                98.06546180000004,
                4.55299830000007
              ],
              [
                98.06537960000009,
                4.553035600000044
              ],
              [
                98.06530950000007,
                4.553091
              ],
              [
                98.06524320000005,
                4.553152300000022
              ],
              [
                98.06517840000004,
                4.553215200000068
              ],
              [
                98.06511520000004,
                4.553279700000076
              ],
              [
                98.06505790000006,
                4.553349200000071
              ],
              [
                98.06501630000008,
                4.553429400000027
              ],
              [
                98.06497470000005,
                4.553509700000063
              ],
              [
                98.06492610000004,
                4.553569100000061
              ],
              [
                98.06484460000007,
                4.553530500000022
              ],
              [
                98.06485930000008,
                4.553454100000067
              ],
              [
                98.064894,
                4.553370700000073
              ],
              [
                98.064932,
                4.553288700000053
              ],
              [
                98.06493120000005,
                4.553219300000023
              ],
              [
                98.06487420000008,
                4.553187600000058
              ],
              [
                98.06485240000006,
                4.553175400000043
              ],
              [
                98.06477360000008,
                4.553131500000063
              ],
              [
                98.06473470000009,
                4.553118300000051
              ],
              [
                98.06468820000003,
                4.553102600000045
              ],
              [
                98.06460250000003,
                4.553074700000025
              ],
              [
                98.06451680000004,
                4.553046700000039
              ],
              [
                98.06443110000004,
                4.553018800000075
              ],
              [
                98.06434530000007,
                4.552990800000032
              ],
              [
                98.06428490000008,
                4.552933
              ],
              [
                98.06426430000005,
                4.552888300000063
              ],
              [
                98.06424740000006,
                4.552851800000042
              ],
              [
                98.06425340000004,
                4.552761500000031
              ],
              [
                98.064267,
                4.552672400000063
              ],
              [
                98.06428780000005,
                4.552584400000057
              ],
              [
                98.06427620000005,
                4.552494800000034
              ],
              [
                98.06426640000007,
                4.552405
              ],
              [
                98.06424970000006,
                4.552317800000026
              ],
              [
                98.06420620000006,
                4.552238600000067
              ],
              [
                98.06417070000003,
                4.552155500000026
              ],
              [
                98.06412980000005,
                4.552075
              ],
              [
                98.06409230000008,
                4.55199280000005
              ],
              [
                98.06405820000003,
                4.551909100000046
              ],
              [
                98.06403650000004,
                4.551821300000029
              ],
              [
                98.06402590000005,
                4.551731500000074
              ],
              [
                98.06401530000005,
                4.551641700000062
              ],
              [
                98.06400710000008,
                4.551551600000039
              ],
              [
                98.06399860000005,
                4.551461500000073
              ],
              [
                98.06398790000009,
                4.551371700000061
              ],
              [
                98.06397720000007,
                4.551281900000049
              ],
              [
                98.06395580000009,
                4.55119430000002
              ],
              [
                98.06393080000004,
                4.551107400000035
              ],
              [
                98.06391640000004,
                4.551019
              ]
            ]
          ]
        ]
      }
    },
    {
      "type": "Feature",
      "properties": {
        "district": "Langsa Baro",
        "name": "Kecamatan Langsa Baro",
        "type": "Batas Kecamatan"
      },
      "geometry": {
        "type": "MultiPolygon",
        "coordinates": [
          [
            [
              [
                97.963094,
                4.484156
              ],
              [
                97.9631085,
                4.4842102
              ],
              [
                97.9632786,
                4.4848481
              ],
              [
                97.9628278,
                4.4849539
              ],
              [
                97.9618463,
                4.4852452
              ],
              [
                97.9600956,
                4.4858015
              ],
              [
                97.9590613,
                4.486013
              ],
              [
                97.9589282,
                4.4863587
              ],
              [
                97.9586104,
                4.4861454
              ],
              [
                97.95747,
                4.4863566
              ],
              [
                97.9574959,
                4.486809
              ],
              [
                97.9575484,
                4.4871284
              ],
              [
                97.9580256,
                4.4871823
              ],
              [
                97.9585295,
                4.4870766
              ],
              [
                97.9587859,
                4.4870415
              ],
              [
                97.9587141,
                4.4878219
              ],
              [
                97.9584935,
                4.4886206
              ],
              [
                97.9583934,
                4.4895954
              ],
              [
                97.9578954,
                4.4917235
              ],
              [
                97.9573319,
                4.4944655
              ],
              [
                97.9570958,
                4.4952959
              ],
              [
                97.9571291,
                4.4954868
              ],
              [
                97.9576773,
                4.4954427
              ],
              [
                97.9583596,
                4.4954212
              ],
              [
                97.9588505,
                4.49632
              ],
              [
                97.9589989,
                4.4965919
              ],
              [
                97.959056,
                4.4966989
              ],
              [
                97.959174,
                4.4969266
              ],
              [
                97.9593919,
                4.4976002
              ],
              [
                97.9590889,
                4.4976501
              ],
              [
                97.9590823,
                4.4979317
              ],
              [
                97.9590889,
                4.4979515
              ],
              [
                97.9590766,
                4.4986223
              ],
              [
                97.9590519,
                4.4993232
              ],
              [
                97.9589381,
                4.4998433
              ],
              [
                97.9588152,
                4.5004303
              ],
              [
                97.9586518,
                4.5013667
              ],
              [
                97.9582198,
                4.5024864
              ],
              [
                97.9579895,
                4.5036446
              ],
              [
                97.9576258,
                4.5043022
              ],
              [
                97.957407,
                4.5046139
              ],
              [
                97.9572571,
                4.5050926
              ],
              [
                97.9570179,
                4.5055413
              ],
              [
                97.9570176,
                4.505706
              ],
              [
                97.9569724,
                4.5060801
              ],
              [
                97.9570911,
                4.5064694
              ],
              [
                97.9572398,
                4.506784
              ],
              [
                97.9572545,
                4.5069636
              ],
              [
                97.9571797,
                4.5070832
              ],
              [
                97.9568812,
                4.5072175
              ],
              [
                97.9566151,
                4.5073304
              ],
              [
                97.9565438,
                4.5077206
              ],
              [
                97.9564374,
                4.5079688
              ],
              [
                97.9566843,
                4.5083239
              ],
              [
                97.9569666,
                4.5087501
              ],
              [
                97.9568598,
                4.5092466
              ],
              [
                97.9568947,
                4.509566
              ],
              [
                97.9570358,
                4.5097791
              ],
              [
                97.9573887,
                4.5102053
              ],
              [
                97.9580244,
                4.5106675
              ],
              [
                97.9580232,
                4.5114835
              ],
              [
                97.958659,
                4.5118747
              ],
              [
                97.9592949,
                4.5121949
              ],
              [
                97.95933,
                4.5123724
              ],
              [
                97.9593644,
                4.513082
              ],
              [
                97.9594343,
                4.5136143
              ],
              [
                97.9600003,
                4.5133668
              ],
              [
                97.9607787,
                4.5129066
              ],
              [
                97.9606362,
                4.5137225
              ],
              [
                97.9605998,
                4.514432
              ],
              [
                97.9607054,
                4.514787
              ],
              [
                97.9608464,
                4.515071
              ],
              [
                97.9612701,
                4.5154619
              ],
              [
                97.9613402,
                4.5158877
              ],
              [
                97.9613745,
                4.5165974
              ],
              [
                97.9612675,
                4.5172713
              ],
              [
                97.9611599,
                4.518371
              ],
              [
                97.9612298,
                4.5189388
              ],
              [
                97.9613,
                4.5192937
              ],
              [
                97.9618637,
                4.5206427
              ],
              [
                97.9620403,
                4.5207494
              ],
              [
                97.9624646,
                4.5207145
              ],
              [
                97.962995,
                4.5206089
              ],
              [
                97.9640914,
                4.5203266
              ],
              [
                97.965329,
                4.5201865
              ],
              [
                97.9665664,
                4.5201173
              ],
              [
                97.9680508,
                4.5204387
              ],
              [
                97.9687925,
                4.5209719
              ],
              [
                97.9697103,
                4.5219667
              ],
              [
                97.9701691,
                4.5224995
              ],
              [
                97.9704864,
                4.5231741
              ],
              [
                97.9706266,
                4.5240258
              ],
              [
                97.9706961,
                4.5248774
              ],
              [
                97.9703424,
                4.5249833
              ],
              [
                97.9694939,
                4.5249821
              ],
              [
                97.9687517,
                4.5248392
              ],
              [
                97.9672323,
                4.5242338
              ],
              [
                97.9659954,
                4.5239482
              ],
              [
                97.9655695,
                4.5251184
              ],
              [
                97.9652494,
                4.5264662
              ],
              [
                97.9650359,
                4.5274239
              ],
              [
                97.9648943,
                4.5275301
              ],
              [
                97.9643994,
                4.5274939
              ],
              [
                97.9635864,
                4.5274218
              ],
              [
                97.9629499,
                4.5274918
              ],
              [
                97.9625248,
                4.5280944
              ],
              [
                97.9623475,
                4.5284489
              ],
              [
                97.9623823,
                4.5288747
              ],
              [
                97.9626289,
                4.5294782
              ],
              [
                97.962699,
                4.5299041
              ],
              [
                97.9623449,
                4.5302584
              ],
              [
                97.9619344,
                4.5307077
              ],
              [
                97.9596157,
                4.5280658
              ],
              [
                97.9546581,
                4.5242768
              ],
              [
                97.9546581,
                4.5231558
              ],
              [
                97.9542697,
                4.5225455
              ],
              [
                97.9539004,
                4.5227987
              ],
              [
                97.9537211,
                4.5228304
              ],
              [
                97.9536288,
                4.5228303
              ],
              [
                97.9530307,
                4.5227337
              ],
              [
                97.9529053,
                4.5226874
              ],
              [
                97.9524305,
                4.5223709
              ],
              [
                97.9521246,
                4.5220333
              ],
              [
                97.9521562,
                4.5217168
              ],
              [
                97.95242,
                4.5213686
              ],
              [
                97.9528947,
                4.5210733
              ],
              [
                97.9533061,
                4.5207146
              ],
              [
                97.9535488,
                4.5204825
              ],
              [
                97.9536015,
                4.520282
              ],
              [
                97.9535427,
                4.5199278
              ],
              [
                97.9534,
                4.519568
              ],
              [
                97.951589,
                4.51714
              ],
              [
                97.950123,
                4.515406
              ],
              [
                97.948569,
                4.51497
              ],
              [
                97.94641,
                4.514707
              ],
              [
                97.944598,
                4.513838
              ],
              [
                97.943477,
                4.512278
              ],
              [
                97.9420107,
                4.5101287
              ],
              [
                97.9416995,
                4.5100099
              ],
              [
                97.9397744,
                4.5092115
              ],
              [
                97.9390344,
                4.5083724
              ],
              [
                97.937172,
                4.50639
              ],
              [
                97.933374,
                4.503974
              ],
              [
                97.928178,
                4.501891
              ],
              [
                97.922803,
                4.499103
              ],
              [
                97.909242,
                4.48931
              ],
              [
                97.90815,
                4.487442
              ],
              [
                97.908493,
                4.47767
              ],
              [
                97.9087921,
                4.4602006
              ],
              [
                97.9088861,
                4.459522
              ],
              [
                97.9088183,
                4.4586672
              ],
              [
                97.9088897,
                4.4544922
              ],
              [
                97.9086183,
                4.4504798
              ],
              [
                97.9085855,
                4.4502656
              ],
              [
                97.9084014,
                4.4501955
              ],
              [
                97.908183,
                4.4501119
              ],
              [
                97.9075549,
                4.4497167
              ],
              [
                97.9072069,
                4.4496729
              ],
              [
                97.907068,
                4.4497095
              ],
              [
                97.9070859,
                4.4496802
              ],
              [
                97.907214,
                4.4496191
              ],
              [
                97.9073174,
                4.449421
              ],
              [
                97.907279,
                4.4492355
              ],
              [
                97.9072019,
                4.449119
              ],
              [
                97.9071035,
                4.4488861
              ],
              [
                97.9071208,
                4.4487783
              ],
              [
                97.9074204,
                4.4481157
              ],
              [
                97.9075174,
                4.4478133
              ],
              [
                97.9075564,
                4.4475504
              ],
              [
                97.9076426,
                4.4473694
              ],
              [
                97.9077889,
                4.447167
              ],
              [
                97.9079437,
                4.4470638
              ],
              [
                97.9081972,
                4.4470124
              ],
              [
                97.9083733,
                4.4470256
              ],
              [
                97.9084177,
                4.44706
              ],
              [
                97.9087936,
                4.4474229
              ],
              [
                97.9088919,
                4.4477463
              ],
              [
                97.9088615,
                4.4480049
              ],
              [
                97.9088012,
                4.4481126
              ],
              [
                97.9085991,
                4.448302
              ],
              [
                97.9083754,
                4.4484741
              ],
              [
                97.9082077,
                4.4486291
              ],
              [
                97.9081646,
                4.4487281
              ],
              [
                97.9081772,
                4.4489135
              ],
              [
                97.908353,
                4.4491078
              ],
              [
                97.9086406,
                4.4492763
              ],
              [
                97.9088809,
                4.4494448
              ],
              [
                97.9090051,
                4.4496907
              ],
              [
                97.9091209,
                4.4497901
              ],
              [
                97.9092798,
                4.4497903
              ],
              [
                97.9093829,
                4.4497517
              ],
              [
                97.9095484,
                4.4495759
              ],
              [
                97.9097235,
                4.4493609
              ],
              [
                97.9101466,
                4.4487788
              ],
              [
                97.9104686,
                4.4484998
              ],
              [
                97.9108809,
                4.4482092
              ],
              [
                97.9111747,
                4.4480934
              ],
              [
                97.9117622,
                4.4480311
              ],
              [
                97.9118593,
                4.4480349
              ],
              [
                97.9127145,
                4.4480372
              ],
              [
                97.9129861,
                4.4480311
              ],
              [
                97.9133154,
                4.4479466
              ],
              [
                97.913765,
                4.4477285
              ],
              [
                97.9140854,
                4.4477329
              ],
              [
                97.9142278,
                4.4478709
              ],
              [
                97.9142812,
                4.4481691
              ],
              [
                97.9142812,
                4.4484272
              ],
              [
                97.9141566,
                4.4486409
              ],
              [
                97.9139474,
                4.4487432
              ],
              [
                97.9136912,
                4.4487389
              ],
              [
                97.9134846,
                4.4486765
              ],
              [
                97.9133201,
                4.4486469
              ],
              [
                97.9131196,
                4.4487102
              ],
              [
                97.9126976,
                4.4489739
              ],
              [
                97.9121617,
                4.4494047
              ],
              [
                97.9119827,
                4.4495957
              ],
              [
                97.9119764,
                4.4500538
              ],
              [
                97.9119846,
                4.450206
              ],
              [
                97.9119674,
                4.450498
              ],
              [
                97.9118487,
                4.4506237
              ],
              [
                97.911758,
                4.4507495
              ],
              [
                97.9117577,
                4.4509104
              ],
              [
                97.911876,
                4.4510574
              ],
              [
                97.9120013,
                4.4511066
              ],
              [
                97.9125379,
                4.4511354
              ],
              [
                97.9130534,
                4.45129
              ],
              [
                97.9134741,
                4.4513443
              ],
              [
                97.9140289,
                4.4513964
              ],
              [
                97.914463,
                4.4514736
              ],
              [
                97.9154224,
                4.4516013
              ],
              [
                97.9158507,
                4.4517008
              ],
              [
                97.9160717,
                4.4517113
              ],
              [
                97.9164188,
                4.4517216
              ],
              [
                97.9166558,
                4.451687
              ],
              [
                97.9168372,
                4.4515684
              ],
              [
                97.9171024,
                4.4513309
              ],
              [
                97.9172279,
                4.4512472
              ],
              [
                97.9176044,
                4.4511358
              ],
              [
                97.9177021,
                4.4510381
              ],
              [
                97.9177651,
                4.4508633
              ],
              [
                97.9177793,
                4.4506884
              ],
              [
                97.9177657,
                4.4504716
              ],
              [
                97.9178216,
                4.4503947
              ],
              [
                97.9180186,
                4.4503858
              ],
              [
                97.9182466,
                4.4504093
              ],
              [
                97.9184549,
                4.4502715
              ],
              [
                97.9186721,
                4.4501652
              ],
              [
                97.9188394,
                4.4501444
              ],
              [
                97.9190415,
                4.4501797
              ],
              [
                97.9191807,
                4.4503058
              ],
              [
                97.9193406,
                4.4505578
              ],
              [
                97.919511,
                4.4507114
              ],
              [
                97.9196788,
                4.4508475
              ],
              [
                97.9199054,
                4.4510237
              ],
              [
                97.9202514,
                4.4513164
              ],
              [
                97.9203917,
                4.4514561
              ],
              [
                97.9205521,
                4.4516051
              ],
              [
                97.9207139,
                4.4516171
              ],
              [
                97.9208892,
                4.4516095
              ],
              [
                97.9210971,
                4.4515233
              ],
              [
                97.9212499,
                4.4515825
              ],
              [
                97.9213787,
                4.4516714
              ],
              [
                97.9216152,
                4.4518652
              ],
              [
                97.9218607,
                4.4521758
              ],
              [
                97.9219747,
                4.4523479
              ],
              [
                97.9220967,
                4.4525516
              ],
              [
                97.9222956,
                4.4529264
              ],
              [
                97.9223747,
                4.4530511
              ],
              [
                97.9225958,
                4.4533629
              ],
              [
                97.9227583,
                4.4536831
              ],
              [
                97.9229825,
                4.4540431
              ],
              [
                97.9230573,
                4.4541268
              ],
              [
                97.9231785,
                4.4542912
              ],
              [
                97.9232919,
                4.4544696
              ],
              [
                97.9233582,
                4.4546035
              ],
              [
                97.9234327,
                4.4547766
              ],
              [
                97.9234404,
                4.4548592
              ],
              [
                97.9234952,
                4.454938
              ],
              [
                97.9236519,
                4.4549933
              ],
              [
                97.9238532,
                4.4549433
              ],
              [
                97.9239891,
                4.4549308
              ],
              [
                97.9241341,
                4.4550019
              ],
              [
                97.9242006,
                4.4550728
              ],
              [
                97.9242593,
                4.4551752
              ],
              [
                97.9242551,
                4.4553129
              ],
              [
                97.9241726,
                4.4554898
              ],
              [
                97.9240626,
                4.4556352
              ],
              [
                97.9240702,
                4.4557768
              ],
              [
                97.9241014,
                4.4558949
              ],
              [
                97.9241562,
                4.4559698
              ],
              [
                97.9242881,
                4.4559711
              ],
              [
                97.9243875,
                4.4559662
              ],
              [
                97.9244777,
                4.4559033
              ],
              [
                97.924637,
                4.4556999
              ],
              [
                97.9246938,
                4.4556146
              ],
              [
                97.9247573,
                4.4555047
              ],
              [
                97.9248589,
                4.455298
              ],
              [
                97.9248787,
                4.4551643
              ],
              [
                97.9248083,
                4.454991
              ],
              [
                97.9246981,
                4.4548771
              ],
              [
                97.9245109,
                4.4546601
              ],
              [
                97.9243819,
                4.4544396
              ],
              [
                97.9243546,
                4.4543176
              ],
              [
                97.9243315,
                4.4540067
              ],
              [
                97.9244103,
                4.4537786
              ],
              [
                97.924532,
                4.4536214
              ],
              [
                97.9246731,
                4.4536374
              ],
              [
                97.9249436,
                4.4537736
              ],
              [
                97.9254722,
                4.4540556
              ],
              [
                97.9260478,
                4.4544814
              ],
              [
                97.9262553,
                4.4546902
              ],
              [
                97.9263414,
                4.4548241
              ],
              [
                97.9263604,
                4.4551822
              ],
              [
                97.9264387,
                4.4552531
              ],
              [
                97.926674,
                4.4552416
              ],
              [
                97.9267829,
                4.4551247
              ],
              [
                97.9268861,
                4.454939
              ],
              [
                97.9269688,
                4.4546952
              ],
              [
                97.9270747,
                4.4546127
              ],
              [
                97.9272551,
                4.4546051
              ],
              [
                97.9274039,
                4.4546643
              ],
              [
                97.9275762,
                4.4548023
              ],
              [
                97.9278192,
                4.4551932
              ],
              [
                97.927994,
                4.4554637
              ],
              [
                97.9280844,
                4.4556311
              ],
              [
                97.9282211,
                4.4559344
              ],
              [
                97.9283581,
                4.4562907
              ],
              [
                97.9284653,
                4.4565013
              ],
              [
                97.928667,
                4.4568695
              ],
              [
                97.928757,
                4.4569601
              ],
              [
                97.9288588,
                4.4570035
              ],
              [
                97.9289804,
                4.4569919
              ],
              [
                97.9290746,
                4.4569212
              ],
              [
                97.9291375,
                4.4568072
              ],
              [
                97.9292083,
                4.4566145
              ],
              [
                97.9292439,
                4.4564218
              ],
              [
                97.929338,
                4.4563668
              ],
              [
                97.9295144,
                4.4563592
              ],
              [
                97.9297535,
                4.4564304
              ],
              [
                97.9299023,
                4.456525
              ],
              [
                97.9300118,
                4.4567377
              ],
              [
                97.9300271,
                4.4569698
              ],
              [
                97.9300699,
                4.4572099
              ],
              [
                97.9301435,
                4.4573974
              ],
              [
                97.9302459,
                4.4574856
              ],
              [
                97.9303791,
                4.4575369
              ],
              [
                97.9307712,
                4.4574824
              ],
              [
                97.9308967,
                4.4574236
              ],
              [
                97.9310772,
                4.4573019
              ],
              [
                97.9312186,
                4.457125
              ],
              [
                97.9313992,
                4.4569364
              ],
              [
                97.9315444,
                4.4568461
              ],
              [
                97.9318266,
                4.4568347
              ],
              [
                97.9320022,
                4.4568623
              ],
              [
                97.9321122,
                4.4568796
              ],
              [
                97.9322656,
                4.4569141
              ],
              [
                97.9324223,
                4.4570127
              ],
              [
                97.9324887,
                4.457119
              ],
              [
                97.9324911,
                4.4572191
              ],
              [
                97.9324852,
                4.4573266
              ],
              [
                97.9324111,
                4.4575416
              ],
              [
                97.9323704,
                4.4576382
              ],
              [
                97.9323702,
                4.4577719
              ],
              [
                97.9324719,
                4.4579059
              ],
              [
                97.9326992,
                4.4579455
              ],
              [
                97.9327972,
                4.4579693
              ],
              [
                97.9328912,
                4.4580206
              ],
              [
                97.9329185,
                4.458115
              ],
              [
                97.9329183,
                4.4582409
              ],
              [
                97.9328319,
                4.4583943
              ],
              [
                97.9327296,
                4.4586302
              ],
              [
                97.9326823,
                4.458819
              ],
              [
                97.9327173,
                4.4590197
              ],
              [
                97.9328387,
                4.4590907
              ],
              [
                97.9329328,
                4.4590947
              ],
              [
                97.933172,
                4.4590597
              ],
              [
                97.9332813,
                4.4590282
              ],
              [
                97.9332966,
                4.4590323
              ],
              [
                97.9333008,
                4.4590226
              ],
              [
                97.9334034,
                4.4589931
              ],
              [
                97.9335052,
                4.4590129
              ],
              [
                97.9336188,
                4.4590761
              ],
              [
                97.9337952,
                4.4592704
              ],
              [
                97.9338889,
                4.4593912
              ],
              [
                97.9339944,
                4.4595999
              ],
              [
                97.9340523,
                4.459807
              ],
              [
                97.934084,
                4.4599856
              ],
              [
                97.9340742,
                4.4601725
              ],
              [
                97.934058,
                4.4602713
              ],
              [
                97.9339472,
                4.4603989
              ],
              [
                97.9335498,
                4.4607245
              ],
              [
                97.9335809,
                4.4609528
              ],
              [
                97.9338897,
                4.461563
              ],
              [
                97.9338122,
                4.4616172
              ],
              [
                97.9335766,
                4.4617055
              ],
              [
                97.9332266,
                4.46173
              ],
              [
                97.9328068,
                4.4617698
              ],
              [
                97.9326642,
                4.4618665
              ],
              [
                97.932524,
                4.4621912
              ],
              [
                97.9323837,
                4.4625528
              ],
              [
                97.9324201,
                4.4628038
              ],
              [
                97.9325155,
                4.462959
              ],
              [
                97.9326994,
                4.4629962
              ],
              [
                97.9330889,
                4.4632404
              ],
              [
                97.9333119,
                4.4635146
              ],
              [
                97.9334854,
                4.463743
              ],
              [
                97.9336321,
                4.4640238
              ],
              [
                97.933782,
                4.4642438
              ],
              [
                97.9338246,
                4.4642999
              ],
              [
                97.93422,
                4.4647282
              ],
              [
                97.9342417,
                4.4647482
              ],
              [
                97.9343813,
                4.464837
              ],
              [
                97.934499,
                4.4648298
              ],
              [
                97.9345507,
                4.4646896
              ],
              [
                97.9345291,
                4.4643721
              ],
              [
                97.9344267,
                4.4639733
              ],
              [
                97.9343093,
                4.4637737
              ],
              [
                97.934258,
                4.463626
              ],
              [
                97.9342068,
                4.4634118
              ],
              [
                97.9342512,
                4.4632495
              ],
              [
                97.9345605,
                4.462962
              ],
              [
                97.9345608,
                4.4627922
              ],
              [
                97.9346789,
                4.4625044
              ],
              [
                97.9348559,
                4.4622241
              ],
              [
                97.9350185,
                4.4621106
              ],
              [
                97.9352922,
                4.4621671
              ],
              [
                97.9354803,
                4.4622381
              ],
              [
                97.9356042,
                4.4623547
              ],
              [
                97.9357034,
                4.4624588
              ],
              [
                97.9357933,
                4.4626281
              ],
              [
                97.9357899,
                4.4627287
              ],
              [
                97.9357615,
                4.4629546
              ],
              [
                97.9358867,
                4.4631358
              ],
              [
                97.9359847,
                4.4631556
              ],
              [
                97.936118,
                4.4631047
              ],
              [
                97.9361809,
                4.4630025
              ],
              [
                97.9362007,
                4.4628608
              ],
              [
                97.9361803,
                4.4626831
              ],
              [
                97.9361935,
                4.4623926
              ],
              [
                97.9362575,
                4.4622947
              ],
              [
                97.9362621,
                4.462294
              ],
              [
                97.9362603,
                4.4622904
              ],
              [
                97.9363662,
                4.4622709
              ],
              [
                97.9365465,
                4.4623145
              ],
              [
                97.9367031,
                4.4624052
              ],
              [
                97.936877,
                4.4625348
              ],
              [
                97.9369971,
                4.4626401
              ],
              [
                97.9374588,
                4.4630633
              ],
              [
                97.937597,
                4.4631509
              ],
              [
                97.9377761,
                4.4632448
              ],
              [
                97.9379015,
                4.463245
              ],
              [
                97.938027,
                4.4632137
              ],
              [
                97.9381095,
                4.4631193
              ],
              [
                97.9381607,
                4.4629306
              ],
              [
                97.9381731,
                4.4624703
              ],
              [
                97.9382282,
                4.462313
              ],
              [
                97.9383695,
                4.4622463
              ],
              [
                97.9384048,
                4.4622682
              ],
              [
                97.9384713,
                4.4623094
              ],
              [
                97.938607,
                4.4626028
              ],
              [
                97.9387406,
                4.4628389
              ],
              [
                97.9388349,
                4.462963
              ],
              [
                97.9389563,
                4.4630655
              ],
              [
                97.9391279,
                4.4633626
              ],
              [
                97.9392182,
                4.4635616
              ],
              [
                97.9392259,
                4.4636875
              ],
              [
                97.9391904,
                4.4638567
              ],
              [
                97.9391172,
                4.4639946
              ],
              [
                97.939046,
                4.464174
              ],
              [
                97.9389506,
                4.464436
              ],
              [
                97.9387811,
                4.4649892
              ],
              [
                97.9387847,
                4.4651623
              ],
              [
                97.9388317,
                4.4652332
              ],
              [
                97.9389218,
                4.4652569
              ],
              [
                97.9390472,
                4.4652532
              ],
              [
                97.9391179,
                4.46521
              ],
              [
                97.9392043,
                4.4650606
              ],
              [
                97.9393103,
                4.4649428
              ],
              [
                97.9394359,
                4.4648564
              ],
              [
                97.9396025,
                4.4648451
              ],
              [
                97.9399103,
                4.4648492
              ],
              [
                97.9401037,
                4.4649025
              ],
              [
                97.9402042,
                4.4649401
              ],
              [
                97.9402982,
                4.4649599
              ],
              [
                97.9404081,
                4.464905
              ],
              [
                97.9404632,
                4.4647438
              ],
              [
                97.9404438,
                4.4645824
              ],
              [
                97.9399543,
                4.4642237
              ],
              [
                97.93979,
                4.4639992
              ],
              [
                97.9398219,
                4.4636097
              ],
              [
                97.9400382,
                4.4632279
              ],
              [
                97.940203,
                4.4630279
              ],
              [
                97.9403559,
                4.4629731
              ],
              [
                97.940587,
                4.4631269
              ],
              [
                97.9407907,
                4.4632531
              ],
              [
                97.9410689,
                4.4633322
              ],
              [
                97.9411902,
                4.4635251
              ],
              [
                97.9411821,
                4.4636628
              ],
              [
                97.9411036,
                4.4637414
              ],
              [
                97.9408407,
                4.4639102
              ],
              [
                97.94077,
                4.464036
              ],
              [
                97.9408162,
                4.4645633
              ],
              [
                97.9408709,
                4.4647483
              ],
              [
                97.9409217,
                4.4648231
              ],
              [
                97.9410001,
                4.4648586
              ],
              [
                97.941055,
                4.4648312
              ],
              [
                97.9411609,
                4.4647566
              ],
              [
                97.9412629,
                4.4647489
              ],
              [
                97.9413568,
                4.4648355
              ],
              [
                97.9415019,
                4.4648594
              ],
              [
                97.9418225,
                4.4648076
              ],
              [
                97.9421452,
                4.4647406
              ],
              [
                97.9423488,
                4.4647032
              ],
              [
                97.9425491,
                4.4649312
              ],
              [
                97.942786,
                4.4650661
              ],
              [
                97.9429179,
                4.4651729
              ],
              [
                97.9429623,
                4.4652556
              ],
              [
                97.942863,
                4.4656759
              ],
              [
                97.9430185,
                4.4663932
              ],
              [
                97.9431013,
                4.4667174
              ],
              [
                97.9432396,
                4.4672018
              ],
              [
                97.9433819,
                4.4673958
              ],
              [
                97.943453,
                4.4674362
              ],
              [
                97.9434961,
                4.4674668
              ],
              [
                97.9435383,
                4.4674846
              ],
              [
                97.9436839,
                4.4674671
              ],
              [
                97.9438446,
                4.4673171
              ],
              [
                97.943954,
                4.467201
              ],
              [
                97.9440136,
                4.4671444
              ],
              [
                97.9440703,
                4.4670981
              ],
              [
                97.9442402,
                4.4670208
              ],
              [
                97.9444124,
                4.4669827
              ],
              [
                97.9445269,
                4.4669814
              ],
              [
                97.9446329,
                4.4669307
              ],
              [
                97.9450548,
                4.4664289
              ],
              [
                97.94515,
                4.4661192
              ],
              [
                97.9451501,
                4.4660484
              ],
              [
                97.9450754,
                4.4658446
              ],
              [
                97.9450027,
                4.4657936
              ],
              [
                97.9448617,
                4.4657558
              ],
              [
                97.9447405,
                4.465707
              ],
              [
                97.9446832,
                4.465656
              ],
              [
                97.9446084,
                4.4655231
              ],
              [
                97.9445931,
                4.4654058
              ],
              [
                97.9446021,
                4.4652929
              ],
              [
                97.9446464,
                4.4651889
              ],
              [
                97.9447423,
                4.4650685
              ],
              [
                97.9447657,
                4.4650209
              ],
              [
                97.9447969,
                4.4647908
              ],
              [
                97.9448312,
                4.4645955
              ],
              [
                97.944823,
                4.4644412
              ],
              [
                97.9448394,
                4.4643659
              ],
              [
                97.9449718,
                4.4642776
              ],
              [
                97.9450909,
                4.464249
              ],
              [
                97.9453819,
                4.4643579
              ],
              [
                97.9456044,
                4.464491
              ],
              [
                97.9458554,
                4.4647348
              ],
              [
                97.9458968,
                4.4651243
              ],
              [
                97.9460859,
                4.4654477
              ],
              [
                97.946282,
                4.4655631
              ],
              [
                97.9464404,
                4.4658311
              ],
              [
                97.946577,
                4.465953
              ],
              [
                97.9467554,
                4.4660949
              ],
              [
                97.9477378,
                4.4668178
              ],
              [
                97.9479627,
                4.4668514
              ],
              [
                97.9482674,
                4.4665862
              ],
              [
                97.9483534,
                4.4665554
              ],
              [
                97.9484328,
                4.4665687
              ],
              [
                97.9485054,
                4.466664
              ],
              [
                97.9488506,
                4.4673672
              ],
              [
                97.9489564,
                4.4674382
              ],
              [
                97.9490357,
                4.467456
              ],
              [
                97.9495103,
                4.4670037
              ],
              [
                97.949866,
                4.4666899
              ],
              [
                97.9500073,
                4.4665515
              ],
              [
                97.9500514,
                4.4665456
              ],
              [
                97.9501219,
                4.4665605
              ],
              [
                97.9501865,
                4.4666579
              ],
              [
                97.9502333,
                4.4667878
              ],
              [
                97.9502096,
                4.4669442
              ],
              [
                97.9501388,
                4.467103
              ],
              [
                97.9499898,
                4.4675328
              ],
              [
                97.9499016,
                4.467816
              ],
              [
                97.9498985,
                4.4680717
              ],
              [
                97.9499289,
                4.4682007
              ],
              [
                97.9501446,
                4.4684528
              ],
              [
                97.9502907,
                4.4686629
              ],
              [
                97.9503401,
                4.4688121
              ],
              [
                97.9501594,
                4.4697574
              ],
              [
                97.9501681,
                4.4698801
              ],
              [
                97.9502238,
                4.470007
              ],
              [
                97.9503236,
                4.4700986
              ],
              [
                97.9505412,
                4.470099
              ],
              [
                97.9505941,
                4.4700636
              ],
              [
                97.9506501,
                4.4699752
              ],
              [
                97.9507885,
                4.4698278
              ],
              [
                97.9509681,
                4.469654
              ],
              [
                97.9511182,
                4.4695627
              ],
              [
                97.9514247,
                4.4694737
              ],
              [
                97.9516123,
                4.4694247
              ],
              [
                97.9518536,
                4.4693159
              ],
              [
                97.952036,
                4.4692453
              ],
              [
                97.9528036,
                4.469093
              ],
              [
                97.9531155,
                4.4689518
              ],
              [
                97.9533772,
                4.4688754
              ],
              [
                97.9536153,
                4.4689082
              ],
              [
                97.9537858,
                4.4689587
              ],
              [
                97.9539298,
                4.4690297
              ],
              [
                97.9541422,
                4.469188
              ],
              [
                97.9542844,
                4.4693008
              ],
              [
                97.9542579,
                4.4693738
              ],
              [
                97.9541905,
                4.4696094
              ],
              [
                97.9540445,
                4.4699909
              ],
              [
                97.9539546,
                4.4703051
              ],
              [
                97.9539879,
                4.470496
              ],
              [
                97.954066,
                4.4705971
              ],
              [
                97.9542785,
                4.4706648
              ],
              [
                97.954435,
                4.4707211
              ],
              [
                97.9549388,
                4.4712258
              ],
              [
                97.9558335,
                4.4713468
              ],
              [
                97.9562107,
                4.4717664
              ],
              [
                97.9558919,
                4.472205
              ],
              [
                97.9562095,
                4.4726445
              ],
              [
                97.9564375,
                4.472861
              ],
              [
                97.9566309,
                4.4731018
              ],
              [
                97.957093,
                4.4736202
              ],
              [
                97.9575197,
                4.4741631
              ],
              [
                97.958294,
                4.4750623
              ],
              [
                97.9590483,
                4.4759814
              ],
              [
                97.9583513,
                4.4767189
              ],
              [
                97.9568974,
                4.4783134
              ],
              [
                97.9562342,
                4.4790638
              ],
              [
                97.9559054,
                4.4794152
              ],
              [
                97.9558418,
                4.4795193
              ],
              [
                97.9561059,
                4.4796551
              ],
              [
                97.9563391,
                4.4797535
              ],
              [
                97.9564369,
                4.4798243
              ],
              [
                97.9565722,
                4.4799499
              ],
              [
                97.9568649,
                4.4802064
              ],
              [
                97.9571523,
                4.4804247
              ],
              [
                97.9573909,
                4.480523
              ],
              [
                97.9574975,
                4.4805954
              ],
              [
                97.9576078,
                4.4806704
              ],
              [
                97.9577976,
                4.4807633
              ],
              [
                97.9580416,
                4.4809379
              ],
              [
                97.9581771,
                4.4810634
              ],
              [
                97.9584103,
                4.4812435
              ],
              [
                97.958676,
                4.4814127
              ],
              [
                97.9589634,
                4.4815602
              ],
              [
                97.9593323,
                4.4817024
              ],
              [
                97.9595112,
                4.4817843
              ],
              [
                97.9598313,
                4.4818665
              ],
              [
                97.9599399,
                4.4818884
              ],
              [
                97.9600221,
                4.4815705
              ],
              [
                97.9602625,
                4.480267
              ],
              [
                97.9612846,
                4.4803964
              ],
              [
                97.9613494,
                4.4804016
              ],
              [
                97.961357,
                4.4804279
              ],
              [
                97.9614286,
                4.4806678
              ],
              [
                97.9616132,
                4.4813599
              ],
              [
                97.9617715,
                4.4819189
              ],
              [
                97.9619301,
                4.4822385
              ],
              [
                97.962115,
                4.4827177
              ],
              [
                97.9625385,
                4.4832239
              ],
              [
                97.9628028,
                4.4838363
              ],
              [
                97.963094,
                4.484156
              ]
            ]
          ]
        ]
      }
    },
    {
      "type": "Feature",
      "properties": {
        "district": "Langsa Kota",
        "name": "Kecamatan Langsa Kota",
        "type": "Batas Kecamatan"
      },
      "geometry": {
        "type": "Polygon",
        "coordinates": [
          [
            [
              97.953831,
              4.470677200000068
            ],
            [
              97.95410730000003,
              4.46981530000005
            ],
            [
              97.95412090000008,
              4.469772900000066
            ],
            [
              97.95412810000005,
              4.469750400000066
            ],
            [
              97.95472890000008,
              4.469966500000055
            ],
            [
              97.95519560000008,
              4.469952600000056
            ],
            [
              97.95553190000004,
              4.469708
            ],
            [
              97.95591470000005,
              4.46918850000003
            ],
            [
              97.95592780000004,
              4.469210100000055
            ],
            [
              97.95593380000008,
              4.46922
            ],
            [
              97.95594180000006,
              4.469233300000042
            ],
            [
              97.95660370000007,
              4.470325400000036
            ],
            [
              97.95665540000005,
              4.470346200000051
            ],
            [
              97.95693180000006,
              4.470457700000054
            ],
            [
              97.95732560000005,
              4.47033730000004
            ],
            [
              97.957325,
              4.470246700000075
            ],
            [
              97.95732460000005,
              4.470188600000029
            ],
            [
              97.95731290000003,
              4.469679800000051
            ],
            [
              97.95734820000007,
              4.469556900000043
            ],
            [
              97.95735120000006,
              4.46955550000007
            ],
            [
              97.957385,
              4.469446300000072
            ],
            [
              97.95731640000008,
              4.468976200000043
            ],
            [
              97.95727040000008,
              4.468615300000067
            ],
            [
              97.95729830000005,
              4.468553800000052
            ],
            [
              97.95741010000006,
              4.46830790000007
            ],
            [
              97.95762420000005,
              4.468346200000042
            ],
            [
              97.95770490000007,
              4.46836060000004
            ],
            [
              97.95794840000008,
              4.468242500000031
            ],
            [
              97.95813960000004,
              4.468149700000026
            ],
            [
              97.95843210000004,
              4.467863200000068
            ],
            [
              97.95865970000006,
              4.467653700000028
            ],
            [
              97.95878860000005,
              4.467510100000027
            ],
            [
              97.958887,
              4.467400400000031
            ],
            [
              97.95899810000009,
              4.467357800000059
            ],
            [
              97.95939050000004,
              4.467207
            ],
            [
              97.95940910000007,
              4.467199900000026
            ],
            [
              97.95942230000009,
              4.467202600000064
            ],
            [
              97.95942350000007,
              4.467202800000052
            ],
            [
              97.95942420000006,
              4.467203
            ],
            [
              97.95957990000005,
              4.467346500000076
            ],
            [
              97.95968870000007,
              4.467967600000065
            ],
            [
              97.95981070000005,
              4.46855910000005
            ],
            [
              97.96003960000007,
              4.469090600000072
            ],
            [
              97.960282,
              4.46923970000006
            ],
            [
              97.96067410000006,
              4.469312400000035
            ],
            [
              97.96121590000007,
              4.469303300000036
            ],
            [
              97.96156370000006,
              4.469171700000061
            ],
            [
              97.961584,
              4.468993900000044
            ],
            [
              97.96159660000006,
              4.46887520000007
            ],
            [
              97.96161430000006,
              4.46870830000006
            ],
            [
              97.96171870000006,
              4.468561700000066
            ],
            [
              97.96188,
              4.468335
            ],
            [
              97.96206660000007,
              4.468031800000063
            ],
            [
              97.96216150000004,
              4.467859800000042
            ],
            [
              97.96232370000007,
              4.467815800000039
            ],
            [
              97.96236830000004,
              4.467803700000047
            ],
            [
              97.96254760000005,
              4.467903700000022
            ],
            [
              97.96279260000006,
              4.468024600000035
            ],
            [
              97.96287790000008,
              4.467994
            ],
            [
              97.962915,
              4.467980700000055
            ],
            [
              97.96295370000007,
              4.467966800000056
            ],
            [
              97.96318380000008,
              4.467884200000071
            ],
            [
              97.96322070000008,
              4.467870900000037
            ],
            [
              97.96341210000008,
              4.467664800000023
            ],
            [
              97.96346830000005,
              4.467585500000041
            ],
            [
              97.96351370000008,
              4.467521500000032
            ],
            [
              97.96353580000005,
              4.467462600000033
            ],
            [
              97.96359780000006,
              4.467297700000074
            ],
            [
              97.96366870000008,
              4.467079100000035
            ],
            [
              97.96373730000005,
              4.467035800000076
            ],
            [
              97.96387560000005,
              4.466948400000035
            ],
            [
              97.96392410000004,
              4.466917800000033
            ],
            [
              97.96392470000006,
              4.466917400000057
            ],
            [
              97.96393580000006,
              4.466910400000074
            ],
            [
              97.96397250000007,
              4.466944100000035
            ],
            [
              97.96412780000009,
              4.467028500000026
            ],
            [
              97.96435140000006,
              4.467146900000046
            ],
            [
              97.964421,
              4.467055400000049
            ],
            [
              97.96462960000008,
              4.466781400000059
            ],
            [
              97.96547770000006,
              4.466414500000042
            ],
            [
              97.96566590000003,
              4.466492500000072
            ],
            [
              97.96589320000004,
              4.466586800000073
            ],
            [
              97.96624480000008,
              4.466978400000073
            ],
            [
              97.96651990000004,
              4.467115500000034
            ],
            [
              97.96662610000004,
              4.467062400000032
            ],
            [
              97.96679050000006,
              4.467009400000052
            ],
            [
              97.96682590000006,
              4.467018800000062
            ],
            [
              97.96682590000006,
              4.467019300000061
            ],
            [
              97.96683230000008,
              4.467004300000042
            ],
            [
              97.96723830000008,
              4.467146
            ],
            [
              97.96723010000005,
              4.46715770000003
            ],
            [
              97.96738060000007,
              4.467233300000032
            ],
            [
              97.96770390000006,
              4.467216800000074
            ],
            [
              97.96800220000006,
              4.467240100000026
            ],
            [
              97.96834070000006,
              4.467392400000051
            ],
            [
              97.968557,
              4.467546700000071
            ],
            [
              97.96857540000008,
              4.467559900000026
            ],
            [
              97.96862720000007,
              4.467750200000069
            ],
            [
              97.96852980000006,
              4.467860300000041
            ],
            [
              97.96852220000005,
              4.468341900000041
            ],
            [
              97.96874430000008,
              4.468431100000032
            ],
            [
              97.96954760000006,
              4.468400600000052
            ],
            [
              97.97010340000008,
              4.468353
            ],
            [
              97.970167,
              4.468338900000049
            ],
            [
              97.970293,
              4.468332800000042
            ],
            [
              97.97038580000009,
              4.468328400000075
            ],
            [
              97.97069940000006,
              4.468296600000031
            ],
            [
              97.97099510000004,
              4.468391500000052
            ],
            [
              97.97110580000003,
              4.468374200000028
            ],
            [
              97.971247,
              4.468352100000061
            ],
            [
              97.97138020000006,
              4.468156400000055
            ],
            [
              97.97152260000007,
              4.467830500000048
            ],
            [
              97.97162280000003,
              4.467601200000047
            ],
            [
              97.97166850000008,
              4.467515400000025
            ],
            [
              97.97171020000008,
              4.467437200000063
            ],
            [
              97.971787,
              4.467293200000029
            ],
            [
              97.97179080000006,
              4.467280300000027
            ],
            [
              97.97183610000008,
              4.467124500000068
            ],
            [
              97.97192040000004,
              4.466834800000072
            ],
            [
              97.971926,
              4.466815700000041
            ],
            [
              97.97178480000008,
              4.466569
            ],
            [
              97.97156410000008,
              4.466206500000055
            ],
            [
              97.97139150000004,
              4.465922900000066
            ],
            [
              97.97127440000008,
              4.465667900000028
            ],
            [
              97.97139070000009,
              4.465408700000069
            ],
            [
              97.971502,
              4.465292200000022
            ],
            [
              97.97168530000005,
              4.465100300000074
            ],
            [
              97.97252370000007,
              4.464141500000039
            ],
            [
              97.97251,
              4.464125700000068
            ],
            [
              97.972193,
              4.463761500000032
            ],
            [
              97.97207960000009,
              4.463631100000043
            ],
            [
              97.97166620000007,
              4.463009900000031
            ],
            [
              97.97151550000007,
              4.462845100000038
            ],
            [
              97.97138170000005,
              4.462838100000056
            ],
            [
              97.97110430000004,
              4.462555700000053
            ],
            [
              97.97092410000005,
              4.462454600000058
            ],
            [
              97.97089230000006,
              4.46243910000004
            ],
            [
              97.97081090000006,
              4.462399400000038
            ],
            [
              97.97073980000005,
              4.46219
            ],
            [
              97.97082780000005,
              4.46193820000002
            ],
            [
              97.97115170000006,
              4.461011
            ],
            [
              97.97119880000008,
              4.46087620000003
            ],
            [
              97.97139560000005,
              4.460337700000025
            ],
            [
              97.97150070000004,
              4.460050100000046
            ],
            [
              97.97153610000004,
              4.459955300000047
            ],
            [
              97.97164480000004,
              4.459660400000075
            ],
            [
              97.97164490000006,
              4.459659900000077
            ],
            [
              97.97187480000008,
              4.459015100000045
            ],
            [
              97.97187930000007,
              4.459015500000021
            ],
            [
              97.97227070000008,
              4.459056500000031
            ],
            [
              97.97280920000009,
              4.459078100000056
            ],
            [
              97.97283340000007,
              4.459079100000054
            ],
            [
              97.97324660000004,
              4.459094
            ],
            [
              97.97416920000006,
              4.45903480000004
            ],
            [
              97.97427840000006,
              4.45902760000007
            ],
            [
              97.97476410000007,
              4.458997400000044
            ],
            [
              97.97549050000003,
              4.458952300000021
            ],
            [
              97.97644570000006,
              4.458893100000068
            ],
            [
              97.97648630000003,
              4.458914900000025
            ],
            [
              97.97649940000008,
              4.458926500000075
            ],
            [
              97.97660420000005,
              4.45893030000002
            ],
            [
              97.977401,
              4.459372600000052
            ],
            [
              97.97790190000006,
              4.459688300000039
            ],
            [
              97.97791640000008,
              4.459699200000045
            ],
            [
              97.97768230000008,
              4.459980500000029
            ],
            [
              97.97768590000004,
              4.459985900000049
            ],
            [
              97.97766680000007,
              4.460006300000032
            ],
            [
              97.97761390000005,
              4.460057400000039
            ],
            [
              97.97756420000007,
              4.460117
            ],
            [
              97.97752690000004,
              4.46015680000005
            ],
            [
              97.97743860000008,
              4.460256500000071
            ],
            [
              97.97722420000008,
              4.460329800000068
            ],
            [
              97.97622830000006,
              4.460670500000049
            ],
            [
              97.97672470000003,
              4.461284700000022
            ],
            [
              97.97709760000004,
              4.461838
            ],
            [
              97.97731220000009,
              4.461955
            ],
            [
              97.97731520000008,
              4.461959200000024
            ],
            [
              97.97755990000007,
              4.462293800000054
            ],
            [
              97.97897070000005,
              4.464223300000072
            ],
            [
              97.97897340000009,
              4.464227
            ],
            [
              97.97897610000007,
              4.464230600000064
            ],
            [
              97.97898720000006,
              4.464245800000072
            ],
            [
              97.97918120000008,
              4.464510500000074
            ],
            [
              97.979768,
              4.464059500000076
            ],
            [
              97.98009930000006,
              4.463804800000048
            ],
            [
              97.98066240000009,
              4.463371900000027
            ],
            [
              97.98081980000006,
              4.463256600000022
            ],
            [
              97.98137370000006,
              4.462850700000047
            ],
            [
              97.98151640000003,
              4.462746
            ],
            [
              97.98153930000007,
              4.462729200000069
            ],
            [
              97.98153970000004,
              4.462729100000047
            ],
            [
              97.98176660000007,
              4.463072300000022
            ],
            [
              97.98248680000006,
              4.462642900000048
            ],
            [
              97.98288410000004,
              4.463634800000023
            ],
            [
              97.98305570000008,
              4.464063100000033
            ],
            [
              97.98353770000006,
              4.464735900000051
            ],
            [
              97.98363540000008,
              4.464863
            ],
            [
              97.98368950000008,
              4.464933400000064
            ],
            [
              97.98369230000009,
              4.464937
            ],
            [
              97.98369660000009,
              4.464942600000029
            ],
            [
              97.98443210000005,
              4.465899200000024
            ],
            [
              97.98506510000004,
              4.46558390000007
            ],
            [
              97.98586940000007,
              4.465051900000049
            ],
            [
              97.98656150000005,
              4.464594
            ],
            [
              97.98802530000006,
              4.463378700000021
            ],
            [
              97.988297,
              4.463454600000034
            ],
            [
              97.98868580000004,
              4.463654100000042
            ],
            [
              97.98925780000008,
              4.46347140000006
            ],
            [
              97.98971650000004,
              4.463693800000044
            ],
            [
              97.99021290000007,
              4.46377590000003
            ],
            [
              97.99032510000006,
              4.463807200000076
            ],
            [
              97.99187140000004,
              4.464238700000067
            ],
            [
              97.99233940000005,
              4.464369200000021
            ],
            [
              97.99285840000005,
              4.464153500000066
            ],
            [
              97.99293170000004,
              4.465482100000031
            ],
            [
              97.99295120000005,
              4.465834400000062
            ],
            [
              97.99372130000006,
              4.466661800000054
            ],
            [
              97.99500760000006,
              4.46611
            ],
            [
              97.99522970000004,
              4.466014700000073
            ],
            [
              97.99641140000006,
              4.466615800000056
            ],
            [
              97.99655930000006,
              4.46790210000006
            ],
            [
              97.99639720000005,
              4.468921
            ],
            [
              97.995838,
              4.470032500000059
            ],
            [
              97.99558610000008,
              4.470263200000034
            ],
            [
              97.99550360000006,
              4.47033870000007
            ],
            [
              97.99544510000004,
              4.470392300000071
            ],
            [
              97.99544310000005,
              4.470391600000028
            ],
            [
              97.99538320000005,
              4.470413600000029
            ],
            [
              97.99427330000003,
              4.47082
            ],
            [
              97.99314990000005,
              4.470657100000039
            ],
            [
              97.99183010000007,
              4.470725900000048
            ],
            [
              97.99090620000004,
              4.471354900000051
            ],
            [
              97.99030910000005,
              4.472312
            ],
            [
              97.99016970000008,
              4.472535500000049
            ],
            [
              97.99008560000004,
              4.473262400000067
            ],
            [
              97.99021460000006,
              4.473651300000029
            ],
            [
              97.99036270000005,
              4.474096700000075
            ],
            [
              97.99014350000004,
              4.474710200000061
            ],
            [
              97.98971210000008,
              4.475309400000071
            ],
            [
              97.98895370000008,
              4.475706400000036
            ],
            [
              97.98860760000008,
              4.475559500000031
            ],
            [
              97.98831770000004,
              4.475301600000023
            ],
            [
              97.98754750000006,
              4.475742300000036
            ],
            [
              97.98703990000007,
              4.475857900000051
            ],
            [
              97.98689810000008,
              4.47589030000006
            ],
            [
              97.98643340000007,
              4.476038
            ],
            [
              97.986424,
              4.476042100000029
            ],
            [
              97.98640650000004,
              4.476047600000072
            ],
            [
              97.98597040000004,
              4.476224300000069
            ],
            [
              97.98596940000004,
              4.476224700000046
            ],
            [
              97.98570930000005,
              4.475575800000058
            ],
            [
              97.98514420000004,
              4.475509800000054
            ],
            [
              97.98504220000007,
              4.47549790000005
            ],
            [
              97.98496510000007,
              4.47490270000003
            ],
            [
              97.98464560000008,
              4.474948400000073
            ],
            [
              97.98456780000004,
              4.474955300000033
            ],
            [
              97.98274390000006,
              4.475117600000033
            ],
            [
              97.98268770000004,
              4.475109700000075
            ],
            [
              97.98225750000006,
              4.475048900000047
            ],
            [
              97.98218930000007,
              4.474954300000036
            ],
            [
              97.98218780000008,
              4.474952300000041
            ],
            [
              97.98150380000004,
              4.47400250000004
            ],
            [
              97.98149620000004,
              4.473997700000041
            ],
            [
              97.981175,
              4.473794400000031
            ],
            [
              97.98108060000004,
              4.473818600000072
            ],
            [
              97.980725,
              4.47390960000007
            ],
            [
              97.97959290000006,
              4.474199500000054
            ],
            [
              97.97957630000008,
              4.474204100000065
            ],
            [
              97.97934160000005,
              4.47427840000006
            ],
            [
              97.97923970000005,
              4.474310700000046
            ],
            [
              97.97921740000004,
              4.474317900000074
            ],
            [
              97.97921730000007,
              4.474317900000074
            ],
            [
              97.97920440000007,
              4.474321900000064
            ],
            [
              97.97915430000006,
              4.47417420000005
            ],
            [
              97.979042,
              4.473940500000026
            ],
            [
              97.97899710000007,
              4.473776100000066
            ],
            [
              97.97899160000009,
              4.473755700000027
            ],
            [
              97.97885470000006,
              4.473522200000048
            ],
            [
              97.97878710000003,
              4.473344700000041
            ],
            [
              97.978194,
              4.473563200000058
            ],
            [
              97.977503,
              4.473817800000063
            ],
            [
              97.977323,
              4.473884100000021
            ],
            [
              97.977251,
              4.473739700000067
            ],
            [
              97.97669160000004,
              4.473963900000058
            ],
            [
              97.97671750000006,
              4.474022600000069
            ],
            [
              97.97673120000007,
              4.474053600000047
            ],
            [
              97.97673170000007,
              4.474053500000025
            ],
            [
              97.97673260000005,
              4.474055600000042
            ],
            [
              97.97704340000007,
              4.474756600000035
            ],
            [
              97.97716740000004,
              4.475028300000076
            ],
            [
              97.97717330000006,
              4.475043300000038
            ],
            [
              97.97723320000006,
              4.475195400000075
            ],
            [
              97.97752760000009,
              4.475943800000039
            ],
            [
              97.97752730000008,
              4.475943900000061
            ],
            [
              97.97752230000003,
              4.475945900000056
            ],
            [
              97.97751870000008,
              4.475947400000052
            ],
            [
              97.97751960000005,
              4.475947900000051
            ],
            [
              97.97708090000003,
              4.476128100000039
            ],
            [
              97.97703780000006,
              4.47614580000004
            ],
            [
              97.97697990000006,
              4.476169600000048
            ],
            [
              97.97664960000009,
              4.476305300000035
            ],
            [
              97.976641,
              4.476308800000027
            ],
            [
              97.97663910000006,
              4.476309600000036
            ],
            [
              97.97663780000005,
              4.476310100000035
            ],
            [
              97.976636,
              4.476310800000022
            ],
            [
              97.97677090000008,
              4.47669540000004
            ],
            [
              97.97659550000009,
              4.476641
            ],
            [
              97.97603270000008,
              4.476466600000037
            ],
            [
              97.97579640000004,
              4.476368300000047
            ],
            [
              97.97550230000007,
              4.476246
            ],
            [
              97.97549230000004,
              4.476253800000052
            ],
            [
              97.97482510000003,
              4.476836400000025
            ],
            [
              97.97432630000009,
              4.477272
            ],
            [
              97.97406580000006,
              4.477499400000056
            ],
            [
              97.97402270000003,
              4.477537
            ],
            [
              97.97401870000004,
              4.477540600000054
            ],
            [
              97.97400050000005,
              4.477551900000037
            ],
            [
              97.97352940000007,
              4.477845800000068
            ],
            [
              97.97218610000004,
              4.478683900000021
            ],
            [
              97.97218470000007,
              4.478684800000053
            ],
            [
              97.97217160000008,
              4.478693
            ],
            [
              97.97217110000008,
              4.478693300000032
            ],
            [
              97.97201620000004,
              4.478494400000045
            ],
            [
              97.97184380000004,
              4.478272900000036
            ],
            [
              97.971674,
              4.478054900000075
            ],
            [
              97.97167230000008,
              4.478052700000035
            ],
            [
              97.97142990000003,
              4.47774140000007
            ],
            [
              97.97126280000003,
              4.477526700000055
            ],
            [
              97.97105640000007,
              4.47726160000002
            ],
            [
              97.97103020000009,
              4.477227900000059
            ],
            [
              97.97083560000004,
              4.476977300000044
            ],
            [
              97.97062050000005,
              4.476700900000026
            ],
            [
              97.97060210000006,
              4.476677300000063
            ],
            [
              97.97025040000005,
              4.476225300000067
            ],
            [
              97.97013360000005,
              4.476075200000025
            ],
            [
              97.97005020000006,
              4.475968
            ],
            [
              97.97004520000007,
              4.475971100000038
            ],
            [
              97.96968560000005,
              4.476197900000045
            ],
            [
              97.96964840000004,
              4.476221400000043
            ],
            [
              97.96949110000008,
              4.476655
            ],
            [
              97.969444,
              4.476784800000075
            ],
            [
              97.96885690000005,
              4.476968900000031
            ],
            [
              97.96885920000005,
              4.476984500000071
            ],
            [
              97.96890450000006,
              4.477301800000021
            ],
            [
              97.96821640000007,
              4.477400800000055
            ],
            [
              97.96821260000007,
              4.477401300000054
            ],
            [
              97.96777610000004,
              4.477391500000067
            ],
            [
              97.96754730000004,
              4.477386400000057
            ],
            [
              97.96752770000006,
              4.477385900000058
            ],
            [
              97.96752630000003,
              4.477385800000036
            ],
            [
              97.96706560000007,
              4.477338400000065
            ],
            [
              97.96660560000004,
              4.477291100000059
            ],
            [
              97.966606,
              4.477293400000065
            ],
            [
              97.96676050000008,
              4.477896700000031
            ],
            [
              97.96676980000007,
              4.477914
            ],
            [
              97.96702130000006,
              4.478384500000061
            ],
            [
              97.96705130000004,
              4.478440600000056
            ],
            [
              97.96704960000005,
              4.478441300000043
            ],
            [
              97.96674990000008,
              4.47856790000003
            ],
            [
              97.96674570000005,
              4.478569700000037
            ],
            [
              97.96674510000008,
              4.478569900000025
            ],
            [
              97.96658450000007,
              4.478646200000071
            ],
            [
              97.96648990000006,
              4.478691200000071
            ],
            [
              97.96649150000007,
              4.478696300000024
            ],
            [
              97.96656620000005,
              4.478938500000027
            ],
            [
              97.96656910000007,
              4.478947600000026
            ],
            [
              97.96658010000004,
              4.479013500000065
            ],
            [
              97.96661120000005,
              4.479192800000021
            ],
            [
              97.96662770000006,
              4.479287600000021
            ],
            [
              97.966663,
              4.479376400000035
            ],
            [
              97.96682110000006,
              4.479773500000022
            ],
            [
              97.96683480000007,
              4.479807900000026
            ],
            [
              97.96683990000008,
              4.479820700000062
            ],
            [
              97.96688870000008,
              4.479943200000037
            ],
            [
              97.96703540000004,
              4.48031160000005
            ],
            [
              97.96716450000008,
              4.48058050000003
            ],
            [
              97.96721320000006,
              4.480812
            ],
            [
              97.96712490000004,
              4.480997100000025
            ],
            [
              97.96712580000008,
              4.481143800000041
            ],
            [
              97.96720170000003,
              4.481204800000057
            ],
            [
              97.967273,
              4.481289500000059
            ],
            [
              97.96739670000005,
              4.481454300000053
            ],
            [
              97.96754870000007,
              4.481618900000058
            ],
            [
              97.967545,
              4.481629800000064
            ],
            [
              97.96749780000005,
              4.481770600000061
            ],
            [
              97.96763030000005,
              4.481840700000021
            ],
            [
              97.96776410000007,
              4.481879800000058
            ],
            [
              97.96785310000007,
              4.48201430000006
            ],
            [
              97.96772120000008,
              4.482034100000021
            ],
            [
              97.96726120000005,
              4.482330600000068
            ],
            [
              97.96728320000005,
              4.482376800000054
            ],
            [
              97.96752420000007,
              4.482882400000051
            ],
            [
              97.96706850000004,
              4.483117400000026
            ],
            [
              97.96746640000003,
              4.484089500000039
            ],
            [
              97.96676780000007,
              4.484526300000027
            ],
            [
              97.96675850000008,
              4.484532100000024
            ],
            [
              97.96653230000004,
              4.484673600000065
            ],
            [
              97.96642220000007,
              4.484456200000068
            ],
            [
              97.96537140000004,
              4.48507660000007
            ],
            [
              97.96529510000005,
              4.48512160000007
            ],
            [
              97.96527920000005,
              4.48507660000007
            ],
            [
              97.96514610000008,
              4.484701500000028
            ],
            [
              97.96509910000003,
              4.484724400000061
            ],
            [
              97.96482590000005,
              4.484857900000065
            ],
            [
              97.96482190000006,
              4.48485990000006
            ],
            [
              97.96467590000003,
              4.484539700000028
            ],
            [
              97.96457750000008,
              4.484323800000027
            ],
            [
              97.964392,
              4.483917
            ],
            [
              97.96433370000005,
              4.483789100000024
            ],
            [
              97.96432970000006,
              4.483791
            ],
            [
              97.96401410000004,
              4.483942700000057
            ],
            [
              97.96393,
              4.483787500000062
            ],
            [
              97.96383270000007,
              4.483607900000038
            ],
            [
              97.96382620000009,
              4.483610500000054
            ],
            [
              97.96382580000005,
              4.483609700000045
            ],
            [
              97.96288010000006,
              4.483975100000066
            ],
            [
              97.96272270000009,
              4.484035900000038
            ],
            [
              97.96253970000004,
              4.483717200000058
            ],
            [
              97.96225950000007,
              4.483229300000062
            ],
            [
              97.962238,
              4.483193200000073
            ],
            [
              97.96223130000004,
              4.483181600000023
            ],
            [
              97.96218150000004,
              4.483106100000043
            ],
            [
              97.96215310000008,
              4.483062800000027
            ],
            [
              97.96195130000007,
              4.482755300000065
            ],
            [
              97.96185550000007,
              4.482609300000036
            ],
            [
              97.96172230000008,
              4.482406300000036
            ],
            [
              97.96169740000005,
              4.482349200000044
            ],
            [
              97.961475,
              4.48183860000006
            ],
            [
              97.96120870000004,
              4.480699700000059
            ],
            [
              97.96114490000008,
              4.480427100000043
            ],
            [
              97.96003530000007,
              4.48035340000007
            ],
            [
              97.95985280000008,
              4.481146500000023
            ],
            [
              97.95974470000004,
              4.481616200000076
            ],
            [
              97.95972470000004,
              4.481608200000039
            ],
            [
              97.95965350000006,
              4.48157980000002
            ],
            [
              97.959578,
              4.481549700000073
            ],
            [
              97.959511,
              4.481516
            ],
            [
              97.95930820000007,
              4.481408400000021
            ],
            [
              97.95909190000003,
              4.48129380000006
            ],
            [
              97.95850740000009,
              4.480984
            ],
            [
              97.95839470000004,
              4.480922100000043
            ],
            [
              97.95780280000008,
              4.480597400000022
            ],
            [
              97.95755470000006,
              4.480461300000059
            ],
            [
              97.95729290000008,
              4.480317600000035
            ],
            [
              97.95714210000006,
              4.480171900000073
            ],
            [
              97.95608170000008,
              4.479147100000034
            ],
            [
              97.95608210000006,
              4.479146800000024
            ],
            [
              97.95608240000007,
              4.47914650000007
            ],
            [
              97.95608270000008,
              4.479146100000037
            ],
            [
              97.95608870000007,
              4.47914030000004
            ],
            [
              97.95629490000005,
              4.47893780000004
            ],
            [
              97.95631650000007,
              4.478914100000054
            ],
            [
              97.95674190000005,
              4.478447700000061
            ],
            [
              97.95732560000005,
              4.477807700000028
            ],
            [
              97.95732630000003,
              4.477806900000076
            ],
            [
              97.95737980000007,
              4.47775050000007
            ],
            [
              97.95763740000007,
              4.477478700000063
            ],
            [
              97.95824030000006,
              4.47684270000002
            ],
            [
              97.95835560000006,
              4.47672110000002
            ],
            [
              97.95835550000004,
              4.476721
            ],
            [
              97.95886360000009,
              4.476185
            ],
            [
              97.95886420000005,
              4.476184300000057
            ],
            [
              97.95884160000008,
              4.476158
            ],
            [
              97.95809220000007,
              4.475283500000046
            ],
            [
              97.957368,
              4.474438500000076
            ],
            [
              97.95681740000003,
              4.473796
            ],
            [
              97.95635720000007,
              4.473259
            ],
            [
              97.95632890000007,
              4.473226
            ],
            [
              97.95602090000006,
              4.472843
            ],
            [
              97.95591960000007,
              4.472724200000073
            ],
            [
              97.955743,
              4.472517200000027
            ],
            [
              97.95573960000007,
              4.472512600000073
            ],
            [
              97.95573630000007,
              4.472508600000026
            ],
            [
              97.95574070000004,
              4.472502700000064
            ],
            [
              97.95606660000004,
              4.472067300000049
            ],
            [
              97.95567870000008,
              4.471693600000037
            ],
            [
              97.95530840000004,
              4.471617700000024
            ],
            [
              97.95489130000004,
              4.471547300000054
            ],
            [
              97.95476510000003,
              4.471435900000074
            ],
            [
              97.95440930000007,
              4.471122
            ],
            [
              97.95389,
              4.47093
            ],
            [
              97.953831,
              4.470677200000068
            ]
          ]
        ]
      }
    }
  ]
}