{"type": "FeatureCollection", "features": [{"type": "Feature", "properties": {"assignment_id": "082dd6d8-f6c3-4658-a165-34a5115642e2", "latitude": 4.4731141, "longitude": 97.9624672, "kategori": "H"}, "geometry": {"type": "Point", "coordinates": [97.9624672, 4.4731141]}}, {"type": "Feature", "properties": {"assignment_id": "11bd04ca-a57b-4a3d-aaab-93a9738ba0d4", "latitude": 4.466034, "longitude": 97.9540809, "kategori": "A"}, "geometry": {"type": "Point", "coordinates": [97.9540809, 4.466034]}}, {"type": "Feature", "properties": {"assignment_id": "4cb20d39-a029-4311-9b1e-861d3dde3835", "latitude": 4.4769965, "longitude": 97.947132, "kategori": "A"}, "geometry": {"type": "Point", "coordinates": [97.947132, 4.4769965]}}, {"type": "Feature", "properties": {"assignment_id": "659996cb-f25f-45ee-86c6-94f432ee37b0", "latitude": 4.4799671, "longitude": 97.9461257, "kategori": "R"}, "geometry": {"type": "Point", "coordinates": [97.9461257, 4.4799671]}}, {"type": "Feature", "properties": {"assignment_id": "714ce1c5-3c92-44f8-8445-018727b25c64", "latitude": 4.4947496, "longitude": 97.9570253, "kategori": "S"}, "geometry": {"type": "Point", "coordinates": [97.9570253, 4.4947496]}}, {"type": "Feature", "properties": {"assignment_id": "79e87436-ccd9-411b-9468-2b2b897b8545", "latitude": 4.497808516666667, "longitude": 97.96926888333334, "kategori": "A"}, "geometry": {"type": "Point", "coordinates": [97.96926888333334, 4.497808516666667]}}, {"type": "Feature", "properties": {"assignment_id": "7f7d186c-6aa4-408b-a53f-fe0497d5accc", "latitude": 4.48042377, "longitude": 97.96891898, "kategori": "C"}, "geometry": {"type": "Point", "coordinates": [97.96891898, 4.48042377]}}, {"type": "Feature", "properties": {"assignment_id": "88ac98a9-5ddd-4bba-aeb8-7b831dec1d75", "latitude": 4.4735998, "longitude": 97.9646433, "kategori": "G"}, "geometry": {"type": "Point", "coordinates": [97.9646433, 4.4735998]}}, {"type": "Feature", "properties": {"assignment_id": "8963e1b0-8350-466d-816f-802d46839688", "latitude": 4.4498583, "longitude": 98.0113971, "kategori": "G"}, "geometry": {"type": "Point", "coordinates": [98.0113971, 4.4498583]}}, {"type": "Feature", "properties": {"assignment_id": "ca41b886-a22d-421d-9e93-4ba474b0def8", "latitude": 4.515629, "longitude": 97.9451554, "kategori": "A"}, "geometry": {"type": "Point", "coordinates": [97.9451554, 4.515629]}}, {"type": "Feature", "properties": {"assignment_id": "ca41b886-a22d-421d-9e93-4ba474b0def8", "latitude": 4.515629, "longitude": 97.9451554, "kategori": "G"}, "geometry": {"type": "Point", "coordinates": [97.9451554, 4.515629]}}, {"type": "Feature", "properties": {"assignment_id": "ce12f125-b2b9-41bc-94d4-26abcf5f09d3", "latitude": 4.455081666666667, "longitude": 97.97605666666665, "kategori": "G"}, "geometry": {"type": "Point", "coordinates": [97.97605666666665, 4.455081666666667]}}, {"type": "Feature", "properties": {"assignment_id": "eeaa257e-38b5-4aa2-81e9-a6d8720a58bd", "latitude": 4.4805561, "longitude": 97.9798448, "kategori": "C"}, "geometry": {"type": "Point", "coordinates": [97.9798448, 4.4805561]}}, {"type": "Feature", "properties": {"assignment_id": "06b2a9d0-d08f-4cd3-8a04-0310168d19f5", "latitude": 4.43361, "longitude": 98.0412567, "kategori": "A"}, "geometry": {"type": "Point", "coordinates": [98.0412567, 4.43361]}}, {"type": "Feature", "properties": {"assignment_id": "09d2ec1c-a083-4159-aec0-0187682cc2f9", "latitude": 4.4935217, "longitude": 97.9786508, "kategori": "A"}, "geometry": {"type": "Point", "coordinates": [97.9786508, 4.4935217]}}, {"type": "Feature", "properties": {"assignment_id": "c198868f-caf1-4535-aa2c-5e433c8c2789", "latitude": 4.465319, "longitude": 97.9539504, "kategori": "H"}, "geometry": {"type": "Point", "coordinates": [97.9539504, 4.465319]}}, {"type": "Feature", "properties": {"assignment_id": "c85fa204-5393-4212-93c0-358b6d286514", "latitude": 4.441743633333333, "longitude": 98.01440503333333, "kategori": "A"}, "geometry": {"type": "Point", "coordinates": [98.01440503333333, 4.441743633333333]}}, {"type": "Feature", "properties": {"assignment_id": "ca6ae105-e7ae-48e7-81e7-48f854437755", "latitude": 4.483236763626337, "longitude": 97.97285850159824, "kategori": "G"}, "geometry": {"type": "Point", "coordinates": [97.97285850159824, 4.483236763626337]}}, {"type": "Feature", "properties": {"assignment_id": "26eca827-340e-4610-9f43-79dd04385cb7", "latitude": 4.415506666666667, "longitude": 98.02567333333333, "kategori": "A"}, "geometry": {"type": "Point", "coordinates": [98.02567333333333, 4.415506666666667]}}, {"type": "Feature", "properties": {"assignment_id": "26eca827-340e-4610-9f43-79dd04385cb7", "latitude": 4.415506666666667, "longitude": 98.02567333333333, "kategori": "F"}, "geometry": {"type": "Point", "coordinates": [98.02567333333333, 4.415506666666667]}}, {"type": "Feature", "properties": {"assignment_id": "0dcf23e1-f35d-4988-b7b6-008f76338929", "latitude": 4.5314162, "longitude": 97.934105, "kategori": "A"}, "geometry": {"type": "Point", "coordinates": [97.934105, 4.5314162]}}, {"type": "Feature", "properties": {"assignment_id": "229100d6-a570-4a28-bae4-564cad00c12d", "latitude": 4.5332148, "longitude": 97.9325967, "kategori": "G"}, "geometry": {"type": "Point", "coordinates": [97.9325967, 4.5332148]}}, {"type": "Feature", "properties": {"assignment_id": "547117fa-1e2e-44be-908a-bc246555f006", "latitude": 4.4990231, "longitude": 97.9608188, "kategori": "A"}, "geometry": {"type": "Point", "coordinates": [97.9608188, 4.4990231]}}, {"type": "Feature", "properties": {"assignment_id": "639f55ef-18fa-4fdd-ad79-3f860425a805", "latitude": 4.491014, "longitude": 97.9730678, "kategori": "G"}, "geometry": {"type": "Point", "coordinates": [97.9730678, 4.491014]}}, {"type": "Feature", "properties": {"assignment_id": "9d7d4d06-0a14-4716-a0f8-590a952d8946", "latitude": 4.4495509, "longitude": 98.0217348, "kategori": "A"}, "geometry": {"type": "Point", "coordinates": [98.0217348, 4.4495509]}}, {"type": "Feature", "properties": {"assignment_id": "903ffbcd-5f49-4c55-bd00-1eccf7970932", "latitude": 4.4419389, "longitude": 97.9728072, "kategori": "G"}, "geometry": {"type": "Point", "coordinates": [97.9728072, 4.4419389]}}, {"type": "Feature", "properties": {"assignment_id": "b49f3772-6391-4b3b-b6d4-02708f54e91a", "latitude": 4.4718366, "longitude": 97.9321995, "kategori": "G"}, "geometry": {"type": "Point", "coordinates": [97.9321995, 4.4718366]}}, {"type": "Feature", "properties": {"assignment_id": "3772295d-0f86-4456-b131-20118c08c1f9", "latitude": 4.4752268, "longitude": 97.9389078, "kategori": "F"}, "geometry": {"type": "Point", "coordinates": [97.9389078, 4.4752268]}}, {"type": "Feature", "properties": {"assignment_id": "0246d492-5283-42ec-880a-74cab9b23a1b", "latitude": 4.5084045, "longitude": 97.9373082, "kategori": "A"}, "geometry": {"type": "Point", "coordinates": [97.9373082, 4.5084045]}}, {"type": "Feature", "properties": {"assignment_id": "10c37754-5c17-4152-b943-0d2e2fe20b0a", "latitude": 4.4539054, "longitude": 98.016788, "kategori": "A"}, "geometry": {"type": "Point", "coordinates": [98.016788, 4.4539054]}}, {"type": "Feature", "properties": {"assignment_id": "35e1fc8c-1c68-4c99-a57d-9a3730f3c0a3", "latitude": 4.4917765166666666, "longitude": 97.96567286666665, "kategori": "A"}, "geometry": {"type": "Point", "coordinates": [97.96567286666665, 4.4917765166666666]}}, {"type": "Feature", "properties": {"assignment_id": "3b9824d2-4c3e-4f2b-8ab6-b088e3d2284c", "latitude": 4.4659971, "longitude": 97.9372671, "kategori": "A"}, "geometry": {"type": "Point", "coordinates": [97.9372671, 4.4659971]}}, {"type": "Feature", "properties": {"assignment_id": "56fbebb7-be20-49aa-a0e3-455de7025a06", "latitude": 4.5037779, "longitude": 97.9644356, "kategori": "A"}, "geometry": {"type": "Point", "coordinates": [97.9644356, 4.5037779]}}, {"type": "Feature", "properties": {"assignment_id": "d97fd13f-9b0d-48e8-b475-73ce035a4aea", "latitude": 4.469309999999999, "longitude": 97.97660166666668, "kategori": "G"}, "geometry": {"type": "Point", "coordinates": [97.97660166666668, 4.469309999999999]}}, {"type": "Feature", "properties": {"assignment_id": "f70465a9-27c0-42c9-9af2-aea40c7ef63d", "latitude": 4.4794308, "longitude": 97.9785036, "kategori": "A"}, "geometry": {"type": "Point", "coordinates": [97.9785036, 4.4794308]}}, {"type": "Feature", "properties": {"assignment_id": "ffb48bc1-68f1-4975-9dfb-9b30c7dbaf80", "latitude": 4.479286, "longitude": 97.9752758, "kategori": "A"}, "geometry": {"type": "Point", "coordinates": [97.9752758, 4.479286]}}, {"type": "Feature", "properties": {"assignment_id": "50e10232-ed26-4c54-b089-9da322a2fdf9", "latitude": 4.4596009, "longitude": 97.9348373, "kategori": "A"}, "geometry": {"type": "Point", "coordinates": [97.9348373, 4.4596009]}}, {"type": "Feature", "properties": {"assignment_id": "2d04179e-313b-45d5-8f24-cf8f05ef0c73", "latitude": 4.513579672202468, "longitude": 98.01156369969249, "kategori": "C"}, "geometry": {"type": "Point", "coordinates": [98.01156369969249, 4.513579672202468]}}, {"type": "Feature", "properties": {"assignment_id": "2d04179e-313b-45d5-8f24-cf8f05ef0c73", "latitude": 4.513579672202468, "longitude": 98.01156369969249, "kategori": "R"}, "geometry": {"type": "Point", "coordinates": [98.01156369969249, 4.513579672202468]}}, {"type": "Feature", "properties": {"assignment_id": "4907787f-f071-430b-96bf-dc9e8c7668fc", "latitude": 4.4469101, "longitude": 97.9972623, "kategori": "A"}, "geometry": {"type": "Point", "coordinates": [97.9972623, 4.4469101]}}, {"type": "Feature", "properties": {"assignment_id": "74f09aa2-3bc8-4bf2-bc87-5b85c01640b8", "latitude": 4.4878647, "longitude": 97.959198, "kategori": "Q"}, "geometry": {"type": "Point", "coordinates": [97.959198, 4.4878647]}}, {"type": "Feature", "properties": {"assignment_id": "8d923f01-069c-4715-a83e-2dac402fd394", "latitude": 4.4489232, "longitude": 98.02998025, "kategori": "A"}, "geometry": {"type": "Point", "coordinates": [98.02998025, 4.4489232]}}, {"type": "Feature", "properties": {"assignment_id": "933eb373-e686-4998-a85c-77f72fd5dead", "latitude": 4.466978, "longitude": 97.9658103, "kategori": "A"}, "geometry": {"type": "Point", "coordinates": [97.9658103, 4.466978]}}, {"type": "Feature", "properties": {"assignment_id": "aadeae80-8a37-450e-983f-9dcbce226efa", "latitude": 4.4401167, "longitude": 97.9723683, "kategori": "A"}, "geometry": {"type": "Point", "coordinates": [97.9723683, 4.4401167]}}, {"type": "Feature", "properties": {"assignment_id": "bbfc9dc8-2c1e-44a7-ab65-ebe16d2394d7", "latitude": 4.500156666666667, "longitude": 97.97038333333333, "kategori": "C"}, "geometry": {"type": "Point", "coordinates": [97.97038333333333, 4.500156666666667]}}, {"type": "Feature", "properties": {"assignment_id": "cd458c5a-7615-4980-81a5-941fa8fd797e", "latitude": 4.470809, "longitude": 97.9795871, "kategori": "A"}, "geometry": {"type": "Point", "coordinates": [97.9795871, 4.470809]}}, {"type": "Feature", "properties": {"assignment_id": "03e02ba8-942c-4c92-989e-396f30751be6", "latitude": 4.4775445, "longitude": 97.9720949, "kategori": "C"}, "geometry": {"type": "Point", "coordinates": [97.9720949, 4.4775445]}}, {"type": "Feature", "properties": {"assignment_id": "185f2a1b-38f2-44f1-b39a-af6df2515930", "latitude": 4.4588694, "longitude": 97.9850818, "kategori": "C"}, "geometry": {"type": "Point", "coordinates": [97.9850818, 4.4588694]}}, {"type": "Feature", "properties": {"assignment_id": "26be4ddb-127c-42a0-9733-fcdf53a9a667", "latitude": 4.4622996, "longitude": 97.981756, "kategori": "G"}, "geometry": {"type": "Point", "coordinates": [97.981756, 4.4622996]}}, {"type": "Feature", "properties": {"assignment_id": "92f898d6-131b-4761-a395-e28200582da9", "latitude": 4.5141133333333325, "longitude": 97.91019, "kategori": "A"}, "geometry": {"type": "Point", "coordinates": [97.91019, 4.5141133333333325]}}, {"type": "Feature", "properties": {"assignment_id": "ab10013d-1cc3-4cc6-ba8f-4ddef54ca5d0", "latitude": 4.5309381, "longitude": 97.9311674, "kategori": "A"}, "geometry": {"type": "Point", "coordinates": [97.9311674, 4.5309381]}}, {"type": "Feature", "properties": {"assignment_id": "c341d1d1-092e-4bb1-b809-c1a373af5575", "latitude": 4.4462445, "longitude": 98.0075965, "kategori": "A"}, "geometry": {"type": "Point", "coordinates": [98.0075965, 4.4462445]}}, {"type": "Feature", "properties": {"assignment_id": "d4482f7c-36cb-4b21-a890-807b0cbb92e6", "latitude": 4.4727785, "longitude": 97.9704207, "kategori": "C"}, "geometry": {"type": "Point", "coordinates": [97.9704207, 4.4727785]}}, {"type": "Feature", "properties": {"assignment_id": "fdb10b54-b7ee-4ca8-b4d4-3c264bc03f53", "latitude": 4.4380257, "longitude": 98.0203755, "kategori": "A"}, "geometry": {"type": "Point", "coordinates": [98.0203755, 4.4380257]}}, {"type": "Feature", "properties": {"assignment_id": "62c21f76-aa3f-41a7-a22c-e353c38d86f6", "latitude": 4.4821321, "longitude": 97.9553157, "kategori": "G"}, "geometry": {"type": "Point", "coordinates": [97.9553157, 4.4821321]}}, {"type": "Feature", "properties": {"assignment_id": "b6d042b4-5634-4329-91ba-302ca566f227", "latitude": 4.438747, "longitude": 98.0180541, "kategori": "A"}, "geometry": {"type": "Point", "coordinates": [98.0180541, 4.438747]}}, {"type": "Feature", "properties": {"assignment_id": "c09192dd-9622-4feb-91a3-d90ada65b688", "latitude": 4.5015806, "longitude": 97.9551263, "kategori": "C"}, "geometry": {"type": "Point", "coordinates": [97.9551263, 4.5015806]}}, {"type": "Feature", "properties": {"assignment_id": "d2cbed0b-0ce8-4340-9552-17a7fc5ced9c", "latitude": 4.51899466, "longitude": 97.94143503, "kategori": "A"}, "geometry": {"type": "Point", "coordinates": [97.94143503, 4.51899466]}}, {"type": "Feature", "properties": {"assignment_id": "d2cbed0b-0ce8-4340-9552-17a7fc5ced9c", "latitude": 4.51899466, "longitude": 97.94143503, "kategori": "C"}, "geometry": {"type": "Point", "coordinates": [97.94143503, 4.51899466]}}, {"type": "Feature", "properties": {"assignment_id": "d50f897c-33bf-4c9a-a538-68af9c0543f7", "latitude": 4.4576483, "longitude": 97.9994763, "kategori": "A"}, "geometry": {"type": "Point", "coordinates": [97.9994763, 4.4576483]}}, {"type": "Feature", "properties": {"assignment_id": "f63217da-14f4-4aa8-aafd-a802b385afa2", "latitude": 4.4356535, "longitude": 97.9899813, "kategori": "A"}, "geometry": {"type": "Point", "coordinates": [97.9899813, 4.4356535]}}, {"type": "Feature", "properties": {"assignment_id": "fbeb38b5-9842-4cf3-b6d6-a880064f18e9", "latitude": 4.490986266666667, "longitude": 97.95105923333334, "kategori": "C"}, "geometry": {"type": "Point", "coordinates": [97.95105923333334, 4.490986266666667]}}, {"type": "Feature", "properties": {"assignment_id": "143416d3-2b82-4ebf-a53e-f7dee6ca9167", "latitude": 4.4358813, "longitude": 97.9976776, "kategori": "A"}, "geometry": {"type": "Point", "coordinates": [97.9976776, 4.4358813]}}, {"type": "Feature", "properties": {"assignment_id": "2c97fe7a-1e80-4918-a690-821066f971aa", "latitude": 4.4669647, "longitude": 97.9761558, "kategori": "G"}, "geometry": {"type": "Point", "coordinates": [97.9761558, 4.4669647]}}, {"type": "Feature", "properties": {"assignment_id": "34607782-663b-4143-bb3c-850b0dbf32f6", "latitude": 4.464404, "longitude": 97.9587733, "kategori": "A"}, "geometry": {"type": "Point", "coordinates": [97.9587733, 4.464404]}}, {"type": "Feature", "properties": {"assignment_id": "c0fda1c0-3be8-4a67-8dc7-39c725fd8ad5", "latitude": 4.5132981, "longitude": 97.9439349, "kategori": "A"}, "geometry": {"type": "Point", "coordinates": [97.9439349, 4.5132981]}}, {"type": "Feature", "properties": {"assignment_id": "eaa00b3c-9b38-47ad-8d6d-d57f25f7b52c", "latitude": 4.4749022, "longitude": 97.9673195, "kategori": "G"}, "geometry": {"type": "Point", "coordinates": [97.9673195, 4.4749022]}}, {"type": "Feature", "properties": {"assignment_id": "eae273aa-2a9a-4bf6-b5e6-6455a7d2d9eb", "latitude": 4.4935866, "longitude": 97.9469925, "kategori": "G"}, "geometry": {"type": "Point", "coordinates": [97.9469925, 4.4935866]}}, {"type": "Feature", "properties": {"assignment_id": "9da818d9-668e-4359-92ab-a5bd423511f1", "latitude": 4.4344517, "longitude": 98.035765, "kategori": "A"}, "geometry": {"type": "Point", "coordinates": [98.035765, 4.4344517]}}, {"type": "Feature", "properties": {"assignment_id": "0c8dd30a-79c0-4cf0-aee4-1ce4892dc908", "latitude": 4.483967707492411, "longitude": 97.97057770192623, "kategori": "A"}, "geometry": {"type": "Point", "coordinates": [97.97057770192623, 4.483967707492411]}}, {"type": "Feature", "properties": {"assignment_id": "0c8dd30a-79c0-4cf0-aee4-1ce4892dc908", "latitude": 4.483967707492411, "longitude": 97.97057770192623, "kategori": "G"}, "geometry": {"type": "Point", "coordinates": [97.97057770192623, 4.483967707492411]}}, {"type": "Feature", "properties": {"assignment_id": "4445e73b-118f-4090-890e-5a46ab3c5b17", "latitude": 4.5025613, "longitude": 97.9641182, "kategori": "A"}, "geometry": {"type": "Point", "coordinates": [97.9641182, 4.5025613]}}, {"type": "Feature", "properties": {"assignment_id": "76821ec3-c81c-4f6b-8565-bdba2a879ec3", "latitude": 4.4456224, "longitude": 97.9794298, "kategori": "A"}, "geometry": {"type": "Point", "coordinates": [97.9794298, 4.4456224]}}, {"type": "Feature", "properties": {"assignment_id": "76821ec3-c81c-4f6b-8565-bdba2a879ec3", "latitude": 4.4456224, "longitude": 97.9794298, "kategori": "G"}, "geometry": {"type": "Point", "coordinates": [97.9794298, 4.4456224]}}, {"type": "Feature", "properties": {"assignment_id": "87db179f-f649-455f-89a1-c81fcdeef873", "latitude": 4.440336666666667, "longitude": 97.99285499999999, "kategori": "A"}, "geometry": {"type": "Point", "coordinates": [97.99285499999999, 4.440336666666667]}}, {"type": "Feature", "properties": {"assignment_id": "87db179f-f649-455f-89a1-c81fcdeef873", "latitude": 4.440336666666667, "longitude": 97.99285499999999, "kategori": "G"}, "geometry": {"type": "Point", "coordinates": [97.99285499999999, 4.440336666666667]}}, {"type": "Feature", "properties": {"assignment_id": "dbc3c865-e567-48b5-8064-1472aa63b062", "latitude": 4.4719083, "longitude": 97.9688542, "kategori": "G"}, "geometry": {"type": "Point", "coordinates": [97.9688542, 4.4719083]}}, {"type": "Feature", "properties": {"assignment_id": "e04b4f8d-575e-4327-939c-a3da7792130e", "latitude": 4.477363, "longitude": 97.9439083, "kategori": "C"}, "geometry": {"type": "Point", "coordinates": [97.9439083, 4.477363]}}, {"type": "Feature", "properties": {"assignment_id": "ed855c47-d21f-47bc-9175-977a87b3766e", "latitude": 4.4667527, "longitude": 97.9636157, "kategori": "C"}, "geometry": {"type": "Point", "coordinates": [97.9636157, 4.4667527]}}, {"type": "Feature", "properties": {"assignment_id": "72c39dc1-fab5-4914-b508-d2da4f690ee1", "latitude": 4.438280183333333, "longitude": 98.02167298333333, "kategori": "A"}, "geometry": {"type": "Point", "coordinates": [98.02167298333333, 4.438280183333333]}}, {"type": "Feature", "properties": {"assignment_id": "e6e2aada-f984-4891-84bc-9764e2c06b82", "latitude": 4.4808739, "longitude": 97.9427492, "kategori": "C"}, "geometry": {"type": "Point", "coordinates": [97.9427492, 4.4808739]}}, {"type": "Feature", "properties": {"assignment_id": "2dcfe64a-cb91-49b6-aafc-5804c6f56f74", "latitude": 4.4949185, "longitude": 97.9511624, "kategori": "C"}, "geometry": {"type": "Point", "coordinates": [97.9511624, 4.4949185]}}, {"type": "Feature", "properties": {"assignment_id": "3b18628a-e46d-4515-b034-fea4386e0073", "latitude": 4.4717233, "longitude": 97.9830358, "kategori": "G"}, "geometry": {"type": "Point", "coordinates": [97.9830358, 4.4717233]}}, {"type": "Feature", "properties": {"assignment_id": "3b18628a-e46d-4515-b034-fea4386e0073", "latitude": 4.4717233, "longitude": 97.9830358, "kategori": "T"}, "geometry": {"type": "Point", "coordinates": [97.9830358, 4.4717233]}}, {"type": "Feature", "properties": {"assignment_id": "5bae38bb-4a64-4da9-8203-0efea9e03ca6", "latitude": 4.438734, "longitude": 98.0147983, "kategori": "A"}, "geometry": {"type": "Point", "coordinates": [98.0147983, 4.438734]}}, {"type": "Feature", "properties": {"assignment_id": "5dd2d492-17ea-482b-a25a-23efcdc01425", "latitude": 4.46893852, "longitude": 97.98369736, "kategori": "A"}, "geometry": {"type": "Point", "coordinates": [97.98369736, 4.46893852]}}, {"type": "Feature", "properties": {"assignment_id": "5dd2d492-17ea-482b-a25a-23efcdc01425", "latitude": 4.46893852, "longitude": 97.98369736, "kategori": "F"}, "geometry": {"type": "Point", "coordinates": [97.98369736, 4.46893852]}}, {"type": "Feature", "properties": {"assignment_id": "b71f5a5f-081a-40bf-9891-9f77bc69c894", "latitude": 4.4417877, "longitude": 98.0175717, "kategori": "A"}, "geometry": {"type": "Point", "coordinates": [98.0175717, 4.4417877]}}, {"type": "Feature", "properties": {"assignment_id": "f32976da-81d4-4b41-9932-1562515badfe", "latitude": 4.490953, "longitude": 97.9581978, "kategori": "A"}, "geometry": {"type": "Point", "coordinates": [97.9581978, 4.490953]}}, {"type": "Feature", "properties": {"assignment_id": "224be0c8-9894-41e6-be64-3087b99a8709", "latitude": 4.430985, "longitude": 98.03848, "kategori": "A"}, "geometry": {"type": "Point", "coordinates": [98.03848, 4.430985]}}, {"type": "Feature", "properties": {"assignment_id": "73029d4d-20fa-44b8-b6d2-c00c224885e8", "latitude": 4.4794565, "longitude": 97.943782, "kategori": "A"}, "geometry": {"type": "Point", "coordinates": [97.943782, 4.4794565]}}, {"type": "Feature", "properties": {"assignment_id": "44b2af08-0697-490b-ad41-144b96ad3e10", "latitude": 4.4374233, "longitude": 97.9901583, "kategori": "A"}, "geometry": {"type": "Point", "coordinates": [97.9901583, 4.4374233]}}, {"type": "Feature", "properties": {"assignment_id": "4be40553-ae16-4ab4-9d94-f63e8fc5186b", "latitude": 4.499671666666667, "longitude": 97.96907166666666, "kategori": "A"}, "geometry": {"type": "Point", "coordinates": [97.96907166666666, 4.499671666666667]}}, {"type": "Feature", "properties": {"assignment_id": "4be40553-ae16-4ab4-9d94-f63e8fc5186b", "latitude": 4.499671666666667, "longitude": 97.96907166666666, "kategori": "G"}, "geometry": {"type": "Point", "coordinates": [97.96907166666666, 4.499671666666667]}}, {"type": "Feature", "properties": {"assignment_id": "f435b64d-d008-4fca-a176-4482e4f5e209", "latitude": 4.454491666666667, "longitude": 97.97677333333334, "kategori": "A"}, "geometry": {"type": "Point", "coordinates": [97.97677333333334, 4.454491666666667]}}, {"type": "Feature", "properties": {"assignment_id": "fcc407bf-fd23-439f-b697-261fb7d22854", "latitude": 4.4373029, "longitude": 97.9896452, "kategori": "A"}, "geometry": {"type": "Point", "coordinates": [97.9896452, 4.4373029]}}, {"type": "Feature", "properties": {"assignment_id": "4e09bf1d-dfc3-46cc-bf39-0f94fcb5000c", "latitude": 4.4543914, "longitude": 98.0131321, "kategori": "A"}, "geometry": {"type": "Point", "coordinates": [98.0131321, 4.4543914]}}, {"type": "Feature", "properties": {"assignment_id": "71e846d8-5e46-492d-be94-1b85b21583d7", "latitude": 4.4647245, "longitude": 97.9586662, "kategori": "A"}, "geometry": {"type": "Point", "coordinates": [97.9586662, 4.4647245]}}, {"type": "Feature", "properties": {"assignment_id": "7270e312-2f67-4902-b55f-5a8d60ec8301", "latitude": 4.4761201506480575, "longitude": 97.9859764315188, "kategori": "A"}, "geometry": {"type": "Point", "coordinates": [97.9859764315188, 4.4761201506480575]}}, {"type": "Feature", "properties": {"assignment_id": "8d16c965-c6b4-4d84-be75-2e3b3cbbc151", "latitude": 4.4767911, "longitude": 97.983726, "kategori": "G"}, "geometry": {"type": "Point", "coordinates": [97.983726, 4.4767911]}}, {"type": "Feature", "properties": {"assignment_id": "9babb661-3bcd-43e1-b51d-439cb7965986", "latitude": 4.4805552, "longitude": 97.9763679, "kategori": "A"}, "geometry": {"type": "Point", "coordinates": [97.9763679, 4.4805552]}}, {"type": "Feature", "properties": {"assignment_id": "a6b6fc25-237a-4dcf-bdf0-b9750b27bbc8", "latitude": 4.4611491, "longitude": 97.9793524, "kategori": "G"}, "geometry": {"type": "Point", "coordinates": [97.9793524, 4.4611491]}}, {"type": "Feature", "properties": {"assignment_id": "bbca9548-fcdc-47bc-ba29-60cb059e4cf1", "latitude": 4.4287495, "longitude": 98.0248498, "kategori": "A"}, "geometry": {"type": "Point", "coordinates": [98.0248498, 4.4287495]}}, {"type": "Feature", "properties": {"assignment_id": "bbf454a7-4bbb-44e7-a52f-c82cf520c499", "latitude": 4.4399346, "longitude": 97.9924271, "kategori": "A"}, "geometry": {"type": "Point", "coordinates": [97.9924271, 4.4399346]}}, {"type": "Feature", "properties": {"assignment_id": "bbf454a7-4bbb-44e7-a52f-c82cf520c499", "latitude": 4.4399346, "longitude": 97.9924271, "kategori": "F"}, "geometry": {"type": "Point", "coordinates": [97.9924271, 4.4399346]}}, {"type": "Feature", "properties": {"assignment_id": "ed7b113c-33da-4367-82b8-86a19424c653", "latitude": 4.440251666666667, "longitude": 98.00585333333332, "kategori": "G"}, "geometry": {"type": "Point", "coordinates": [98.00585333333332, 4.440251666666667]}}, {"type": "Feature", "properties": {"assignment_id": "ed7b113c-33da-4367-82b8-86a19424c653", "latitude": 4.440251666666667, "longitude": 98.00585333333332, "kategori": "C"}, "geometry": {"type": "Point", "coordinates": [98.00585333333332, 4.440251666666667]}}, {"type": "Feature", "properties": {"assignment_id": "f6471267-ded6-4a97-80d6-6be3928c6380", "latitude": 4.507575, "longitude": 97.9375783, "kategori": "A"}, "geometry": {"type": "Point", "coordinates": [97.9375783, 4.507575]}}, {"type": "Feature", "properties": {"assignment_id": "f6471267-ded6-4a97-80d6-6be3928c6380", "latitude": 4.507575, "longitude": 97.9375783, "kategori": "H"}, "geometry": {"type": "Point", "coordinates": [97.9375783, 4.507575]}}, {"type": "Feature", "properties": {"assignment_id": "a9d628e7-a26e-4afb-a8e7-0bfde897bfc6", "latitude": 4.4602481, "longitude": 97.977987, "kategori": "H"}, "geometry": {"type": "Point", "coordinates": [97.977987, 4.4602481]}}, {"type": "Feature", "properties": {"assignment_id": "3e981bc3-1131-4aef-8b38-8eff0014e433", "latitude": 4.509592526592314, "longitude": 97.94353617355227, "kategori": "A"}, "geometry": {"type": "Point", "coordinates": [97.94353617355227, 4.509592526592314]}}, {"type": "Feature", "properties": {"assignment_id": "acdf710e-ad03-4ebe-8a4c-da0255fb1df5", "latitude": 4.47755, "longitude": 97.98061666666666, "kategori": "A"}, "geometry": {"type": "Point", "coordinates": [97.98061666666666, 4.47755]}}, {"type": "Feature", "properties": {"assignment_id": "c9f7dd44-c8f7-4cbf-a53b-75e6b2be8bc7", "latitude": 4.4354453, "longitude": 97.9891048, "kategori": "A"}, "geometry": {"type": "Point", "coordinates": [97.9891048, 4.4354453]}}, {"type": "Feature", "properties": {"assignment_id": "d06cf1c7-65e9-4290-ac79-0672ee13529f", "latitude": 4.4795981, "longitude": 97.9751545, "kategori": "C"}, "geometry": {"type": "Point", "coordinates": [97.9751545, 4.4795981]}}, {"type": "Feature", "properties": {"assignment_id": "d2cca81e-fce4-488b-86b9-b3fbb63824de", "latitude": 4.492563333333334, "longitude": 97.96741833333333, "kategori": "C"}, "geometry": {"type": "Point", "coordinates": [97.96741833333333, 4.492563333333334]}}, {"type": "Feature", "properties": {"assignment_id": "e9ad34ad-b1fe-4f04-9d36-3d52db4723e0", "latitude": 4.47010809, "longitude": 97.97346994, "kategori": "G"}, "geometry": {"type": "Point", "coordinates": [97.97346994, 4.47010809]}}, {"type": "Feature", "properties": {"assignment_id": "ef5d048b-c643-4762-809d-4fa25674eff0", "latitude": 4.451288, "longitude": 97.9523579, "kategori": "A"}, "geometry": {"type": "Point", "coordinates": [97.9523579, 4.451288]}}, {"type": "Feature", "properties": {"assignment_id": "ef5d048b-c643-4762-809d-4fa25674eff0", "latitude": 4.451288, "longitude": 97.9523579, "kategori": "G"}, "geometry": {"type": "Point", "coordinates": [97.9523579, 4.451288]}}, {"type": "Feature", "properties": {"assignment_id": "3d69f01a-6754-4737-99ad-4446a41c545c", "latitude": 4.489513333333333, "longitude": 97.97013166666666, "kategori": "A"}, "geometry": {"type": "Point", "coordinates": [97.97013166666666, 4.489513333333333]}}, {"type": "Feature", "properties": {"assignment_id": "7bb78608-532d-4f7e-9cca-584441687c37", "latitude": 4.462786, "longitude": 97.9731165, "kategori": "G"}, "geometry": {"type": "Point", "coordinates": [97.9731165, 4.462786]}}, {"type": "Feature", "properties": {"assignment_id": "f1902448-e639-49c0-8490-30b00dba0bb0", "latitude": 4.4498183, "longitude": 98.0146917, "kategori": "A"}, "geometry": {"type": "Point", "coordinates": [98.0146917, 4.4498183]}}, {"type": "Feature", "properties": {"assignment_id": "f1902448-e639-49c0-8490-30b00dba0bb0", "latitude": 4.4498183, "longitude": 98.0146917, "kategori": "C"}, "geometry": {"type": "Point", "coordinates": [98.0146917, 4.4498183]}}, {"type": "Feature", "properties": {"assignment_id": "7a887259-32f4-49f2-8f0c-dbaed1ce0132", "latitude": 4.4195886, "longitude": 98.0259413, "kategori": "A"}, "geometry": {"type": "Point", "coordinates": [98.0259413, 4.4195886]}}, {"type": "Feature", "properties": {"assignment_id": "e35739df-6701-4247-9044-6e9e420311c7", "latitude": 4.4720223, "longitude": 97.9748309, "kategori": "G"}, "geometry": {"type": "Point", "coordinates": [97.9748309, 4.4720223]}}, {"type": "Feature", "properties": {"assignment_id": "0fb1d02c-232e-4b8d-8075-6ff5fd473493", "latitude": 4.4577045, "longitude": 97.9909538, "kategori": "C"}, "geometry": {"type": "Point", "coordinates": [97.9909538, 4.4577045]}}, {"type": "Feature", "properties": {"assignment_id": "136608e2-831d-4263-9845-6612faa8e236", "latitude": 4.4889227, "longitude": 97.9595441, "kategori": "A"}, "geometry": {"type": "Point", "coordinates": [97.9595441, 4.4889227]}}, {"type": "Feature", "properties": {"assignment_id": "35bf82da-5dba-4db7-87ab-01bcb2f31b52", "latitude": 4.4713965, "longitude": 97.9748132, "kategori": "C"}, "geometry": {"type": "Point", "coordinates": [97.9748132, 4.4713965]}}, {"type": "Feature", "properties": {"assignment_id": "46483fc7-6ac6-4c8b-95f9-8543360cb8f2", "latitude": 4.473275, "longitude": 97.9559083, "kategori": "R"}, "geometry": {"type": "Point", "coordinates": [97.9559083, 4.473275]}}, {"type": "Feature", "properties": {"assignment_id": "680f5bda-b815-4eb8-a8d2-dd190d4f22fc", "latitude": 4.4959615, "longitude": 97.996173, "kategori": "G"}, "geometry": {"type": "Point", "coordinates": [97.996173, 4.4959615]}}, {"type": "Feature", "properties": {"assignment_id": "c66b0032-35d8-4bb4-8286-c90e900a2a7c", "latitude": 4.434135, "longitude": 98.0230567, "kategori": "A"}, "geometry": {"type": "Point", "coordinates": [98.0230567, 4.434135]}}, {"type": "Feature", "properties": {"assignment_id": "6f3c1387-8edf-4cb9-8847-859d1faf7d2d", "latitude": 4.456626666666667, "longitude": 97.983775, "kategori": "A"}, "geometry": {"type": "Point", "coordinates": [97.983775, 4.456626666666667]}}, {"type": "Feature", "properties": {"assignment_id": "08874523-ab74-422d-871f-c76e13e297f6", "latitude": 4.4610933, "longitude": 97.9767432, "kategori": "G"}, "geometry": {"type": "Point", "coordinates": [97.9767432, 4.4610933]}}, {"type": "Feature", "properties": {"assignment_id": "15141cf6-6423-4953-8f80-16b8e5994a71", "latitude": 4.465028333333334, "longitude": 97.95349499999999, "kategori": "C"}, "geometry": {"type": "Point", "coordinates": [97.95349499999999, 4.465028333333334]}}, {"type": "Feature", "properties": {"assignment_id": "3050e2b8-135d-40c1-9672-b82a9d36358e", "latitude": 4.46714, "longitude": 97.90312999999999, "kategori": "A"}, "geometry": {"type": "Point", "coordinates": [97.90312999999999, 4.46714]}}, {"type": "Feature", "properties": {"assignment_id": "50de94cc-8279-4deb-95d0-6fea897be083", "latitude": 4.4883077, "longitude": 97.9569251, "kategori": "A"}, "geometry": {"type": "Point", "coordinates": [97.9569251, 4.4883077]}}, {"type": "Feature", "properties": {"assignment_id": "50de94cc-8279-4deb-95d0-6fea897be083", "latitude": 4.4883077, "longitude": 97.9569251, "kategori": "C"}, "geometry": {"type": "Point", "coordinates": [97.9569251, 4.4883077]}}, {"type": "Feature", "properties": {"assignment_id": "5e60a9d3-75e7-4b8b-b509-04131a6b56fe", "latitude": 4.44923278, "longitude": 98.02180421, "kategori": "A"}, "geometry": {"type": "Point", "coordinates": [98.02180421, 4.44923278]}}, {"type": "Feature", "properties": {"assignment_id": "5e60a9d3-75e7-4b8b-b509-04131a6b56fe", "latitude": 4.44923278, "longitude": 98.02180421, "kategori": "G"}, "geometry": {"type": "Point", "coordinates": [98.02180421, 4.44923278]}}, {"type": "Feature", "properties": {"assignment_id": "6174b03b-0daa-4d06-a714-5c8a3287bb8d", "latitude": 4.5510383333333335, "longitude": 98.06592666666666, "kategori": "Q"}, "geometry": {"type": "Point", "coordinates": [98.06592666666666, 4.5510383333333335]}}, {"type": "Feature", "properties": {"assignment_id": "863a5a23-99ee-485b-bffc-9a25dabc99e7", "latitude": 4.46141, "longitude": 97.97047333333333, "kategori": "C"}, "geometry": {"type": "Point", "coordinates": [97.97047333333333, 4.46141]}}, {"type": "Feature", "properties": {"assignment_id": "9cf2912c-18f8-4af2-a08f-8b2347c9fecc", "latitude": 4.4659849, "longitude": 97.947198, "kategori": "A"}, "geometry": {"type": "Point", "coordinates": [97.947198, 4.4659849]}}, {"type": "Feature", "properties": {"assignment_id": "a95d8db3-3bc7-4e12-8fae-7be210b2e4ff", "latitude": 4.4340917, "longitude": 98.0228617, "kategori": "A"}, "geometry": {"type": "Point", "coordinates": [98.0228617, 4.4340917]}}, {"type": "Feature", "properties": {"assignment_id": "a95d8db3-3bc7-4e12-8fae-7be210b2e4ff", "latitude": 4.4340917, "longitude": 98.0228617, "kategori": "G"}, "geometry": {"type": "Point", "coordinates": [98.0228617, 4.4340917]}}, {"type": "Feature", "properties": {"assignment_id": "a95d8db3-3bc7-4e12-8fae-7be210b2e4ff", "latitude": 4.4340917, "longitude": 98.0228617, "kategori": "C"}, "geometry": {"type": "Point", "coordinates": [98.0228617, 4.4340917]}}, {"type": "Feature", "properties": {"assignment_id": "b8c55bb5-6a18-4218-b9be-85dcf0b65774", "latitude": 4.4471197, "longitude": 97.9439134, "kategori": "A"}, "geometry": {"type": "Point", "coordinates": [97.9439134, 4.4471197]}}, {"type": "Feature", "properties": {"assignment_id": "ba616afe-cee6-46a1-9da8-6a3bca6b3e4e", "latitude": 4.47048274, "longitude": 97.98041813, "kategori": "C"}, "geometry": {"type": "Point", "coordinates": [97.98041813, 4.47048274]}}, {"type": "Feature", "properties": {"assignment_id": "d2acc53a-bc06-46ed-b456-01a8f3bfd88f", "latitude": 4.4653854, "longitude": 97.9742924, "kategori": "G"}, "geometry": {"type": "Point", "coordinates": [97.9742924, 4.4653854]}}, {"type": "Feature", "properties": {"assignment_id": "da45e5ac-d424-43e3-bc08-607891ea87ba", "latitude": 4.5051833, "longitude": 97.9650117, "kategori": "A"}, "geometry": {"type": "Point", "coordinates": [97.9650117, 4.5051833]}}, {"type": "Feature", "properties": {"assignment_id": "86942d1c-6c3c-4807-84d6-bc41467b1d04", "latitude": 4.460361, "longitude": 98.0016128, "kategori": "A"}, "geometry": {"type": "Point", "coordinates": [98.0016128, 4.460361]}}, {"type": "Feature", "properties": {"assignment_id": "c820dd18-ee8a-4908-9c1a-8a7c7e1bc04d", "latitude": 4.4611567, "longitude": 97.9787317, "kategori": "C"}, "geometry": {"type": "Point", "coordinates": [97.9787317, 4.4611567]}}, {"type": "Feature", "properties": {"assignment_id": "d707e3c1-43c1-4cee-a8b3-ad388d89f57f", "latitude": 4.4489014, "longitude": 97.9766657, "kategori": "A"}, "geometry": {"type": "Point", "coordinates": [97.9766657, 4.4489014]}}, {"type": "Feature", "properties": {"assignment_id": "e156ffd7-3150-4a44-9e5c-fdddfd8af34a", "latitude": 4.4646084, "longitude": 97.9792273, "kategori": "A"}, "geometry": {"type": "Point", "coordinates": [97.9792273, 4.4646084]}}, {"type": "Feature", "properties": {"assignment_id": "e6d37091-2652-4ab9-8d27-bf66a3fff576", "latitude": 4.471276666666666, "longitude": 97.956165, "kategori": "A"}, "geometry": {"type": "Point", "coordinates": [97.956165, 4.471276666666666]}}, {"type": "Feature", "properties": {"assignment_id": "0f136846-cb0a-4c6b-86a9-28ac8470dddf", "latitude": 4.476036666666667, "longitude": 97.98056, "kategori": "L"}, "geometry": {"type": "Point", "coordinates": [97.98056, 4.476036666666667]}}, {"type": "Feature", "properties": {"assignment_id": "63a23f86-213c-48e3-bf68-744c8a12d7a6", "latitude": 4.4453993, "longitude": 97.9408202, "kategori": "A"}, "geometry": {"type": "Point", "coordinates": [97.9408202, 4.4453993]}}, {"type": "Feature", "properties": {"assignment_id": "66ed3809-4665-402c-a5a2-74374597e7f4", "latitude": 4.4568077, "longitude": 98.003023, "kategori": "A"}, "geometry": {"type": "Point", "coordinates": [98.003023, 4.4568077]}}, {"type": "Feature", "properties": {"assignment_id": "94e9bc95-5189-45ff-b2b9-0fefe4aa5e10", "latitude": 4.4800041, "longitude": 97.980337, "kategori": "H"}, "geometry": {"type": "Point", "coordinates": [97.980337, 4.4800041]}}, {"type": "Feature", "properties": {"assignment_id": "99e0178c-27cf-4f81-9456-6cc416fcc84d", "latitude": 4.4841931, "longitude": 97.9813473, "kategori": "G"}, "geometry": {"type": "Point", "coordinates": [97.9813473, 4.4841931]}}, {"type": "Feature", "properties": {"assignment_id": "a2a107d9-f699-43b0-967d-c225c6077a88", "latitude": 4.5341224, "longitude": 97.9340876, "kategori": "A"}, "geometry": {"type": "Point", "coordinates": [97.9340876, 4.5341224]}}, {"type": "Feature", "properties": {"assignment_id": "e1183b39-3a51-41e8-9fa6-21b52c12193c", "latitude": 4.441468333333333, "longitude": 97.99412666666667, "kategori": "A"}, "geometry": {"type": "Point", "coordinates": [97.99412666666667, 4.441468333333333]}}, {"type": "Feature", "properties": {"assignment_id": "e1183b39-3a51-41e8-9fa6-21b52c12193c", "latitude": 4.441468333333333, "longitude": 97.99412666666667, "kategori": "F"}, "geometry": {"type": "Point", "coordinates": [97.99412666666667, 4.441468333333333]}}, {"type": "Feature", "properties": {"assignment_id": "f3bdec25-9880-481c-97bf-016ef56f4cb4", "latitude": 4.5153572, "longitude": 97.9460653, "kategori": "A"}, "geometry": {"type": "Point", "coordinates": [97.9460653, 4.5153572]}}, {"type": "Feature", "properties": {"assignment_id": "640f3f40-26b8-4727-a72a-bcc26c2bca36", "latitude": 4.4647509, "longitude": 97.963881, "kategori": "G"}, "geometry": {"type": "Point", "coordinates": [97.963881, 4.4647509]}}, {"type": "Feature", "properties": {"assignment_id": "6d11635d-90c8-49c1-8339-3c1e11760881", "latitude": 4.448221666666667, "longitude": 98.01394499999999, "kategori": "G"}, "geometry": {"type": "Point", "coordinates": [98.01394499999999, 4.448221666666667]}}, {"type": "Feature", "properties": {"assignment_id": "585a1b11-a3dc-42e2-a34b-dceb91bc4db9", "latitude": 4.479864, "longitude": 97.9453573, "kategori": "C"}, "geometry": {"type": "Point", "coordinates": [97.9453573, 4.479864]}}, {"type": "Feature", "properties": {"assignment_id": "4b06aef9-afb8-4334-8792-171e0a54e281", "latitude": 4.5512805, "longitude": 98.0661997, "kategori": "G"}, "geometry": {"type": "Point", "coordinates": [98.0661997, 4.5512805]}}, {"type": "Feature", "properties": {"assignment_id": "116151d6-00a3-406f-a16f-d5b6d80b16be", "latitude": 4.47112579, "longitude": 97.98440474, "kategori": "F"}, "geometry": {"type": "Point", "coordinates": [97.98440474, 4.47112579]}}, {"type": "Feature", "properties": {"assignment_id": "50fa3b77-25a0-433b-bbbb-5fa849114083", "latitude": 4.4837192, "longitude": 97.9574185, "kategori": "A"}, "geometry": {"type": "Point", "coordinates": [97.9574185, 4.4837192]}}, {"type": "Feature", "properties": {"assignment_id": "57ba121d-028f-4d0e-8de1-213028a0d9cd", "latitude": 4.5156279, "longitude": 97.9463367, "kategori": "A"}, "geometry": {"type": "Point", "coordinates": [97.9463367, 4.5156279]}}, {"type": "Feature", "properties": {"assignment_id": "5b3f0252-2b1b-48a8-88ed-e7384f7fec98", "latitude": 4.49584, "longitude": 97.97400666666665, "kategori": "A"}, "geometry": {"type": "Point", "coordinates": [97.97400666666665, 4.49584]}}, {"type": "Feature", "properties": {"assignment_id": "5b3f0252-2b1b-48a8-88ed-e7384f7fec98", "latitude": 4.49584, "longitude": 97.97400666666665, "kategori": "G"}, "geometry": {"type": "Point", "coordinates": [97.97400666666665, 4.49584]}}, {"type": "Feature", "properties": {"assignment_id": "690808cf-9540-427a-89fc-b85b2d52a5f5", "latitude": 4.4911205, "longitude": 97.9717275, "kategori": "A"}, "geometry": {"type": "Point", "coordinates": [97.9717275, 4.4911205]}}, {"type": "Feature", "properties": {"assignment_id": "b5783d9a-a5c2-46ed-a2ad-89b977984712", "latitude": 4.4768316666666665, "longitude": 97.95376499999999, "kategori": "A"}, "geometry": {"type": "Point", "coordinates": [97.95376499999999, 4.4768316666666665]}}, {"type": "Feature", "properties": {"assignment_id": "c5accd12-462e-4860-b2eb-7db6333f99a7", "latitude": 4.47828958, "longitude": 97.94596481, "kategori": "C"}, "geometry": {"type": "Point", "coordinates": [97.94596481, 4.47828958]}}, {"type": "Feature", "properties": {"assignment_id": "cceaaa64-478d-4aa2-ac2d-bf07fdb24a46", "latitude": 4.445759616666667, "longitude": 97.94246655, "kategori": "C"}, "geometry": {"type": "Point", "coordinates": [97.94246655, 4.445759616666667]}}, {"type": "Feature", "properties": {"assignment_id": "02c1a42f-9b68-451b-935e-26b04db18eb0", "latitude": 4.478111666666666, "longitude": 97.98605333333334, "kategori": "G"}, "geometry": {"type": "Point", "coordinates": [97.98605333333334, 4.478111666666666]}}, {"type": "Feature", "properties": {"assignment_id": "03076f87-84ae-4702-998f-a20fca7b649e", "latitude": 4.4925679, "longitude": 97.9516889, "kategori": "F"}, "geometry": {"type": "Point", "coordinates": [97.9516889, 4.4925679]}}, {"type": "Feature", "properties": {"assignment_id": "0ba1b2e4-0e7d-4f8b-bba6-85e829c40cf1", "latitude": 4.440636850000001, "longitude": 97.93650333333332, "kategori": "A"}, "geometry": {"type": "Point", "coordinates": [97.93650333333332, 4.440636850000001]}}, {"type": "Feature", "properties": {"assignment_id": "3102fd4b-7157-442e-a7c4-6485f18303a6", "latitude": 4.4709986, "longitude": 97.9719878, "kategori": "G"}, "geometry": {"type": "Point", "coordinates": [97.9719878, 4.4709986]}}, {"type": "Feature", "properties": {"assignment_id": "43a75581-ac39-43c4-9dd4-7bbabaf1be31", "latitude": 4.4742101, "longitude": 97.9719581, "kategori": "G"}, "geometry": {"type": "Point", "coordinates": [97.9719581, 4.4742101]}}, {"type": "Feature", "properties": {"assignment_id": "523bec1e-a669-4274-802f-1d339c0d31b2", "latitude": 4.436658333333333, "longitude": 98.00373833333333, "kategori": "A"}, "geometry": {"type": "Point", "coordinates": [98.00373833333333, 4.436658333333333]}}, {"type": "Feature", "properties": {"assignment_id": "523bec1e-a669-4274-802f-1d339c0d31b2", "latitude": 4.436658333333333, "longitude": 98.00373833333333, "kategori": "C"}, "geometry": {"type": "Point", "coordinates": [98.00373833333333, 4.436658333333333]}}, {"type": "Feature", "properties": {"assignment_id": "66571f2f-a516-4972-99c8-4511ab345056", "latitude": 4.4649903, "longitude": 97.9861096, "kategori": "A"}, "geometry": {"type": "Point", "coordinates": [97.9861096, 4.4649903]}}, {"type": "Feature", "properties": {"assignment_id": "678b12b6-c5e1-42d3-aae7-7b05d4121ac3", "latitude": 4.4682878, "longitude": 97.9841007, "kategori": "C"}, "geometry": {"type": "Point", "coordinates": [97.9841007, 4.4682878]}}, {"type": "Feature", "properties": {"assignment_id": "9824ec2e-f4b0-42a5-8eeb-412d14cc8be7", "latitude": 4.4604612, "longitude": 97.9919808, "kategori": "G"}, "geometry": {"type": "Point", "coordinates": [97.9919808, 4.4604612]}}, {"type": "Feature", "properties": {"assignment_id": "9ab2f5f2-7eaf-4f80-9ce1-c2e468ca284f", "latitude": 4.46749, "longitude": 97.9605243, "kategori": "C"}, "geometry": {"type": "Point", "coordinates": [97.9605243, 4.46749]}}, {"type": "Feature", "properties": {"assignment_id": "9fabffea-0a7d-497b-af31-30e799253cf8", "latitude": 4.4414244, "longitude": 97.9743529, "kategori": "A"}, "geometry": {"type": "Point", "coordinates": [97.9743529, 4.4414244]}}, {"type": "Feature", "properties": {"assignment_id": "b99041d2-ca45-4077-8dd3-67881b755564", "latitude": 4.512979527935386, "longitude": 97.94361747801304, "kategori": "A"}, "geometry": {"type": "Point", "coordinates": [97.94361747801304, 4.512979527935386]}}, {"type": "Feature", "properties": {"assignment_id": "d26fcd9b-34fe-44f6-b310-bed86298ccaa", "latitude": 4.4553234, "longitude": 98.0097489, "kategori": "G"}, "geometry": {"type": "Point", "coordinates": [98.0097489, 4.4553234]}}, {"type": "Feature", "properties": {"assignment_id": "18c65839-bf91-4eb9-9aa6-992165e9ae39", "latitude": 4.4776787, "longitude": 97.9585633, "kategori": "A"}, "geometry": {"type": "Point", "coordinates": [97.9585633, 4.4776787]}}, {"type": "Feature", "properties": {"assignment_id": "bfb6928a-50b5-4b5d-a001-b7740fc94f47", "latitude": 4.470406666666666, "longitude": 97.93388333333333, "kategori": "A"}, "geometry": {"type": "Point", "coordinates": [97.93388333333333, 4.470406666666666]}}, {"type": "Feature", "properties": {"assignment_id": "32c82a3d-d209-4592-9052-6da0538975af", "latitude": 4.4696496, "longitude": 97.974177, "kategori": "G"}, "geometry": {"type": "Point", "coordinates": [97.974177, 4.4696496]}}, {"type": "Feature", "properties": {"assignment_id": "034a4389-5820-4d35-b3eb-3889d8acbbb1", "latitude": 4.4961283, "longitude": 97.974565, "kategori": "G"}, "geometry": {"type": "Point", "coordinates": [97.974565, 4.4961283]}}, {"type": "Feature", "properties": {"assignment_id": "3bffe301-90d0-4d54-990b-837eed4e3324", "latitude": 4.4718699, "longitude": 97.9718433, "kategori": "G"}, "geometry": {"type": "Point", "coordinates": [97.9718433, 4.4718699]}}, {"type": "Feature", "properties": {"assignment_id": "75231dfc-ea73-4eb6-a909-979e316fcaab", "latitude": 4.441873333333334, "longitude": 97.99173166666667, "kategori": "A"}, "geometry": {"type": "Point", "coordinates": [97.99173166666667, 4.441873333333334]}}, {"type": "Feature", "properties": {"assignment_id": "76bb2bf4-93f5-4bc8-a8e3-08b7627930af", "latitude": 4.5024431, "longitude": 97.9660553, "kategori": "A"}, "geometry": {"type": "Point", "coordinates": [97.9660553, 4.5024431]}}, {"type": "Feature", "properties": {"assignment_id": "912bc389-1f50-456b-9b92-de8fcf52cb3b", "latitude": 4.4597995, "longitude": 97.9643841, "kategori": "G"}, "geometry": {"type": "Point", "coordinates": [97.9643841, 4.4597995]}}, {"type": "Feature", "properties": {"assignment_id": "931d54a1-433c-42c2-a408-bc6edd357901", "latitude": 4.4676839, "longitude": 97.9413735, "kategori": "A"}, "geometry": {"type": "Point", "coordinates": [97.9413735, 4.4676839]}}, {"type": "Feature", "properties": {"assignment_id": "98843f4e-67e8-4e41-b473-f45fd4a8145b", "latitude": 4.4546352, "longitude": 97.9280841, "kategori": "A"}, "geometry": {"type": "Point", "coordinates": [97.9280841, 4.4546352]}}, {"type": "Feature", "properties": {"assignment_id": "42dabf89-8dd1-4e92-83c4-5db8cf159da2", "latitude": 4.458884, "longitude": 98.0036857, "kategori": "A"}, "geometry": {"type": "Point", "coordinates": [98.0036857, 4.458884]}}, {"type": "Feature", "properties": {"assignment_id": "4c217c6b-c4cc-47d8-81d8-7e2a81348f3a", "latitude": 4.46990294, "longitude": 97.97397284, "kategori": "G"}, "geometry": {"type": "Point", "coordinates": [97.97397284, 4.46990294]}}, {"type": "Feature", "properties": {"assignment_id": "4ce9b75c-2970-40ad-9d66-2242c514ddc8", "latitude": 4.4714139, "longitude": 97.9353374, "kategori": "C"}, "geometry": {"type": "Point", "coordinates": [97.9353374, 4.4714139]}}, {"type": "Feature", "properties": {"assignment_id": "004bfb58-d7bf-4293-bba6-2201deb4b0c5", "latitude": 4.4703396, "longitude": 97.9726189, "kategori": "G"}, "geometry": {"type": "Point", "coordinates": [97.9726189, 4.4703396]}}, {"type": "Feature", "properties": {"assignment_id": "14031bab-9d56-4a7b-862a-9fce74b30aee", "latitude": 4.505606966666666, "longitude": 97.94541348333333, "kategori": "A"}, "geometry": {"type": "Point", "coordinates": [97.94541348333333, 4.505606966666666]}}, {"type": "Feature", "properties": {"assignment_id": "3fa4d58d-bb78-4ed5-a7fd-8484973e7399", "latitude": 4.4370667, "longitude": 98.0421766, "kategori": "A"}, "geometry": {"type": "Point", "coordinates": [98.0421766, 4.4370667]}}, {"type": "Feature", "properties": {"assignment_id": "4bab1b3e-2561-402b-8a4b-da2cdb1759cd", "latitude": 4.4347017, "longitude": 98.0211267, "kategori": "A"}, "geometry": {"type": "Point", "coordinates": [98.0211267, 4.4347017]}}, {"type": "Feature", "properties": {"assignment_id": "5b0ad096-b352-4996-8190-07975b4a7a8f", "latitude": 4.4398577, "longitude": 97.9709357, "kategori": "A"}, "geometry": {"type": "Point", "coordinates": [97.9709357, 4.4398577]}}, {"type": "Feature", "properties": {"assignment_id": "6cf1484b-221b-414d-a083-530de2a63319", "latitude": 4.5515896, "longitude": 98.06459948333334, "kategori": "G"}, "geometry": {"type": "Point", "coordinates": [98.06459948333334, 4.5515896]}}, {"type": "Feature", "properties": {"assignment_id": "79ef2c3f-7ea0-41a5-bbbb-8cf821455136", "latitude": 4.466215, "longitude": 97.97080333333334, "kategori": "G"}, "geometry": {"type": "Point", "coordinates": [97.97080333333334, 4.466215]}}, {"type": "Feature", "properties": {"assignment_id": "79ef2c3f-7ea0-41a5-bbbb-8cf821455136", "latitude": 4.466215, "longitude": 97.97080333333334, "kategori": "C"}, "geometry": {"type": "Point", "coordinates": [97.97080333333334, 4.466215]}}, {"type": "Feature", "properties": {"assignment_id": "a1dad866-ddef-45bf-83f5-e73254764aa5", "latitude": 4.472554, "longitude": 97.9373153, "kategori": "A"}, "geometry": {"type": "Point", "coordinates": [97.9373153, 4.472554]}}, {"type": "Feature", "properties": {"assignment_id": "c143e122-0db9-4180-8ab7-07700dfc3727", "latitude": 4.4402805, "longitude": 97.9910205, "kategori": "A"}, "geometry": {"type": "Point", "coordinates": [97.9910205, 4.4402805]}}, {"type": "Feature", "properties": {"assignment_id": "c9c3206d-7fbd-4246-a028-0fbf5316f457", "latitude": 4.4663682, "longitude": 97.9422629, "kategori": "A"}, "geometry": {"type": "Point", "coordinates": [97.9422629, 4.4663682]}}, {"type": "Feature", "properties": {"assignment_id": "c9c3206d-7fbd-4246-a028-0fbf5316f457", "latitude": 4.4663682, "longitude": 97.9422629, "kategori": "G"}, "geometry": {"type": "Point", "coordinates": [97.9422629, 4.4663682]}}, {"type": "Feature", "properties": {"assignment_id": "f3f293df-6aeb-45e3-89bb-2581a1ca7e4a", "latitude": 4.4609627, "longitude": 97.9815187, "kategori": "A"}, "geometry": {"type": "Point", "coordinates": [97.9815187, 4.4609627]}}, {"type": "Feature", "properties": {"assignment_id": "54a3af6f-edfe-4950-ab34-ef1af819dd69", "latitude": 4.4471191, "longitude": 97.9439125, "kategori": "A"}, "geometry": {"type": "Point", "coordinates": [97.9439125, 4.4471191]}}, {"type": "Feature", "properties": {"assignment_id": "9d056ca4-77fd-4a41-ae72-5846bdddd5ce", "latitude": 4.4712595, "longitude": 97.9328385, "kategori": "G"}, "geometry": {"type": "Point", "coordinates": [97.9328385, 4.4712595]}}, {"type": "Feature", "properties": {"assignment_id": "a690eb04-fb6a-4360-8519-801cdc81bd58", "latitude": 4.4717972, "longitude": 97.9315923, "kategori": "A"}, "geometry": {"type": "Point", "coordinates": [97.9315923, 4.4717972]}}, {"type": "Feature", "properties": {"assignment_id": "cb36b01b-be4e-424b-a049-41d271a9811f", "latitude": 4.4749366, "longitude": 97.9479361, "kategori": "A"}, "geometry": {"type": "Point", "coordinates": [97.9479361, 4.4749366]}}, {"type": "Feature", "properties": {"assignment_id": "db95ab32-612b-4d56-bf8e-21830b11b93d", "latitude": 4.45953248, "longitude": 97.97899083, "kategori": "G"}, "geometry": {"type": "Point", "coordinates": [97.97899083, 4.45953248]}}, {"type": "Feature", "properties": {"assignment_id": "f47de440-957e-4494-8696-a9f19014813f", "latitude": 4.439544, "longitude": 97.9686585, "kategori": "A"}, "geometry": {"type": "Point", "coordinates": [97.9686585, 4.439544]}}, {"type": "Feature", "properties": {"assignment_id": "fbd529a2-b58e-4439-b420-80d459430e5b", "latitude": 4.474699, "longitude": 97.9810758, "kategori": "A"}, "geometry": {"type": "Point", "coordinates": [97.9810758, 4.474699]}}, {"type": "Feature", "properties": {"assignment_id": "fbd529a2-b58e-4439-b420-80d459430e5b", "latitude": 4.474699, "longitude": 97.9810758, "kategori": "G"}, "geometry": {"type": "Point", "coordinates": [97.9810758, 4.474699]}}, {"type": "Feature", "properties": {"assignment_id": "0ed0bc18-7508-4eea-a2fc-8e1d77d1ef78", "latitude": 4.476119983009994, "longitude": 97.98560427501798, "kategori": "A"}, "geometry": {"type": "Point", "coordinates": [97.98560427501798, 4.476119983009994]}}, {"type": "Feature", "properties": {"assignment_id": "94b103e6-b49f-40cf-a5e3-35ba1dbe483d", "latitude": 4.5085899, "longitude": 97.9411487, "kategori": "A"}, "geometry": {"type": "Point", "coordinates": [97.9411487, 4.5085899]}}, {"type": "Feature", "properties": {"assignment_id": "63a4f3c7-4d2b-4795-bcaf-281118cfc870", "latitude": 4.467733866666666, "longitude": 97.95227453333334, "kategori": "A"}, "geometry": {"type": "Point", "coordinates": [97.95227453333334, 4.467733866666666]}}, {"type": "Feature", "properties": {"assignment_id": "63a4f3c7-4d2b-4795-bcaf-281118cfc870", "latitude": 4.467733866666666, "longitude": 97.95227453333334, "kategori": "G"}, "geometry": {"type": "Point", "coordinates": [97.95227453333334, 4.467733866666666]}}, {"type": "Feature", "properties": {"assignment_id": "734497f1-0d00-4b9d-bb79-2b8a49c3902b", "latitude": 4.4571744, "longitude": 97.9832289, "kategori": "C"}, "geometry": {"type": "Point", "coordinates": [97.9832289, 4.4571744]}}, {"type": "Feature", "properties": {"assignment_id": "b41c7e2f-5cbe-431a-a3a7-610a047106e7", "latitude": 4.4722755, "longitude": 97.9715106, "kategori": "G"}, "geometry": {"type": "Point", "coordinates": [97.9715106, 4.4722755]}}, {"type": "Feature", "properties": {"assignment_id": "b97532d9-0e40-4f70-b86d-5a322b8e4fac", "latitude": 4.4982276500000005, "longitude": 97.96828798333333, "kategori": "G"}, "geometry": {"type": "Point", "coordinates": [97.96828798333333, 4.4982276500000005]}}, {"type": "Feature", "properties": {"assignment_id": "c79c0cfe-b9da-426b-b700-ec2d6db07647", "latitude": 4.509711968712509, "longitude": 97.94292370788753, "kategori": "A"}, "geometry": {"type": "Point", "coordinates": [97.94292370788753, 4.509711968712509]}}, {"type": "Feature", "properties": {"assignment_id": "c79c0cfe-b9da-426b-b700-ec2d6db07647", "latitude": 4.509711968712509, "longitude": 97.94292370788753, "kategori": "G"}, "geometry": {"type": "Point", "coordinates": [97.94292370788753, 4.509711968712509]}}, {"type": "Feature", "properties": {"assignment_id": "c8aa6d55-04f5-4a81-bfed-752367f6eecd", "latitude": 4.47148777, "longitude": 97.985504, "kategori": "A"}, "geometry": {"type": "Point", "coordinates": [97.985504, 4.47148777]}}, {"type": "Feature", "properties": {"assignment_id": "e0211710-cdb0-45ec-8fce-0cf9ea210c68", "latitude": 4.5030692, "longitude": 97.9647031, "kategori": "A"}, "geometry": {"type": "Point", "coordinates": [97.9647031, 4.5030692]}}, {"type": "Feature", "properties": {"assignment_id": "e0211710-cdb0-45ec-8fce-0cf9ea210c68", "latitude": 4.5030692, "longitude": 97.9647031, "kategori": "C"}, "geometry": {"type": "Point", "coordinates": [97.9647031, 4.5030692]}}, {"type": "Feature", "properties": {"assignment_id": "0f822452-45bf-4c05-aa00-3b3f1a7582a2", "latitude": 4.4317872, "longitude": 98.0231725, "kategori": "A"}, "geometry": {"type": "Point", "coordinates": [98.0231725, 4.4317872]}}, {"type": "Feature", "properties": {"assignment_id": "160c0182-51ea-40e6-8958-90bbe5ef18f5", "latitude": 4.464625, "longitude": 97.93696999999999, "kategori": "A"}, "geometry": {"type": "Point", "coordinates": [97.93696999999999, 4.464625]}}, {"type": "Feature", "properties": {"assignment_id": "2e7f2087-c63d-428d-a708-8e65e0fef7e1", "latitude": 4.4954114, "longitude": 97.9452543, "kategori": "G"}, "geometry": {"type": "Point", "coordinates": [97.9452543, 4.4954114]}}, {"type": "Feature", "properties": {"assignment_id": "3b4eb651-971b-4fd1-a364-ff1c81e26b9f", "latitude": 4.4725747, "longitude": 97.9639161, "kategori": "C"}, "geometry": {"type": "Point", "coordinates": [97.9639161, 4.4725747]}}, {"type": "Feature", "properties": {"assignment_id": "c63b769e-464a-4e6a-89fa-6f494a9dcb33", "latitude": 4.4636244, "longitude": 97.9427444, "kategori": "A"}, "geometry": {"type": "Point", "coordinates": [97.9427444, 4.4636244]}}, {"type": "Feature", "properties": {"assignment_id": "d5b51ed8-67d5-4aea-8f0a-daf38e2d9a88", "latitude": 4.4713459, "longitude": 97.9698754, "kategori": "C"}, "geometry": {"type": "Point", "coordinates": [97.9698754, 4.4713459]}}, {"type": "Feature", "properties": {"assignment_id": "d910d6eb-c9d9-4ee0-8a93-07363c284c4c", "latitude": 4.42959, "longitude": 98.0398967, "kategori": "A"}, "geometry": {"type": "Point", "coordinates": [98.0398967, 4.42959]}}, {"type": "Feature", "properties": {"assignment_id": "dfb7a8df-f666-47b8-b9a8-ff6ee55a5d94", "latitude": 4.4444977, "longitude": 97.9784811, "kategori": "A"}, "geometry": {"type": "Point", "coordinates": [97.9784811, 4.4444977]}}, {"type": "Feature", "properties": {"assignment_id": "ece640d3-1998-43c9-923a-a6cc525b4e79", "latitude": 4.4321381, "longitude": 98.0206081, "kategori": "A"}, "geometry": {"type": "Point", "coordinates": [98.0206081, 4.4321381]}}, {"type": "Feature", "properties": {"assignment_id": "5504d777-b88d-463a-baa3-7d27282b8b82", "latitude": 4.4601541, "longitude": 97.9799027, "kategori": "G"}, "geometry": {"type": "Point", "coordinates": [97.9799027, 4.4601541]}}, {"type": "Feature", "properties": {"assignment_id": "8a4a8af9-6192-4215-9e74-c3ba208cddae", "latitude": 4.4893, "longitude": 97.97235, "kategori": "G"}, "geometry": {"type": "Point", "coordinates": [97.97235, 4.4893]}}, {"type": "Feature", "properties": {"assignment_id": "f0c80f69-1283-45b9-afbe-e3846db7024a", "latitude": 4.475085000000001, "longitude": 97.96435666666666, "kategori": "G"}, "geometry": {"type": "Point", "coordinates": [97.96435666666666, 4.475085000000001]}}, {"type": "Feature", "properties": {"assignment_id": "f5aa4929-2eeb-491f-bbfc-d5c6f23ee2f3", "latitude": 4.4890341, "longitude": 97.9569375, "kategori": "A"}, "geometry": {"type": "Point", "coordinates": [97.9569375, 4.4890341]}}, {"type": "Feature", "properties": {"assignment_id": "2335959c-c6ed-4f68-99df-f52148be8efb", "latitude": 4.4338997, "longitude": 98.022433, "kategori": "A"}, "geometry": {"type": "Point", "coordinates": [98.022433, 4.4338997]}}, {"type": "Feature", "properties": {"assignment_id": "4480a591-3785-446d-86ad-c8bd6e8b0695", "latitude": 4.45692509, "longitude": 97.99509921, "kategori": "A"}, "geometry": {"type": "Point", "coordinates": [97.99509921, 4.45692509]}}, {"type": "Feature", "properties": {"assignment_id": "801797f5-cb1d-414b-892a-31a5451c2691", "latitude": 4.467826666666666, "longitude": 97.97686666666665, "kategori": "G"}, "geometry": {"type": "Point", "coordinates": [97.97686666666665, 4.467826666666666]}}, {"type": "Feature", "properties": {"assignment_id": "87d30e68-197b-44c2-bb59-41a0b1aea016", "latitude": 4.4770937, "longitude": 97.9736918, "kategori": "A"}, "geometry": {"type": "Point", "coordinates": [97.9736918, 4.4770937]}}, {"type": "Feature", "properties": {"assignment_id": "a5fbec21-8035-4d53-8937-9aa70d8be65f", "latitude": 4.4640815, "longitude": 97.974917, "kategori": "C"}, "geometry": {"type": "Point", "coordinates": [97.974917, 4.4640815]}}, {"type": "Feature", "properties": {"assignment_id": "a8224f2f-3aaf-41f4-9043-9ec7ae98fc90", "latitude": 4.4789261, "longitude": 97.9677804, "kategori": "G"}, "geometry": {"type": "Point", "coordinates": [97.9677804, 4.4789261]}}, {"type": "Feature", "properties": {"assignment_id": "a972ceac-89e5-4573-898f-e37ca1570572", "latitude": 4.453667, "longitude": 98.0184383, "kategori": "A"}, "geometry": {"type": "Point", "coordinates": [98.0184383, 4.453667]}}, {"type": "Feature", "properties": {"assignment_id": "b5ba5508-dbf7-4b8f-8fb7-02997e67f83a", "latitude": 4.4226153, "longitude": 98.0208987, "kategori": "A"}, "geometry": {"type": "Point", "coordinates": [98.0208987, 4.4226153]}}, {"type": "Feature", "properties": {"assignment_id": "c0efdc62-3fc0-4145-8fc0-c1ad4df3c950", "latitude": 4.4672092, "longitude": 97.951965, "kategori": "A"}, "geometry": {"type": "Point", "coordinates": [97.951965, 4.4672092]}}, {"type": "Feature", "properties": {"assignment_id": "e60c9815-8652-4e5b-9559-42c093aa4594", "latitude": 4.4701794, "longitude": 97.9353213, "kategori": "C"}, "geometry": {"type": "Point", "coordinates": [97.9353213, 4.4701794]}}, {"type": "Feature", "properties": {"assignment_id": "f8f760e6-4803-4d29-a97f-c17f28df4f7a", "latitude": 4.456833333333334, "longitude": 97.97596333333334, "kategori": "G"}, "geometry": {"type": "Point", "coordinates": [97.97596333333334, 4.456833333333334]}}, {"type": "Feature", "properties": {"assignment_id": "799c2990-47f1-47dc-ba7f-f41770dec425", "latitude": 4.4940802, "longitude": 97.9679374, "kategori": "G"}, "geometry": {"type": "Point", "coordinates": [97.9679374, 4.4940802]}}, {"type": "Feature", "properties": {"assignment_id": "365e7487-7197-4398-b91f-3c6312295144", "latitude": 4.45603065, "longitude": 97.99602004, "kategori": "A"}, "geometry": {"type": "Point", "coordinates": [97.99602004, 4.45603065]}}, {"type": "Feature", "properties": {"assignment_id": "365e7487-7197-4398-b91f-3c6312295144", "latitude": 4.45603065, "longitude": 97.99602004, "kategori": "H"}, "geometry": {"type": "Point", "coordinates": [97.99602004, 4.45603065]}}, {"type": "Feature", "properties": {"assignment_id": "68554744-3843-4387-8a2a-9d35a5993c89", "latitude": 4.4838818, "longitude": 97.9783799, "kategori": "G"}, "geometry": {"type": "Point", "coordinates": [97.9783799, 4.4838818]}}, {"type": "Feature", "properties": {"assignment_id": "8babe208-1457-4471-95c7-72f6e3b80e1b", "latitude": 4.4570217, "longitude": 97.9805303, "kategori": "C"}, "geometry": {"type": "Point", "coordinates": [97.9805303, 4.4570217]}}, {"type": "Feature", "properties": {"assignment_id": "a21fc82d-2e8a-4181-9da3-723a98362454", "latitude": 4.4230836, "longitude": 98.0214892, "kategori": "A"}, "geometry": {"type": "Point", "coordinates": [98.0214892, 4.4230836]}}, {"type": "Feature", "properties": {"assignment_id": "c08384aa-3763-4f03-ab29-44750b810065", "latitude": 4.4944791, "longitude": 97.9548849, "kategori": "G"}, "geometry": {"type": "Point", "coordinates": [97.9548849, 4.4944791]}}, {"type": "Feature", "properties": {"assignment_id": "c73ef480-f4d8-4387-aea4-d54204ad94ab", "latitude": 4.4568008, "longitude": 97.9837678, "kategori": "A"}, "geometry": {"type": "Point", "coordinates": [97.9837678, 4.4568008]}}, {"type": "Feature", "properties": {"assignment_id": "c73ef480-f4d8-4387-aea4-d54204ad94ab", "latitude": 4.4568008, "longitude": 97.9837678, "kategori": "H"}, "geometry": {"type": "Point", "coordinates": [97.9837678, 4.4568008]}}, {"type": "Feature", "properties": {"assignment_id": "da006ede-9830-4353-90a8-eca2d865a67e", "latitude": 4.4925368, "longitude": 97.9617969, "kategori": "A"}, "geometry": {"type": "Point", "coordinates": [97.9617969, 4.4925368]}}, {"type": "Feature", "properties": {"assignment_id": "95513c93-d85c-4d33-82e9-e5beb0e0d914", "latitude": 4.465586666666667, "longitude": 97.95243666666666, "kategori": "G"}, "geometry": {"type": "Point", "coordinates": [97.95243666666666, 4.465586666666667]}}, {"type": "Feature", "properties": {"assignment_id": "178c1a08-c463-4eec-9633-f0c0809d3951", "latitude": 4.505026666666667, "longitude": 98.01041666666667, "kategori": "G"}, "geometry": {"type": "Point", "coordinates": [98.01041666666667, 4.505026666666667]}}, {"type": "Feature", "properties": {"assignment_id": "2932ab9b-d92e-4b35-8a2e-e1bd43a1f7a8", "latitude": 4.514293349348009, "longitude": 97.94233965687454, "kategori": "C"}, "geometry": {"type": "Point", "coordinates": [97.94233965687454, 4.514293349348009]}}, {"type": "Feature", "properties": {"assignment_id": "2d44c370-152d-46ea-ba67-3e297d20d3e5", "latitude": 4.4654448, "longitude": 97.9755406, "kategori": "F"}, "geometry": {"type": "Point", "coordinates": [97.9755406, 4.4654448]}}, {"type": "Feature", "properties": {"assignment_id": "a87820b1-9022-4478-9a7a-cb6417c14f38", "latitude": 4.499022, "longitude": 97.9416909, "kategori": "H"}, "geometry": {"type": "Point", "coordinates": [97.9416909, 4.499022]}}, {"type": "Feature", "properties": {"assignment_id": "a87820b1-9022-4478-9a7a-cb6417c14f38", "latitude": 4.499022, "longitude": 97.9416909, "kategori": "C"}, "geometry": {"type": "Point", "coordinates": [97.9416909, 4.499022]}}, {"type": "Feature", "properties": {"assignment_id": "bad7e6ea-5707-4c79-8bcc-f915fc712a61", "latitude": 4.4400898, "longitude": 97.9710977, "kategori": "G"}, "geometry": {"type": "Point", "coordinates": [97.9710977, 4.4400898]}}, {"type": "Feature", "properties": {"assignment_id": "bc610af6-e5c2-4c96-a959-0cbf038ac221", "latitude": 4.4637265, "longitude": 97.9679072, "kategori": "A"}, "geometry": {"type": "Point", "coordinates": [97.9679072, 4.4637265]}}, {"type": "Feature", "properties": {"assignment_id": "c911c4cd-6b8e-4e05-a0d3-d3a8d76d26e6", "latitude": 4.4444785, "longitude": 97.9786453, "kategori": "A"}, "geometry": {"type": "Point", "coordinates": [97.9786453, 4.4444785]}}, {"type": "Feature", "properties": {"assignment_id": "480d6096-dc7b-4d73-b1d3-bd7982d69e7b", "latitude": 4.4921750000000005, "longitude": 97.96796333333332, "kategori": "A"}, "geometry": {"type": "Point", "coordinates": [97.96796333333332, 4.4921750000000005]}}, {"type": "Feature", "properties": {"assignment_id": "d09c5a16-880c-4412-b431-752250ee17f5", "latitude": 4.4798837, "longitude": 97.9627551, "kategori": "G"}, "geometry": {"type": "Point", "coordinates": [97.9627551, 4.4798837]}}, {"type": "Feature", "properties": {"assignment_id": "16402279-cbcb-4f52-a973-f7dcb0ec1614", "latitude": 4.4587377, "longitude": 97.9816912, "kategori": "H"}, "geometry": {"type": "Point", "coordinates": [97.9816912, 4.4587377]}}, {"type": "Feature", "properties": {"assignment_id": "27b0b805-2acb-4b89-a7cf-f09ca75ac60b", "latitude": 4.4648979, "longitude": 97.9591871, "kategori": "G"}, "geometry": {"type": "Point", "coordinates": [97.9591871, 4.4648979]}}, {"type": "Feature", "properties": {"assignment_id": "62ef4ff5-a7ea-4357-b863-6ec6064184e9", "latitude": 4.4819656, "longitude": 97.9777518, "kategori": "H"}, "geometry": {"type": "Point", "coordinates": [97.9777518, 4.4819656]}}, {"type": "Feature", "properties": {"assignment_id": "8b40ba22-7d3e-499e-b465-532ab0e4725a", "latitude": 4.4763889, "longitude": 97.9857758, "kategori": "A"}, "geometry": {"type": "Point", "coordinates": [97.9857758, 4.4763889]}}, {"type": "Feature", "properties": {"assignment_id": "b64c06d2-857e-4455-a38b-bf27a6f2f367", "latitude": 4.4707732, "longitude": 97.9324103, "kategori": "A"}, "geometry": {"type": "Point", "coordinates": [97.9324103, 4.4707732]}}, {"type": "Feature", "properties": {"assignment_id": "b64c06d2-857e-4455-a38b-bf27a6f2f367", "latitude": 4.4707732, "longitude": 97.9324103, "kategori": "G"}, "geometry": {"type": "Point", "coordinates": [97.9324103, 4.4707732]}}, {"type": "Feature", "properties": {"assignment_id": "c002b9ff-e538-49b5-add3-9f7ceca431fa", "latitude": 4.4620726, "longitude": 97.9679333, "kategori": "C"}, "geometry": {"type": "Point", "coordinates": [97.9679333, 4.4620726]}}, {"type": "Feature", "properties": {"assignment_id": "cb82a6d2-b2b2-4023-b437-47d9f192a730", "latitude": 4.4900498, "longitude": 97.9580554, "kategori": "F"}, "geometry": {"type": "Point", "coordinates": [97.9580554, 4.4900498]}}, {"type": "Feature", "properties": {"assignment_id": "d6b88edc-02bf-4d29-8143-9aec73562a7e", "latitude": 4.44630311, "longitude": 98.02908004, "kategori": "A"}, "geometry": {"type": "Point", "coordinates": [98.02908004, 4.44630311]}}, {"type": "Feature", "properties": {"assignment_id": "e65439bc-f7c9-433c-a85a-bbed2f641feb", "latitude": 4.4689868, "longitude": 97.9335171, "kategori": "C"}, "geometry": {"type": "Point", "coordinates": [97.9335171, 4.4689868]}}, {"type": "Feature", "properties": {"assignment_id": "ec7d179c-7247-4eeb-9b9f-1280bfc7521d", "latitude": 4.4767387, "longitude": 97.978181, "kategori": "G"}, "geometry": {"type": "Point", "coordinates": [97.978181, 4.4767387]}}, {"type": "Feature", "properties": {"assignment_id": "f9201f04-d416-4de6-821f-b0ff59f64d43", "latitude": 4.4390129, "longitude": 98.0177417, "kategori": "G"}, "geometry": {"type": "Point", "coordinates": [98.0177417, 4.4390129]}}, {"type": "Feature", "properties": {"assignment_id": "fa56c92e-7ee7-4281-bf0d-4e5edb0623e4", "latitude": 4.514387561939657, "longitude": 97.94218844734132, "kategori": "C"}, "geometry": {"type": "Point", "coordinates": [97.94218844734132, 4.514387561939657]}}, {"type": "Feature", "properties": {"assignment_id": "fc06c12b-7874-4f53-87fa-27ad08745dcc", "latitude": 4.4629983, "longitude": 97.9691017, "kategori": "A"}, "geometry": {"type": "Point", "coordinates": [97.9691017, 4.4629983]}}, {"type": "Feature", "properties": {"assignment_id": "4f114786-9082-442b-bd2d-ff3cbd96b3e7", "latitude": 4.507328333333334, "longitude": 98.01190833333334, "kategori": "A"}, "geometry": {"type": "Point", "coordinates": [98.01190833333334, 4.507328333333334]}}, {"type": "Feature", "properties": {"assignment_id": "572d93ce-0fe6-4ce2-81e7-4707877b0baa", "latitude": 4.46563202, "longitude": 97.96277252, "kategori": "C"}, "geometry": {"type": "Point", "coordinates": [97.96277252, 4.46563202]}}, {"type": "Feature", "properties": {"assignment_id": "59f7a015-2fea-4b04-ad50-2b7c1cc011fc", "latitude": 4.4722658, "longitude": 97.9367045, "kategori": "A"}, "geometry": {"type": "Point", "coordinates": [97.9367045, 4.4722658]}}, {"type": "Feature", "properties": {"assignment_id": "8abc0872-0c73-4e87-8b7f-89dd38446eac", "latitude": 4.4743459, "longitude": 97.9485845, "kategori": "A"}, "geometry": {"type": "Point", "coordinates": [97.9485845, 4.4743459]}}, {"type": "Feature", "properties": {"assignment_id": "8abc0872-0c73-4e87-8b7f-89dd38446eac", "latitude": 4.4743459, "longitude": 97.9485845, "kategori": "G"}, "geometry": {"type": "Point", "coordinates": [97.9485845, 4.4743459]}}, {"type": "Feature", "properties": {"assignment_id": "d4cd00ab-baa3-48ba-bacb-8d3da7b33968", "latitude": 4.4772857, "longitude": 97.9596015, "kategori": "A"}, "geometry": {"type": "Point", "coordinates": [97.9596015, 4.4772857]}}, {"type": "Feature", "properties": {"assignment_id": "e98061b2-0d48-41cf-bb2f-0abb74fcdf9d", "latitude": 4.4370726, "longitude": 98.0192241, "kategori": "A"}, "geometry": {"type": "Point", "coordinates": [98.0192241, 4.4370726]}}, {"type": "Feature", "properties": {"assignment_id": "e98061b2-0d48-41cf-bb2f-0abb74fcdf9d", "latitude": 4.4370726, "longitude": 98.0192241, "kategori": "C"}, "geometry": {"type": "Point", "coordinates": [98.0192241, 4.4370726]}}, {"type": "Feature", "properties": {"assignment_id": "f2a20b57-4e2d-449a-b804-57d5e9aa969d", "latitude": 4.511463325470686, "longitude": 97.94518464244902, "kategori": "A"}, "geometry": {"type": "Point", "coordinates": [97.94518464244902, 4.511463325470686]}}, {"type": "Feature", "properties": {"assignment_id": "fc5f7d42-5e7f-41f1-adf4-bda5d83c0446", "latitude": 4.475236033333333, "longitude": 97.97783306666666, "kategori": "H"}, "geometry": {"type": "Point", "coordinates": [97.97783306666666, 4.475236033333333]}}, {"type": "Feature", "properties": {"assignment_id": "b5f7b45e-7ced-45f6-8ff7-3efa74abc36d", "latitude": 4.441961, "longitude": 97.9881061, "kategori": "A"}, "geometry": {"type": "Point", "coordinates": [97.9881061, 4.441961]}}, {"type": "Feature", "properties": {"assignment_id": "c3d0c561-15b0-4e5c-971f-2d8daa583cd0", "latitude": 4.479690000000001, "longitude": 97.96509666666667, "kategori": "G"}, "geometry": {"type": "Point", "coordinates": [97.96509666666667, 4.479690000000001]}}, {"type": "Feature", "properties": {"assignment_id": "387eed04-a345-4c0d-a57e-a108aaa41f86", "latitude": 4.4431084, "longitude": 98.0128435, "kategori": "A"}, "geometry": {"type": "Point", "coordinates": [98.0128435, 4.4431084]}}, {"type": "Feature", "properties": {"assignment_id": "599a4279-d15c-4dab-85f6-b0d1c9510fc0", "latitude": 4.443166, "longitude": 98.0159584, "kategori": "C"}, "geometry": {"type": "Point", "coordinates": [98.0159584, 4.443166]}}, {"type": "Feature", "properties": {"assignment_id": "63d55da8-0e1a-4c51-8963-70a77f8d650a", "latitude": 4.466365, "longitude": 97.95141666666665, "kategori": "S"}, "geometry": {"type": "Point", "coordinates": [97.95141666666665, 4.466365]}}, {"type": "Feature", "properties": {"assignment_id": "63d55da8-0e1a-4c51-8963-70a77f8d650a", "latitude": 4.466365, "longitude": 97.95141666666665, "kategori": "H"}, "geometry": {"type": "Point", "coordinates": [97.95141666666665, 4.466365]}}, {"type": "Feature", "properties": {"assignment_id": "63d55da8-0e1a-4c51-8963-70a77f8d650a", "latitude": 4.466365, "longitude": 97.95141666666665, "kategori": "G"}, "geometry": {"type": "Point", "coordinates": [97.95141666666665, 4.466365]}}, {"type": "Feature", "properties": {"assignment_id": "73b63a45-1f83-4fc9-80ae-0ed508ffaa54", "latitude": 4.44711, "longitude": 98.004111, "kategori": "A"}, "geometry": {"type": "Point", "coordinates": [98.004111, 4.44711]}}, {"type": "Feature", "properties": {"assignment_id": "85b5000e-384c-42e0-9f20-ada63f8434b1", "latitude": 4.4605617, "longitude": 97.9929016, "kategori": "A"}, "geometry": {"type": "Point", "coordinates": [97.9929016, 4.4605617]}}, {"type": "Feature", "properties": {"assignment_id": "9a638212-b759-41d8-a8a4-61469e3c856d", "latitude": 4.453453966666667, "longitude": 98.01151908333334, "kategori": "A"}, "geometry": {"type": "Point", "coordinates": [98.01151908333334, 4.453453966666667]}}, {"type": "Feature", "properties": {"assignment_id": "9b7d1c7b-f2aa-4b77-9c75-2c87bac0413a", "latitude": 4.504086366666667, "longitude": 97.95279868333334, "kategori": "F"}, "geometry": {"type": "Point", "coordinates": [97.95279868333334, 4.504086366666667]}}, {"type": "Feature", "properties": {"assignment_id": "de4334db-3dc7-45c2-9bd1-bfef2c370130", "latitude": 4.499819, "longitude": 97.9598553, "kategori": "H"}, "geometry": {"type": "Point", "coordinates": [97.9598553, 4.499819]}}, {"type": "Feature", "properties": {"assignment_id": "fb5169b1-4d13-4ae8-a20d-18b5cfa29eaa", "latitude": 4.465596666666666, "longitude": 97.93587166666666, "kategori": "A"}, "geometry": {"type": "Point", "coordinates": [97.93587166666666, 4.465596666666666]}}, {"type": "Feature", "properties": {"assignment_id": "073ca455-b795-4a96-84a9-5a6b333c7a75", "latitude": 4.48696, "longitude": 97.95260333333333, "kategori": "C"}, "geometry": {"type": "Point", "coordinates": [97.95260333333333, 4.48696]}}, {"type": "Feature", "properties": {"assignment_id": "31c16738-2884-4861-b4f3-63d8088445c4", "latitude": 4.4628022, "longitude": 97.9394989, "kategori": "A"}, "geometry": {"type": "Point", "coordinates": [97.9394989, 4.4628022]}}, {"type": "Feature", "properties": {"assignment_id": "7f17e6d5-9683-4d33-bdcc-7f2430b8b3fd", "latitude": 4.4710808, "longitude": 97.9694115, "kategori": "G"}, "geometry": {"type": "Point", "coordinates": [97.9694115, 4.4710808]}}, {"type": "Feature", "properties": {"assignment_id": "96b0e764-9cd1-4d1a-8415-7eab7712dd91", "latitude": 4.4762303, "longitude": 97.939718, "kategori": "F"}, "geometry": {"type": "Point", "coordinates": [97.939718, 4.4762303]}}, {"type": "Feature", "properties": {"assignment_id": "ff020902-9c3d-44f2-8057-1aa8eacf1cdf", "latitude": 4.476763333333333, "longitude": 97.95744833333335, "kategori": "G"}, "geometry": {"type": "Point", "coordinates": [97.95744833333335, 4.476763333333333]}}, {"type": "Feature", "properties": {"assignment_id": "2182fe68-dc0c-4743-93a9-883602d72dbc", "latitude": 4.4916405, "longitude": 97.9615511, "kategori": "A"}, "geometry": {"type": "Point", "coordinates": [97.9615511, 4.4916405]}}, {"type": "Feature", "properties": {"assignment_id": "4271994c-903b-481d-ac4a-25f1d4294d58", "latitude": 4.4792715, "longitude": 97.9424772, "kategori": "G"}, "geometry": {"type": "Point", "coordinates": [97.9424772, 4.4792715]}}, {"type": "Feature", "properties": {"assignment_id": "53be584c-fdef-4624-9fd3-fd2a6271e4bd", "latitude": 4.475491666666667, "longitude": 97.98109666666666, "kategori": "A"}, "geometry": {"type": "Point", "coordinates": [97.98109666666666, 4.475491666666667]}}, {"type": "Feature", "properties": {"assignment_id": "65fa398c-17da-4a76-bcfe-33beee384680", "latitude": 4.4672867, "longitude": 97.9316307, "kategori": "A"}, "geometry": {"type": "Point", "coordinates": [97.9316307, 4.4672867]}}, {"type": "Feature", "properties": {"assignment_id": "8e583c65-d240-4f3f-ba87-cba0911a3de7", "latitude": 4.4417383, "longitude": 97.9722883, "kategori": "A"}, "geometry": {"type": "Point", "coordinates": [97.9722883, 4.4417383]}}, {"type": "Feature", "properties": {"assignment_id": "9cae02a8-03c9-43c2-908c-3e2f3ab60caf", "latitude": 4.4616616, "longitude": 97.9831504, "kategori": "H"}, "geometry": {"type": "Point", "coordinates": [97.9831504, 4.4616616]}}, {"type": "Feature", "properties": {"assignment_id": "ce9300f0-64ce-4874-98ff-ac1824916291", "latitude": 4.4778964, "longitude": 97.9831429, "kategori": "A"}, "geometry": {"type": "Point", "coordinates": [97.9831429, 4.4778964]}}, {"type": "Feature", "properties": {"assignment_id": "ecd3a330-4a21-4048-b9a5-7c6aef3225e0", "latitude": 4.4787969, "longitude": 97.9728579, "kategori": "G"}, "geometry": {"type": "Point", "coordinates": [97.9728579, 4.4787969]}}, {"type": "Feature", "properties": {"assignment_id": "2e97df9c-505b-4731-b6d5-a6dcc15b356f", "latitude": 4.498223333333333, "longitude": 97.97393833333332, "kategori": "C"}, "geometry": {"type": "Point", "coordinates": [97.97393833333332, 4.498223333333333]}}, {"type": "Feature", "properties": {"assignment_id": "649b8484-5aaa-4e0a-bbe5-4ff1bbec6dd6", "latitude": 4.45786, "longitude": 97.9904528, "kategori": "A"}, "geometry": {"type": "Point", "coordinates": [97.9904528, 4.45786]}}, {"type": "Feature", "properties": {"assignment_id": "33c63782-5da3-44d6-bd11-5c3d150e067f", "latitude": 4.46761875, "longitude": 97.95668906666667, "kategori": "A"}, "geometry": {"type": "Point", "coordinates": [97.95668906666667, 4.46761875]}}, {"type": "Feature", "properties": {"assignment_id": "3a3cf4c9-7267-4476-93f4-fb6715f0b0a4", "latitude": 4.500795, "longitude": 97.96128333333333, "kategori": "A"}, "geometry": {"type": "Point", "coordinates": [97.96128333333333, 4.500795]}}, {"type": "Feature", "properties": {"assignment_id": "648ee9b7-2d3e-4eec-abf7-d1f2e1f776ff", "latitude": 4.466444999999999, "longitude": 97.93258333333333, "kategori": "G"}, "geometry": {"type": "Point", "coordinates": [97.93258333333333, 4.466444999999999]}}, {"type": "Feature", "properties": {"assignment_id": "93e6effe-a25a-495d-8fac-5eb8aaf06e20", "latitude": 4.454036133333333, "longitude": 98.02929051666666, "kategori": "C"}, "geometry": {"type": "Point", "coordinates": [98.02929051666666, 4.454036133333333]}}, {"type": "Feature", "properties": {"assignment_id": "a28a7509-335a-41bd-b587-5fa93ba1be96", "latitude": 4.4390581, "longitude": 97.9704282, "kategori": "G"}, "geometry": {"type": "Point", "coordinates": [97.9704282, 4.4390581]}}, {"type": "Feature", "properties": {"assignment_id": "c61e1eb5-8d4c-44f7-b36f-a8fba78f158e", "latitude": 4.5025, "longitude": 97.9652633, "kategori": "C"}, "geometry": {"type": "Point", "coordinates": [97.9652633, 4.5025]}}, {"type": "Feature", "properties": {"assignment_id": "f2bff0f1-befa-4033-9da7-cf5ba68d8390", "latitude": 4.477795, "longitude": 97.98390833333333, "kategori": "A"}, "geometry": {"type": "Point", "coordinates": [97.98390833333333, 4.477795]}}, {"type": "Feature", "properties": {"assignment_id": "f2bff0f1-befa-4033-9da7-cf5ba68d8390", "latitude": 4.477795, "longitude": 97.98390833333333, "kategori": "G"}, "geometry": {"type": "Point", "coordinates": [97.98390833333333, 4.477795]}}, {"type": "Feature", "properties": {"assignment_id": "f3ad91b0-d9b3-435c-ac95-53b6c75adbc9", "latitude": 4.473801866666666, "longitude": 97.97705718333333, "kategori": "H"}, "geometry": {"type": "Point", "coordinates": [97.97705718333333, 4.473801866666666]}}, {"type": "Feature", "properties": {"assignment_id": "c5d6e14b-98ce-4d62-9ba3-8a65331272a8", "latitude": 4.487106883333333, "longitude": 97.98106976666668, "kategori": "A"}, "geometry": {"type": "Point", "coordinates": [97.98106976666668, 4.487106883333333]}}, {"type": "Feature", "properties": {"assignment_id": "f9cdcbd5-1a5c-4ca7-b8e6-33f784bebe76", "latitude": 4.453351666666666, "longitude": 98.01662333333334, "kategori": "A"}, "geometry": {"type": "Point", "coordinates": [98.01662333333334, 4.453351666666666]}}, {"type": "Feature", "properties": {"assignment_id": "078e66f7-9725-43d9-a189-11c750ef2bec", "latitude": 4.4810959, "longitude": 97.9778785, "kategori": "G"}, "geometry": {"type": "Point", "coordinates": [97.9778785, 4.4810959]}}, {"type": "Feature", "properties": {"assignment_id": "117007f0-8cfc-4639-81e8-79c65a7df287", "latitude": 4.4641995, "longitude": 97.9733009, "kategori": "H"}, "geometry": {"type": "Point", "coordinates": [97.9733009, 4.4641995]}}, {"type": "Feature", "properties": {"assignment_id": "16028c73-1e0f-4ece-b78a-d16aebe9705c", "latitude": 4.4701798, "longitude": 97.9725102, "kategori": "G"}, "geometry": {"type": "Point", "coordinates": [97.9725102, 4.4701798]}}, {"type": "Feature", "properties": {"assignment_id": "248c1b08-ec89-4b59-b6ff-0eca5b3a054f", "latitude": 4.47013675, "longitude": 97.94808041666666, "kategori": "C"}, "geometry": {"type": "Point", "coordinates": [97.94808041666666, 4.47013675]}}, {"type": "Feature", "properties": {"assignment_id": "5946341f-cfb3-4310-8fbf-372ed081832f", "latitude": 4.4761500000000005, "longitude": 97.98073000000001, "kategori": "G"}, "geometry": {"type": "Point", "coordinates": [97.98073000000001, 4.4761500000000005]}}, {"type": "Feature", "properties": {"assignment_id": "5bdcbe16-da66-4f60-bac4-516c02421b92", "latitude": 4.485274, "longitude": 97.9324002, "kategori": "G"}, "geometry": {"type": "Point", "coordinates": [97.9324002, 4.485274]}}, {"type": "Feature", "properties": {"assignment_id": "a5de8434-040f-4019-aa44-f0a6ce8666a5", "latitude": 4.4623285, "longitude": 97.969053, "kategori": "A"}, "geometry": {"type": "Point", "coordinates": [97.969053, 4.4623285]}}, {"type": "Feature", "properties": {"assignment_id": "a5de8434-040f-4019-aa44-f0a6ce8666a5", "latitude": 4.4623285, "longitude": 97.969053, "kategori": "C"}, "geometry": {"type": "Point", "coordinates": [97.969053, 4.4623285]}}, {"type": "Feature", "properties": {"assignment_id": "ad29488a-f9c9-46cc-b054-a91ae76ece04", "latitude": 4.455665, "longitude": 97.97654499999999, "kategori": "A"}, "geometry": {"type": "Point", "coordinates": [97.97654499999999, 4.455665]}}, {"type": "Feature", "properties": {"assignment_id": "b11659ef-92ee-4d69-9bf5-b7d7c4adf045", "latitude": 4.421191666666667, "longitude": 98.02449166666665, "kategori": "A"}, "geometry": {"type": "Point", "coordinates": [98.02449166666665, 4.421191666666667]}}, {"type": "Feature", "properties": {"assignment_id": "b11659ef-92ee-4d69-9bf5-b7d7c4adf045", "latitude": 4.421191666666667, "longitude": 98.02449166666665, "kategori": "G"}, "geometry": {"type": "Point", "coordinates": [98.02449166666665, 4.421191666666667]}}, {"type": "Feature", "properties": {"assignment_id": "b6ffc0a8-59d1-4905-894f-8d8de09a1326", "latitude": 4.451183183333333, "longitude": 97.95266241666668, "kategori": "G"}, "geometry": {"type": "Point", "coordinates": [97.95266241666668, 4.451183183333333]}}, {"type": "Feature", "properties": {"assignment_id": "cc900aa4-f5be-4dad-861a-72214f2eb128", "latitude": 4.460759, "longitude": 97.9369433, "kategori": "G"}, "geometry": {"type": "Point", "coordinates": [97.9369433, 4.460759]}}, {"type": "Feature", "properties": {"assignment_id": "d004b3e5-fe3b-460c-a309-159897ff0ed8", "latitude": 4.44912585, "longitude": 98.01700337, "kategori": "A"}, "geometry": {"type": "Point", "coordinates": [98.01700337, 4.44912585]}}, {"type": "Feature", "properties": {"assignment_id": "f3b84e50-6632-481a-aee2-7c1ef85dfcd8", "latitude": 4.5313822, "longitude": 97.9303445, "kategori": "C"}, "geometry": {"type": "Point", "coordinates": [97.9303445, 4.5313822]}}, {"type": "Feature", "properties": {"assignment_id": "65f18f7d-34f0-46b9-9445-38e703f8ba05", "latitude": 4.4811586, "longitude": 97.9445278, "kategori": "A"}, "geometry": {"type": "Point", "coordinates": [97.9445278, 4.4811586]}}, {"type": "Feature", "properties": {"assignment_id": "b8aae3d9-cc67-4630-bcb0-7237614a2eca", "latitude": 4.486308616666666, "longitude": 97.9639999, "kategori": "A"}, "geometry": {"type": "Point", "coordinates": [97.9639999, 4.486308616666666]}}, {"type": "Feature", "properties": {"assignment_id": "cbdb0054-ff58-43b3-9514-84d231e9f38f", "latitude": 4.4950015, "longitude": 97.9448473, "kategori": "F"}, "geometry": {"type": "Point", "coordinates": [97.9448473, 4.4950015]}}, {"type": "Feature", "properties": {"assignment_id": "db22ae65-ec61-4f4d-935e-f7aaed6dc47a", "latitude": 4.4301659, "longitude": 98.0236393, "kategori": "A"}, "geometry": {"type": "Point", "coordinates": [98.0236393, 4.4301659]}}, {"type": "Feature", "properties": {"assignment_id": "e602f7c8-0cda-44bd-b8ba-2871ceaa2858", "latitude": 4.5507193, "longitude": 98.0644188, "kategori": "A"}, "geometry": {"type": "Point", "coordinates": [98.0644188, 4.5507193]}}, {"type": "Feature", "properties": {"assignment_id": "f2f96269-6b20-4b92-8871-789098536f95", "latitude": 4.447092799999999, "longitude": 97.94225655, "kategori": "A"}, "geometry": {"type": "Point", "coordinates": [97.94225655, 4.447092799999999]}}, {"type": "Feature", "properties": {"assignment_id": "c1cde7d0-c1f4-449b-8dab-825aceb4d5ad", "latitude": 4.4752867, "longitude": 97.9400041, "kategori": "C"}, "geometry": {"type": "Point", "coordinates": [97.9400041, 4.4752867]}}, {"type": "Feature", "properties": {"assignment_id": "0bee01e5-10eb-4fc8-93bb-0b96e28ba18b", "latitude": 4.476153333333333, "longitude": 97.94432666666668, "kategori": "H"}, "geometry": {"type": "Point", "coordinates": [97.94432666666668, 4.476153333333333]}}, {"type": "Feature", "properties": {"assignment_id": "0da8df6d-170f-4c0d-820c-5ab3ef8d1805", "latitude": 4.4932533, "longitude": 97.9525283, "kategori": "G"}, "geometry": {"type": "Point", "coordinates": [97.9525283, 4.4932533]}}, {"type": "Feature", "properties": {"assignment_id": "26519d1c-b7cd-4c54-a9b4-44c7d5db412c", "latitude": 4.4664206, "longitude": 97.9635734, "kategori": "F"}, "geometry": {"type": "Point", "coordinates": [97.9635734, 4.4664206]}}, {"type": "Feature", "properties": {"assignment_id": "2b116dfa-231c-4ab7-82c5-5ab0becddd8d", "latitude": 4.47002608, "longitude": 97.97489276, "kategori": "G"}, "geometry": {"type": "Point", "coordinates": [97.97489276, 4.47002608]}}, {"type": "Feature", "properties": {"assignment_id": "b1904e51-747f-45e0-aef6-7d72ee3e5965", "latitude": 4.51820322, "longitude": 97.94034538, "kategori": "A"}, "geometry": {"type": "Point", "coordinates": [97.94034538, 4.51820322]}}, {"type": "Feature", "properties": {"assignment_id": "c78f2cf1-bff6-4593-a4df-2fb247389074", "latitude": 4.47913, "longitude": 97.98592, "kategori": "A"}, "geometry": {"type": "Point", "coordinates": [97.98592, 4.47913]}}, {"type": "Feature", "properties": {"assignment_id": "e2beb369-28d2-49c2-89d7-6db342e23bad", "latitude": 4.4557991, "longitude": 97.9291433, "kategori": "A"}, "geometry": {"type": "Point", "coordinates": [97.9291433, 4.4557991]}}, {"type": "Feature", "properties": {"assignment_id": "07fc6b54-24a4-45e0-a6d8-6f7ba2b8c787", "latitude": 4.490703333333333, "longitude": 97.96984499999999, "kategori": "A"}, "geometry": {"type": "Point", "coordinates": [97.96984499999999, 4.490703333333333]}}, {"type": "Feature", "properties": {"assignment_id": "07fc6b54-24a4-45e0-a6d8-6f7ba2b8c787", "latitude": 4.490703333333333, "longitude": 97.96984499999999, "kategori": "G"}, "geometry": {"type": "Point", "coordinates": [97.96984499999999, 4.490703333333333]}}, {"type": "Feature", "properties": {"assignment_id": "1f414f5a-6232-42dc-9455-9bd6214ea0df", "latitude": 4.462062, "longitude": 97.9712443, "kategori": "A"}, "geometry": {"type": "Point", "coordinates": [97.9712443, 4.462062]}}, {"type": "Feature", "properties": {"assignment_id": "08048327-70cb-44ba-8491-cded3987d785", "latitude": 4.4389494, "longitude": 98.0175149, "kategori": "A"}, "geometry": {"type": "Point", "coordinates": [98.0175149, 4.4389494]}}, {"type": "Feature", "properties": {"assignment_id": "409fb7b4-c7ab-4d87-b8b9-860ba0705243", "latitude": 4.479782371781766, "longitude": 97.97725422307849, "kategori": "A"}, "geometry": {"type": "Point", "coordinates": [97.97725422307849, 4.479782371781766]}}, {"type": "Feature", "properties": {"assignment_id": "4cd76d45-b107-4c95-b133-911e08256bd7", "latitude": 4.4922933333333335, "longitude": 97.97711333333334, "kategori": "C"}, "geometry": {"type": "Point", "coordinates": [97.97711333333334, 4.4922933333333335]}}, {"type": "Feature", "properties": {"assignment_id": "54e0ada9-89eb-4a54-b80a-def494e4f60d", "latitude": 4.464753333333333, "longitude": 97.95194166666667, "kategori": "A"}, "geometry": {"type": "Point", "coordinates": [97.95194166666667, 4.464753333333333]}}, {"type": "Feature", "properties": {"assignment_id": "6eb82ef4-38f4-4597-b49b-619fdf592509", "latitude": 4.500524, "longitude": 97.9557061, "kategori": "C"}, "geometry": {"type": "Point", "coordinates": [97.9557061, 4.500524]}}, {"type": "Feature", "properties": {"assignment_id": "c82eb792-8d2a-4f68-a59e-03b16c985209", "latitude": 4.4246092, "longitude": 98.0248895, "kategori": "A"}, "geometry": {"type": "Point", "coordinates": [98.0248895, 4.4246092]}}, {"type": "Feature", "properties": {"assignment_id": "caa29b48-f9c8-47e8-8afb-8a9a11e82ab5", "latitude": 4.4945018, "longitude": 97.9537676, "kategori": "A"}, "geometry": {"type": "Point", "coordinates": [97.9537676, 4.4945018]}}, {"type": "Feature", "properties": {"assignment_id": "caa29b48-f9c8-47e8-8afb-8a9a11e82ab5", "latitude": 4.4945018, "longitude": 97.9537676, "kategori": "G"}, "geometry": {"type": "Point", "coordinates": [97.9537676, 4.4945018]}}, {"type": "Feature", "properties": {"assignment_id": "f2931d34-9ec9-4bdc-bb8f-56ad728f64b6", "latitude": 4.4491286, "longitude": 98.02065286, "kategori": "A"}, "geometry": {"type": "Point", "coordinates": [98.02065286, 4.4491286]}}, {"type": "Feature", "properties": {"assignment_id": "faea302c-aec3-4e1d-8456-f4846d8d5775", "latitude": 4.47347335, "longitude": 97.97582281, "kategori": "G"}, "geometry": {"type": "Point", "coordinates": [97.97582281, 4.47347335]}}, {"type": "Feature", "properties": {"assignment_id": "2b71fd12-6de3-4383-bd8d-f931a1d4741e", "latitude": 4.4437265, "longitude": 97.9808456, "kategori": "A"}, "geometry": {"type": "Point", "coordinates": [97.9808456, 4.4437265]}}, {"type": "Feature", "properties": {"assignment_id": "2d073801-ba4e-4839-bb9a-f3a57590d670", "latitude": 4.476313333333334, "longitude": 97.94810000000001, "kategori": "H"}, "geometry": {"type": "Point", "coordinates": [97.94810000000001, 4.476313333333334]}}, {"type": "Feature", "properties": {"assignment_id": "8e9f344d-d399-4166-b48f-8c3789b421f9", "latitude": 4.4533291, "longitude": 98.0147069, "kategori": "A"}, "geometry": {"type": "Point", "coordinates": [98.0147069, 4.4533291]}}, {"type": "Feature", "properties": {"assignment_id": "ef53dd17-fc60-43b7-94cb-55d87eb5173a", "latitude": 4.45582322, "longitude": 97.98798202, "kategori": "A"}, "geometry": {"type": "Point", "coordinates": [97.98798202, 4.45582322]}}, {"type": "Feature", "properties": {"assignment_id": "b013cfe6-421b-43c1-ae46-0cd9305520fd", "latitude": 4.479825, "longitude": 97.94793166666665, "kategori": "C"}, "geometry": {"type": "Point", "coordinates": [97.94793166666665, 4.479825]}}, {"type": "Feature", "properties": {"assignment_id": "0ad1a485-373b-41b0-a854-1a1f1c9c283e", "latitude": 4.423405, "longitude": 98.02267666666667, "kategori": "A"}, "geometry": {"type": "Point", "coordinates": [98.02267666666667, 4.423405]}}, {"type": "Feature", "properties": {"assignment_id": "24dc0d25-cd23-481c-a31e-b285296e3869", "latitude": 4.449966016666666, "longitude": 97.97656594999998, "kategori": "C"}, "geometry": {"type": "Point", "coordinates": [97.97656594999998, 4.449966016666666]}}, {"type": "Feature", "properties": {"assignment_id": "2c6f9458-877d-4930-9338-149a70e2eab0", "latitude": 4.457278333333333, "longitude": 97.97354333333332, "kategori": "C"}, "geometry": {"type": "Point", "coordinates": [97.97354333333332, 4.457278333333333]}}, {"type": "Feature", "properties": {"assignment_id": "3c21aa29-3d57-4e0b-abf6-0ff79d0cca0e", "latitude": 4.4462498, "longitude": 97.996151, "kategori": "A"}, "geometry": {"type": "Point", "coordinates": [97.996151, 4.4462498]}}, {"type": "Feature", "properties": {"assignment_id": "5a280c8a-3407-4720-84c9-0904969a8c18", "latitude": 4.457966666666667, "longitude": 97.92975833333334, "kategori": "A"}, "geometry": {"type": "Point", "coordinates": [97.92975833333334, 4.457966666666667]}}, {"type": "Feature", "properties": {"assignment_id": "81329f59-6afa-48a5-a811-8d6ddfb78760", "latitude": 4.4785924, "longitude": 97.977737, "kategori": "S"}, "geometry": {"type": "Point", "coordinates": [97.977737, 4.4785924]}}, {"type": "Feature", "properties": {"assignment_id": "8f10e9e1-7b33-4819-96fa-3121f070614d", "latitude": 4.453950000000001, "longitude": 98.01353666666667, "kategori": "A"}, "geometry": {"type": "Point", "coordinates": [98.01353666666667, 4.453950000000001]}}, {"type": "Feature", "properties": {"assignment_id": "932041bc-64b7-499b-8d21-3c452ce67ebe", "latitude": 4.4561633333333335, "longitude": 97.98247166666667, "kategori": "A"}, "geometry": {"type": "Point", "coordinates": [97.98247166666667, 4.4561633333333335]}}, {"type": "Feature", "properties": {"assignment_id": "b9ff5604-cd10-4377-a430-8fbd2c673eb7", "latitude": 4.4684922, "longitude": 97.9714119, "kategori": "A"}, "geometry": {"type": "Point", "coordinates": [97.9714119, 4.4684922]}}, {"type": "Feature", "properties": {"assignment_id": "b9ff5604-cd10-4377-a430-8fbd2c673eb7", "latitude": 4.4684922, "longitude": 97.9714119, "kategori": "F"}, "geometry": {"type": "Point", "coordinates": [97.9714119, 4.4684922]}}, {"type": "Feature", "properties": {"assignment_id": "73cd2a64-ef8f-46e1-9378-dfabb0d8e4c4", "latitude": 4.457693333333333, "longitude": 97.98265833333335, "kategori": "Q"}, "geometry": {"type": "Point", "coordinates": [97.98265833333335, 4.457693333333333]}}, {"type": "Feature", "properties": {"assignment_id": "e2a93de4-1534-4fea-91c6-b383d30e9c55", "latitude": 4.438008066666667, "longitude": 98.02089063333332, "kategori": "A"}, "geometry": {"type": "Point", "coordinates": [98.02089063333332, 4.438008066666667]}}, {"type": "Feature", "properties": {"assignment_id": "40de898e-5255-4283-b699-e60a498a5cb2", "latitude": 4.4956119, "longitude": 97.9517577, "kategori": "A"}, "geometry": {"type": "Point", "coordinates": [97.9517577, 4.4956119]}}, {"type": "Feature", "properties": {"assignment_id": "cdbdb3b5-ae1a-442c-8fe3-035f2f15cec6", "latitude": 4.440761666666666, "longitude": 97.98775833333333, "kategori": "A"}, "geometry": {"type": "Point", "coordinates": [97.98775833333333, 4.440761666666666]}}, {"type": "Feature", "properties": {"assignment_id": "13c897ed-0b27-4dee-af52-02ed9c3da142", "latitude": 4.46650078, "longitude": 97.96316445, "kategori": "N"}, "geometry": {"type": "Point", "coordinates": [97.96316445, 4.46650078]}}, {"type": "Feature", "properties": {"assignment_id": "52d2c845-52cd-40a5-90d3-67b83f2d63d3", "latitude": 4.4745604, "longitude": 97.9568723, "kategori": "G"}, "geometry": {"type": "Point", "coordinates": [97.9568723, 4.4745604]}}, {"type": "Feature", "properties": {"assignment_id": "71bd0996-58cd-480b-a32d-66d60951c690", "latitude": 4.47507, "longitude": 97.9559083, "kategori": "S"}, "geometry": {"type": "Point", "coordinates": [97.9559083, 4.47507]}}, {"type": "Feature", "properties": {"assignment_id": "76000a75-e6c2-4bb4-895f-0866203a10fa", "latitude": 4.4347, "longitude": 98.021775, "kategori": "A"}, "geometry": {"type": "Point", "coordinates": [98.021775, 4.4347]}}, {"type": "Feature", "properties": {"assignment_id": "7c0aed0f-1d70-4b21-a989-32817acd9b81", "latitude": 4.5069968, "longitude": 98.0110093, "kategori": "A"}, "geometry": {"type": "Point", "coordinates": [98.0110093, 4.5069968]}}, {"type": "Feature", "properties": {"assignment_id": "bcb054af-8451-4e6a-b039-119933be108e", "latitude": 4.438981, "longitude": 97.9706917, "kategori": "A"}, "geometry": {"type": "Point", "coordinates": [97.9706917, 4.438981]}}, {"type": "Feature", "properties": {"assignment_id": "fb6186c7-1386-4ca7-85af-0b668a3986e1", "latitude": 4.4782603, "longitude": 97.9520152, "kategori": "C"}, "geometry": {"type": "Point", "coordinates": [97.9520152, 4.4782603]}}, {"type": "Feature", "properties": {"assignment_id": "39265fa1-2e1a-41f0-9d47-25a3f9ae533d", "latitude": 4.487636033333334, "longitude": 97.98158538333334, "kategori": "G"}, "geometry": {"type": "Point", "coordinates": [97.98158538333334, 4.487636033333334]}}, {"type": "Feature", "properties": {"assignment_id": "ed97fa10-5faf-4595-8b0a-816af4d09fb3", "latitude": 4.45620586, "longitude": 97.99065997, "kategori": "A"}, "geometry": {"type": "Point", "coordinates": [97.99065997, 4.45620586]}}, {"type": "Feature", "properties": {"assignment_id": "127089b1-d38a-4230-afca-10c395b27f77", "latitude": 4.4773867, "longitude": 97.9561467, "kategori": "C"}, "geometry": {"type": "Point", "coordinates": [97.9561467, 4.4773867]}}, {"type": "Feature", "properties": {"assignment_id": "35f3bb0e-4a12-4055-a42e-ce77a8942bd8", "latitude": 4.4937451, "longitude": 97.9651602, "kategori": "H"}, "geometry": {"type": "Point", "coordinates": [97.9651602, 4.4937451]}}, {"type": "Feature", "properties": {"assignment_id": "376ddd33-3f1c-41ad-8147-f52455ed9e7e", "latitude": 4.4757609, "longitude": 97.9837575, "kategori": "C"}, "geometry": {"type": "Point", "coordinates": [97.9837575, 4.4757609]}}, {"type": "Feature", "properties": {"assignment_id": "40dba4d7-16e8-430a-b9c9-8165eaf30fd9", "latitude": 4.5034027, "longitude": 97.9645192, "kategori": "A"}, "geometry": {"type": "Point", "coordinates": [97.9645192, 4.5034027]}}, {"type": "Feature", "properties": {"assignment_id": "82930c2f-c178-400c-84cd-f10ca474d3d9", "latitude": 4.5004387, "longitude": 97.9549797, "kategori": "A"}, "geometry": {"type": "Point", "coordinates": [97.9549797, 4.5004387]}}, {"type": "Feature", "properties": {"assignment_id": "82930c2f-c178-400c-84cd-f10ca474d3d9", "latitude": 4.5004387, "longitude": 97.9549797, "kategori": "G"}, "geometry": {"type": "Point", "coordinates": [97.9549797, 4.5004387]}}, {"type": "Feature", "properties": {"assignment_id": "df4760dd-920f-4532-8b71-4029bef72d96", "latitude": 4.444098333333333, "longitude": 97.98826833333332, "kategori": "A"}, "geometry": {"type": "Point", "coordinates": [97.98826833333332, 4.444098333333333]}}, {"type": "Feature", "properties": {"assignment_id": "00aca63c-c4a9-4096-9835-1999d8e51403", "latitude": 4.5034091, "longitude": 97.95276, "kategori": "G"}, "geometry": {"type": "Point", "coordinates": [97.95276, 4.5034091]}}, {"type": "Feature", "properties": {"assignment_id": "4ca3ff75-7426-4ed5-ae17-bf1eeab545bc", "latitude": 4.4311017, "longitude": 98.03938, "kategori": "A"}, "geometry": {"type": "Point", "coordinates": [98.03938, 4.4311017]}}, {"type": "Feature", "properties": {"assignment_id": "4e15b3b8-ef02-420f-9834-ea4f8ef5130b", "latitude": 4.4684944, "longitude": 97.9477617, "kategori": "A"}, "geometry": {"type": "Point", "coordinates": [97.9477617, 4.4684944]}}, {"type": "Feature", "properties": {"assignment_id": "4e15b3b8-ef02-420f-9834-ea4f8ef5130b", "latitude": 4.4684944, "longitude": 97.9477617, "kategori": "C"}, "geometry": {"type": "Point", "coordinates": [97.9477617, 4.4684944]}}, {"type": "Feature", "properties": {"assignment_id": "61cc4ec7-cf6f-4fcc-8af5-7da9ae21812a", "latitude": 4.4349708, "longitude": 98.0140519, "kategori": "A"}, "geometry": {"type": "Point", "coordinates": [98.0140519, 4.4349708]}}, {"type": "Feature", "properties": {"assignment_id": "7f31b0a0-9d26-4e4c-85ad-75b3a9fa59e0", "latitude": 4.488286, "longitude": 97.9695058, "kategori": "A"}, "geometry": {"type": "Point", "coordinates": [97.9695058, 4.488286]}}, {"type": "Feature", "properties": {"assignment_id": "8004317a-eda4-4e38-8d01-956b4fd2ee3e", "latitude": 4.495926666666667, "longitude": 97.974195, "kategori": "A"}, "geometry": {"type": "Point", "coordinates": [97.974195, 4.495926666666667]}}, {"type": "Feature", "properties": {"assignment_id": "af4ef684-d97e-4a83-b70e-1ca0263ada68", "latitude": 4.4732261, "longitude": 97.9556605, "kategori": "G"}, "geometry": {"type": "Point", "coordinates": [97.9556605, 4.4732261]}}, {"type": "Feature", "properties": {"assignment_id": "c7a90f35-05c8-4439-95d2-16dac9af8c18", "latitude": 4.44874749, "longitude": 98.02134973, "kategori": "A"}, "geometry": {"type": "Point", "coordinates": [98.02134973, 4.44874749]}}, {"type": "Feature", "properties": {"assignment_id": "e88c9542-fe16-4edf-9f4e-26924bf2b1db", "latitude": 4.4441725, "longitude": 98.0150335, "kategori": "A"}, "geometry": {"type": "Point", "coordinates": [98.0150335, 4.4441725]}}, {"type": "Feature", "properties": {"assignment_id": "0374fb12-8023-46a6-9f15-4a605f941855", "latitude": 4.4645164, "longitude": 97.9433188, "kategori": "G"}, "geometry": {"type": "Point", "coordinates": [97.9433188, 4.4645164]}}, {"type": "Feature", "properties": {"assignment_id": "f24eed4c-cc15-48d0-b81a-700e26e0c094", "latitude": 4.4846812, "longitude": 97.9724183, "kategori": "C"}, "geometry": {"type": "Point", "coordinates": [97.9724183, 4.4846812]}}, {"type": "Feature", "properties": {"assignment_id": "4fdfc837-bc37-4a5b-a96c-ca6f08335b7a", "latitude": 4.5037077, "longitude": 97.9616677, "kategori": "A"}, "geometry": {"type": "Point", "coordinates": [97.9616677, 4.5037077]}}, {"type": "Feature", "properties": {"assignment_id": "5f3d255c-d171-47ff-831f-1dd4aaf796f5", "latitude": 4.459468333333334, "longitude": 97.973785, "kategori": "C"}, "geometry": {"type": "Point", "coordinates": [97.973785, 4.459468333333334]}}, {"type": "Feature", "properties": {"assignment_id": "bcd4bf09-aa7d-48a0-8d1a-15371b9d2841", "latitude": 4.5087895, "longitude": 98.0102886, "kategori": "C"}, "geometry": {"type": "Point", "coordinates": [98.0102886, 4.5087895]}}, {"type": "Feature", "properties": {"assignment_id": "c112b6ba-620d-4d62-aa26-60e080a142dd", "latitude": 4.4807336, "longitude": 97.9461208, "kategori": "F"}, "geometry": {"type": "Point", "coordinates": [97.9461208, 4.4807336]}}, {"type": "Feature", "properties": {"assignment_id": "ddd0ef28-6474-4d36-a6a1-7a9d37e51021", "latitude": 4.5010718, "longitude": 97.9534799, "kategori": "D"}, "geometry": {"type": "Point", "coordinates": [97.9534799, 4.5010718]}}, {"type": "Feature", "properties": {"assignment_id": "08dbc443-83ce-4dc3-bdc3-f57971c88af4", "latitude": 4.4691127, "longitude": 97.9731319, "kategori": "G"}, "geometry": {"type": "Point", "coordinates": [97.9731319, 4.4691127]}}, {"type": "Feature", "properties": {"assignment_id": "7cd966bd-d670-4e05-999a-461cc3e239f2", "latitude": 4.55226635, "longitude": 98.06503393333332, "kategori": "C"}, "geometry": {"type": "Point", "coordinates": [98.06503393333332, 4.55226635]}}, {"type": "Feature", "properties": {"assignment_id": "054a17e1-8bb2-4d71-bff2-c9dadd008721", "latitude": 4.5101067, "longitude": 97.9410033, "kategori": "H"}, "geometry": {"type": "Point", "coordinates": [97.9410033, 4.5101067]}}, {"type": "Feature", "properties": {"assignment_id": "1739b82c-7381-4b0e-96ca-7cd3dcbbb553", "latitude": 4.4648088, "longitude": 97.976784, "kategori": "G"}, "geometry": {"type": "Point", "coordinates": [97.976784, 4.4648088]}}, {"type": "Feature", "properties": {"assignment_id": "1739b82c-7381-4b0e-96ca-7cd3dcbbb553", "latitude": 4.4648088, "longitude": 97.976784, "kategori": "C"}, "geometry": {"type": "Point", "coordinates": [97.976784, 4.4648088]}}, {"type": "Feature", "properties": {"assignment_id": "19bc3292-291a-4025-bbd9-f0d3ab1ea53c", "latitude": 4.4787985, "longitude": 97.9424313, "kategori": "C"}, "geometry": {"type": "Point", "coordinates": [97.9424313, 4.4787985]}}, {"type": "Feature", "properties": {"assignment_id": "65b376b1-40d2-4e0e-8e13-c0d51064412e", "latitude": 4.4481317, "longitude": 97.9217443, "kategori": "G"}, "geometry": {"type": "Point", "coordinates": [97.9217443, 4.4481317]}}, {"type": "Feature", "properties": {"assignment_id": "75f15836-a8fb-4c89-b51a-fa71fff829fc", "latitude": 4.470824, "longitude": 97.973657, "kategori": "G"}, "geometry": {"type": "Point", "coordinates": [97.973657, 4.470824]}}, {"type": "Feature", "properties": {"assignment_id": "97bd5f93-6d7a-4541-862e-d448b9f1d184", "latitude": 4.4920249, "longitude": 97.9717713, "kategori": "A"}, "geometry": {"type": "Point", "coordinates": [97.9717713, 4.4920249]}}, {"type": "Feature", "properties": {"assignment_id": "dcfca14e-c157-4121-a50d-62ec20cbe9a8", "latitude": 4.4882059, "longitude": 97.9570017, "kategori": "G"}, "geometry": {"type": "Point", "coordinates": [97.9570017, 4.4882059]}}, {"type": "Feature", "properties": {"assignment_id": "e348470e-8ec9-4cb6-b2b3-8c104db986fe", "latitude": 4.4357617, "longitude": 98.0223083, "kategori": "A"}, "geometry": {"type": "Point", "coordinates": [98.0223083, 4.4357617]}}, {"type": "Feature", "properties": {"assignment_id": "e4209822-763f-42bf-9697-6b52bddd5dbf", "latitude": 4.4353113, "longitude": 97.9888857, "kategori": "A"}, "geometry": {"type": "Point", "coordinates": [97.9888857, 4.4353113]}}, {"type": "Feature", "properties": {"assignment_id": "e4209822-763f-42bf-9697-6b52bddd5dbf", "latitude": 4.4353113, "longitude": 97.9888857, "kategori": "G"}, "geometry": {"type": "Point", "coordinates": [97.9888857, 4.4353113]}}, {"type": "Feature", "properties": {"assignment_id": "fdd1fc13-e1c5-441e-a640-47b009482fe4", "latitude": 4.4832297, "longitude": 97.9787057, "kategori": "C"}, "geometry": {"type": "Point", "coordinates": [97.9787057, 4.4832297]}}, {"type": "Feature", "properties": {"assignment_id": "1b427b71-3882-4606-ae35-b4b84cb3c2c0", "latitude": 4.453971666666666, "longitude": 98.01239333333334, "kategori": "A"}, "geometry": {"type": "Point", "coordinates": [98.01239333333334, 4.453971666666666]}}, {"type": "Feature", "properties": {"assignment_id": "4de55005-a969-4458-b99e-5176a25af5d8", "latitude": 4.4710929, "longitude": 97.9694242, "kategori": "G"}, "geometry": {"type": "Point", "coordinates": [97.9694242, 4.4710929]}}, {"type": "Feature", "properties": {"assignment_id": "05a1a023-89a7-4457-931a-0c64cf257cf6", "latitude": 4.43073, "longitude": 98.039965, "kategori": "A"}, "geometry": {"type": "Point", "coordinates": [98.039965, 4.43073]}}, {"type": "Feature", "properties": {"assignment_id": "12b85456-21a6-42cf-88dc-bb2fdd3853e7", "latitude": 4.444458333333333, "longitude": 97.98763499999998, "kategori": "G"}, "geometry": {"type": "Point", "coordinates": [97.98763499999998, 4.444458333333333]}}, {"type": "Feature", "properties": {"assignment_id": "18412173-31c0-4901-8462-a63faa2e48f4", "latitude": 4.474199, "longitude": 97.9852204, "kategori": "A"}, "geometry": {"type": "Point", "coordinates": [97.9852204, 4.474199]}}, {"type": "Feature", "properties": {"assignment_id": "1df4b5ba-d2cc-451c-a9d9-fb519c7928ab", "latitude": 4.4993998, "longitude": 97.9411344, "kategori": "G"}, "geometry": {"type": "Point", "coordinates": [97.9411344, 4.4993998]}}, {"type": "Feature", "properties": {"assignment_id": "279bf985-1a11-4210-bd4b-c00484906861", "latitude": 4.4684716, "longitude": 97.97453, "kategori": "G"}, "geometry": {"type": "Point", "coordinates": [97.97453, 4.4684716]}}, {"type": "Feature", "properties": {"assignment_id": "3a53f824-9e49-4751-a9c3-a32253a234c3", "latitude": 4.4726343, "longitude": 97.9568955, "kategori": "G"}, "geometry": {"type": "Point", "coordinates": [97.9568955, 4.4726343]}}, {"type": "Feature", "properties": {"assignment_id": "55272548-cb71-49d0-8130-30c884126726", "latitude": 4.436298333333334, "longitude": 98.008445, "kategori": "G"}, "geometry": {"type": "Point", "coordinates": [98.008445, 4.436298333333334]}}, {"type": "Feature", "properties": {"assignment_id": "5c8e0d3f-2a3d-4f6b-a64a-9204d3d9198d", "latitude": 4.5050547, "longitude": 97.959789, "kategori": "A"}, "geometry": {"type": "Point", "coordinates": [97.959789, 4.5050547]}}, {"type": "Feature", "properties": {"assignment_id": "b14fd325-bc0c-4846-83c5-182e51300a6d", "latitude": 4.4600059, "longitude": 97.9877401, "kategori": "A"}, "geometry": {"type": "Point", "coordinates": [97.9877401, 4.4600059]}}, {"type": "Feature", "properties": {"assignment_id": "c2be69da-ecbc-45ac-b0f0-8ce31239597e", "latitude": 4.5070192, "longitude": 97.9475779, "kategori": "C"}, "geometry": {"type": "Point", "coordinates": [97.9475779, 4.5070192]}}, {"type": "Feature", "properties": {"assignment_id": "c68af0ad-3638-461d-a369-df9e4c47d99f", "latitude": 4.491784, "longitude": 97.973143, "kategori": "A"}, "geometry": {"type": "Point", "coordinates": [97.973143, 4.491784]}}, {"type": "Feature", "properties": {"assignment_id": "cb6644e0-aa68-4434-85a5-a1520b7fa6fe", "latitude": 4.47416, "longitude": 97.98545, "kategori": "A"}, "geometry": {"type": "Point", "coordinates": [97.98545, 4.47416]}}, {"type": "Feature", "properties": {"assignment_id": "cfade0c8-a55c-4ea6-86ea-3536339b3e46", "latitude": 4.4343117, "longitude": 98.0225783, "kategori": "A"}, "geometry": {"type": "Point", "coordinates": [98.0225783, 4.4343117]}}, {"type": "Feature", "properties": {"assignment_id": "f211cac2-f005-4ea7-9579-59be344066e4", "latitude": 4.524675, "longitude": 97.9389383, "kategori": "A"}, "geometry": {"type": "Point", "coordinates": [97.9389383, 4.524675]}}, {"type": "Feature", "properties": {"assignment_id": "797e83c4-2c67-4af4-bdc5-568dcabc84d3", "latitude": 4.432775, "longitude": 98.00849166666667, "kategori": "G"}, "geometry": {"type": "Point", "coordinates": [98.00849166666667, 4.432775]}}, {"type": "Feature", "properties": {"assignment_id": "5348bf23-15d9-45dc-840a-bf4727dce5d4", "latitude": 4.4484967, "longitude": 98.01434, "kategori": "F"}, "geometry": {"type": "Point", "coordinates": [98.01434, 4.4484967]}}, {"type": "Feature", "properties": {"assignment_id": "72ab83cd-292f-4857-b9c9-4aeeab3986ee", "latitude": 4.4592057, "longitude": 97.9890124, "kategori": "A"}, "geometry": {"type": "Point", "coordinates": [97.9890124, 4.4592057]}}, {"type": "Feature", "properties": {"assignment_id": "fe7cf45e-4a85-4861-b53e-c11c4c434174", "latitude": 4.469984999999999, "longitude": 97.93402833333333, "kategori": "G"}, "geometry": {"type": "Point", "coordinates": [97.93402833333333, 4.469984999999999]}}, {"type": "Feature", "properties": {"assignment_id": "1b039ab0-30aa-4266-a59a-06121bcdca39", "latitude": 4.4650284, "longitude": 97.9783924, "kategori": "G"}, "geometry": {"type": "Point", "coordinates": [97.9783924, 4.4650284]}}, {"type": "Feature", "properties": {"assignment_id": "1df94cae-7fc7-4417-abbf-35eff53cbc28", "latitude": 4.4480147, "longitude": 98.0037077, "kategori": "G"}, "geometry": {"type": "Point", "coordinates": [98.0037077, 4.4480147]}}, {"type": "Feature", "properties": {"assignment_id": "43b03bbb-7058-4e61-a0b5-44a5a04958b3", "latitude": 4.4341732, "longitude": 98.0218083, "kategori": "A"}, "geometry": {"type": "Point", "coordinates": [98.0218083, 4.4341732]}}, {"type": "Feature", "properties": {"assignment_id": "43b03bbb-7058-4e61-a0b5-44a5a04958b3", "latitude": 4.4341732, "longitude": 98.0218083, "kategori": "H"}, "geometry": {"type": "Point", "coordinates": [98.0218083, 4.4341732]}}, {"type": "Feature", "properties": {"assignment_id": "50d2ea4a-3313-4f56-a9bb-06c8931500bf", "latitude": 4.5251616666666665, "longitude": 97.94014833333334, "kategori": "G"}, "geometry": {"type": "Point", "coordinates": [97.94014833333334, 4.5251616666666665]}}, {"type": "Feature", "properties": {"assignment_id": "c56723f3-1e0a-45f3-90b3-737abb74ea64", "latitude": 4.4561121, "longitude": 98.0060903, "kategori": "C"}, "geometry": {"type": "Point", "coordinates": [98.0060903, 4.4561121]}}, {"type": "Feature", "properties": {"assignment_id": "db880143-43e2-4561-b3c7-a9e8390a934b", "latitude": 4.438428333333333, "longitude": 98.00764166666667, "kategori": "G"}, "geometry": {"type": "Point", "coordinates": [98.00764166666667, 4.438428333333333]}}, {"type": "Feature", "properties": {"assignment_id": "e0f99166-8983-4477-8303-71f084161f11", "latitude": 4.446326, "longitude": 98.0076986, "kategori": "A"}, "geometry": {"type": "Point", "coordinates": [98.0076986, 4.446326]}}, {"type": "Feature", "properties": {"assignment_id": "64b92482-205d-4acd-b3e6-c5f23f9a4c56", "latitude": 4.458606666666666, "longitude": 97.92979166666667, "kategori": "G"}, "geometry": {"type": "Point", "coordinates": [97.92979166666667, 4.458606666666666]}}, {"type": "Feature", "properties": {"assignment_id": "23b42cf1-a696-43e1-8881-f169b7a5b96f", "latitude": 4.5093, "longitude": 97.9524317, "kategori": "A"}, "geometry": {"type": "Point", "coordinates": [97.9524317, 4.5093]}}, {"type": "Feature", "properties": {"assignment_id": "352ce753-8660-4096-8ea9-29d8abd98c2e", "latitude": 4.485261666666667, "longitude": 97.97607500000001, "kategori": "A"}, "geometry": {"type": "Point", "coordinates": [97.97607500000001, 4.485261666666667]}}, {"type": "Feature", "properties": {"assignment_id": "48575014-21b2-4b0f-a647-85001fe7934a", "latitude": 4.4330717, "longitude": 98.0209717, "kategori": "A"}, "geometry": {"type": "Point", "coordinates": [98.0209717, 4.4330717]}}, {"type": "Feature", "properties": {"assignment_id": "56e8cd2c-3985-4bb2-a60c-fb526fdb1041", "latitude": 4.4340417, "longitude": 98.02202, "kategori": "A"}, "geometry": {"type": "Point", "coordinates": [98.02202, 4.4340417]}}, {"type": "Feature", "properties": {"assignment_id": "56e8cd2c-3985-4bb2-a60c-fb526fdb1041", "latitude": 4.4340417, "longitude": 98.02202, "kategori": "C"}, "geometry": {"type": "Point", "coordinates": [98.02202, 4.4340417]}}, {"type": "Feature", "properties": {"assignment_id": "58e17b5a-205a-470b-967c-2ee5b7ba2fe1", "latitude": 4.514642120338976, "longitude": 97.94196062721312, "kategori": "A"}, "geometry": {"type": "Point", "coordinates": [97.94196062721312, 4.514642120338976]}}, {"type": "Feature", "properties": {"assignment_id": "7a0b5154-4ba7-4e73-a215-afaf8fca004c", "latitude": 4.4397807, "longitude": 97.9715419, "kategori": "A"}, "geometry": {"type": "Point", "coordinates": [97.9715419, 4.4397807]}}, {"type": "Feature", "properties": {"assignment_id": "e439ff6f-735f-4cf0-b6ec-d119c1c5e61c", "latitude": 4.47199696, "longitude": 97.94405935, "kategori": "A"}, "geometry": {"type": "Point", "coordinates": [97.94405935, 4.47199696]}}, {"type": "Feature", "properties": {"assignment_id": "e79914e0-5e7e-499b-8854-2c9faacf30c6", "latitude": 4.4609135, "longitude": 97.9368051, "kategori": "G"}, "geometry": {"type": "Point", "coordinates": [97.9368051, 4.4609135]}}, {"type": "Feature", "properties": {"assignment_id": "eb7a12ce-88e6-4873-8667-0975b12da163", "latitude": 4.4914611, "longitude": 97.9615743, "kategori": "G"}, "geometry": {"type": "Point", "coordinates": [97.9615743, 4.4914611]}}, {"type": "Feature", "properties": {"assignment_id": "7fb2d9a9-0154-4b15-a7bb-0de65827648f", "latitude": 4.4509333, "longitude": 98.0133704, "kategori": "R"}, "geometry": {"type": "Point", "coordinates": [98.0133704, 4.4509333]}}, {"type": "Feature", "properties": {"assignment_id": "8a48cf6d-9070-4038-8a10-00a6c93fcc2d", "latitude": 4.4379976, "longitude": 98.0202861, "kategori": "A"}, "geometry": {"type": "Point", "coordinates": [98.0202861, 4.4379976]}}, {"type": "Feature", "properties": {"assignment_id": "34eb38ea-7b68-4b86-b055-38de65c65c7f", "latitude": 4.477, "longitude": 97.95407333333333, "kategori": "H"}, "geometry": {"type": "Point", "coordinates": [97.95407333333333, 4.477]}}, {"type": "Feature", "properties": {"assignment_id": "38accc80-8492-4a3c-97d5-61a95caf2bdc", "latitude": 4.4429209, "longitude": 97.9993341, "kategori": "A"}, "geometry": {"type": "Point", "coordinates": [97.9993341, 4.4429209]}}, {"type": "Feature", "properties": {"assignment_id": "5ee0412e-37cf-4ca7-ab37-bff4273f1e4d", "latitude": 4.4564047, "longitude": 98.0085902, "kategori": "G"}, "geometry": {"type": "Point", "coordinates": [98.0085902, 4.4564047]}}, {"type": "Feature", "properties": {"assignment_id": "70beb750-0d86-4727-8411-5571b704b0d2", "latitude": 4.4729402, "longitude": 97.9369107, "kategori": "C"}, "geometry": {"type": "Point", "coordinates": [97.9369107, 4.4729402]}}, {"type": "Feature", "properties": {"assignment_id": "7b2a9260-76d1-4f4c-b0e3-7073e6252466", "latitude": 4.5032293999999995, "longitude": 97.95289615000002, "kategori": "H"}, "geometry": {"type": "Point", "coordinates": [97.95289615000002, 4.5032293999999995]}}, {"type": "Feature", "properties": {"assignment_id": "89280136-f265-4e50-8ac1-365d0b03312f", "latitude": 4.4288977, "longitude": 98.0255316, "kategori": "A"}, "geometry": {"type": "Point", "coordinates": [98.0255316, 4.4288977]}}, {"type": "Feature", "properties": {"assignment_id": "2ede3977-00de-46ae-880e-2faf7a9c046e", "latitude": 4.4692737, "longitude": 97.9338736, "kategori": "F"}, "geometry": {"type": "Point", "coordinates": [97.9338736, 4.4692737]}}, {"type": "Feature", "properties": {"assignment_id": "79e3c0c6-d718-4940-8194-cc32e1a43eb8", "latitude": 4.5277813, "longitude": 97.93550299, "kategori": "D"}, "geometry": {"type": "Point", "coordinates": [97.93550299, 4.5277813]}}, {"type": "Feature", "properties": {"assignment_id": "e8b00a16-3a5f-473b-a605-2507f23accb3", "latitude": 4.4700852, "longitude": 97.974454, "kategori": "G"}, "geometry": {"type": "Point", "coordinates": [97.974454, 4.4700852]}}, {"type": "Feature", "properties": {"assignment_id": "f4e2a1ca-f726-4962-90db-f9254bdd9885", "latitude": 4.5044867, "longitude": 97.9672683, "kategori": "A"}, "geometry": {"type": "Point", "coordinates": [97.9672683, 4.5044867]}}, {"type": "Feature", "properties": {"assignment_id": "f4e2a1ca-f726-4962-90db-f9254bdd9885", "latitude": 4.5044867, "longitude": 97.9672683, "kategori": "C"}, "geometry": {"type": "Point", "coordinates": [97.9672683, 4.5044867]}}, {"type": "Feature", "properties": {"assignment_id": "0fbaef64-8d52-4e0f-888f-536af142863e", "latitude": 4.4651509, "longitude": 97.9624912, "kategori": "G"}, "geometry": {"type": "Point", "coordinates": [97.9624912, 4.4651509]}}, {"type": "Feature", "properties": {"assignment_id": "410d3f68-82bf-4249-b9a6-6ee9091e839a", "latitude": 4.4795139, "longitude": 97.9825667, "kategori": "A"}, "geometry": {"type": "Point", "coordinates": [97.9825667, 4.4795139]}}, {"type": "Feature", "properties": {"assignment_id": "42d5ec04-4769-4ec5-8d3a-7fa570a37239", "latitude": 4.5005665, "longitude": 97.9556681, "kategori": "G"}, "geometry": {"type": "Point", "coordinates": [97.9556681, 4.5005665]}}, {"type": "Feature", "properties": {"assignment_id": "7318b21c-3615-48be-9ebe-6b77956c1d3c", "latitude": 4.472245, "longitude": 97.90212666666666, "kategori": "A"}, "geometry": {"type": "Point", "coordinates": [97.90212666666666, 4.472245]}}, {"type": "Feature", "properties": {"assignment_id": "78f6329d-e6a9-4e05-b812-3d4bdde42e42", "latitude": 4.4648666666666665, "longitude": 97.93703333333333, "kategori": "A"}, "geometry": {"type": "Point", "coordinates": [97.93703333333333, 4.4648666666666665]}}, {"type": "Feature", "properties": {"assignment_id": "c759db1c-4a76-4ea4-b556-37fc5a6e527f", "latitude": 4.4512100000000006, "longitude": 98.015685, "kategori": "A"}, "geometry": {"type": "Point", "coordinates": [98.015685, 4.4512100000000006]}}, {"type": "Feature", "properties": {"assignment_id": "c759db1c-4a76-4ea4-b556-37fc5a6e527f", "latitude": 4.4512100000000006, "longitude": 98.015685, "kategori": "C"}, "geometry": {"type": "Point", "coordinates": [98.015685, 4.4512100000000006]}}, {"type": "Feature", "properties": {"assignment_id": "0b463a3f-867c-4bab-92ab-5fe1a7b37f4b", "latitude": 4.453342666666667, "longitude": 98.00931626666667, "kategori": "G"}, "geometry": {"type": "Point", "coordinates": [98.00931626666667, 4.453342666666667]}}, {"type": "Feature", "properties": {"assignment_id": "1520aa15-115c-4836-bff7-eb894d76a129", "latitude": 4.4792121, "longitude": 97.9425929, "kategori": "G"}, "geometry": {"type": "Point", "coordinates": [97.9425929, 4.4792121]}}, {"type": "Feature", "properties": {"assignment_id": "2b29451e-fd84-4284-a9f5-163877ad8be7", "latitude": 4.47658128105104, "longitude": 97.98397248610854, "kategori": "A"}, "geometry": {"type": "Point", "coordinates": [97.98397248610854, 4.47658128105104]}}, {"type": "Feature", "properties": {"assignment_id": "49ec3616-d69a-404b-a96c-ca2747e171b2", "latitude": 4.4918736, "longitude": 97.972287, "kategori": "A"}, "geometry": {"type": "Point", "coordinates": [97.972287, 4.4918736]}}, {"type": "Feature", "properties": {"assignment_id": "663edb2a-fc2e-4562-b3f3-2cf0c33ade21", "latitude": 4.497921666666667, "longitude": 97.96023833333332, "kategori": "A"}, "geometry": {"type": "Point", "coordinates": [97.96023833333332, 4.497921666666667]}}, {"type": "Feature", "properties": {"assignment_id": "663edb2a-fc2e-4562-b3f3-2cf0c33ade21", "latitude": 4.497921666666667, "longitude": 97.96023833333332, "kategori": "H"}, "geometry": {"type": "Point", "coordinates": [97.96023833333332, 4.497921666666667]}}, {"type": "Feature", "properties": {"assignment_id": "66cd7b11-3326-4e12-a284-8238bc746bee", "latitude": 4.44999435, "longitude": 97.97664533333334, "kategori": "C"}, "geometry": {"type": "Point", "coordinates": [97.97664533333334, 4.44999435]}}, {"type": "Feature", "properties": {"assignment_id": "9c7973bf-5fa6-4e7b-93d2-e053a3304827", "latitude": 4.4554712, "longitude": 98.0107238, "kategori": "G"}, "geometry": {"type": "Point", "coordinates": [98.0107238, 4.4554712]}}, {"type": "Feature", "properties": {"assignment_id": "9c7973bf-5fa6-4e7b-93d2-e053a3304827", "latitude": 4.4554712, "longitude": 98.0107238, "kategori": "C"}, "geometry": {"type": "Point", "coordinates": [98.0107238, 4.4554712]}}, {"type": "Feature", "properties": {"assignment_id": "a9119f25-bb02-4b21-a07b-be5534721089", "latitude": 4.4310468, "longitude": 98.0235294, "kategori": "A"}, "geometry": {"type": "Point", "coordinates": [98.0235294, 4.4310468]}}, {"type": "Feature", "properties": {"assignment_id": "b2991cbf-7bea-4045-b83f-affadd08d51e", "latitude": 4.4475743, "longitude": 98.0039407, "kategori": "A"}, "geometry": {"type": "Point", "coordinates": [98.0039407, 4.4475743]}}, {"type": "Feature", "properties": {"assignment_id": "b834e505-0fc3-484a-9dff-55ea1974fe5d", "latitude": 4.4369, "longitude": 98.015516, "kategori": "A"}, "geometry": {"type": "Point", "coordinates": [98.015516, 4.4369]}}, {"type": "Feature", "properties": {"assignment_id": "ebdff7e3-2c3d-4a64-be4b-7dba04b25f9e", "latitude": 4.48067134, "longitude": 97.97692325, "kategori": "C"}, "geometry": {"type": "Point", "coordinates": [97.97692325, 4.48067134]}}, {"type": "Feature", "properties": {"assignment_id": "39ab96c2-55d1-4396-9771-c0c0d7b92615", "latitude": 4.4526697, "longitude": 98.0154618, "kategori": "A"}, "geometry": {"type": "Point", "coordinates": [98.0154618, 4.4526697]}}, {"type": "Feature", "properties": {"assignment_id": "906e5f93-6334-424b-a5f4-63e4bf219f61", "latitude": 4.4900052, "longitude": 97.972887, "kategori": "A"}, "geometry": {"type": "Point", "coordinates": [97.972887, 4.4900052]}}, {"type": "Feature", "properties": {"assignment_id": "906e5f93-6334-424b-a5f4-63e4bf219f61", "latitude": 4.4900052, "longitude": 97.972887, "kategori": "C"}, "geometry": {"type": "Point", "coordinates": [97.972887, 4.4900052]}}, {"type": "Feature", "properties": {"assignment_id": "9c94f750-6cc0-481e-a0cd-b67f2e68ee02", "latitude": 4.4351918, "longitude": 98.036267, "kategori": "A"}, "geometry": {"type": "Point", "coordinates": [98.036267, 4.4351918]}}, {"type": "Feature", "properties": {"assignment_id": "9c94f750-6cc0-481e-a0cd-b67f2e68ee02", "latitude": 4.4351918, "longitude": 98.036267, "kategori": "G"}, "geometry": {"type": "Point", "coordinates": [98.036267, 4.4351918]}}, {"type": "Feature", "properties": {"assignment_id": "9e3cd9e1-eabf-4634-b1aa-5dfbbd33b6e5", "latitude": 4.4730421, "longitude": 97.9451951, "kategori": "C"}, "geometry": {"type": "Point", "coordinates": [97.9451951, 4.4730421]}}, {"type": "Feature", "properties": {"assignment_id": "f4c72564-fb33-4b33-9354-6bd82468892b", "latitude": 4.475376666666667, "longitude": 97.98073333333332, "kategori": "A"}, "geometry": {"type": "Point", "coordinates": [97.98073333333332, 4.475376666666667]}}, {"type": "Feature", "properties": {"assignment_id": "0348aa51-2e54-4940-bcc3-df6358f28f63", "latitude": 4.463538913987577, "longitude": 97.96560597606003, "kategori": "C"}, "geometry": {"type": "Point", "coordinates": [97.96560597606003, 4.463538913987577]}}, {"type": "Feature", "properties": {"assignment_id": "0348aa51-2e54-4940-bcc3-df6358f28f63", "latitude": 4.463538913987577, "longitude": 97.96560597606003, "kategori": "G"}, "geometry": {"type": "Point", "coordinates": [97.96560597606003, 4.463538913987577]}}, {"type": "Feature", "properties": {"assignment_id": "0fa9c8eb-312e-4809-a168-afd4b6948ca6", "latitude": 4.463471649214625, "longitude": 97.96505419537425, "kategori": "G"}, "geometry": {"type": "Point", "coordinates": [97.96505419537425, 4.463471649214625]}}, {"type": "Feature", "properties": {"assignment_id": "347c6fdc-f2cc-40aa-8b46-f4638c67196d", "latitude": 4.4706023, "longitude": 97.97531281, "kategori": "G"}, "geometry": {"type": "Point", "coordinates": [97.97531281, 4.4706023]}}, {"type": "Feature", "properties": {"assignment_id": "5aeaaf49-d4bf-45ec-abb5-33548440ff18", "latitude": 4.4975906, "longitude": 97.959063, "kategori": "A"}, "geometry": {"type": "Point", "coordinates": [97.959063, 4.4975906]}}, {"type": "Feature", "properties": {"assignment_id": "b312d52b-1725-4285-8abb-ec641eca23fb", "latitude": 4.4205665, "longitude": 98.0270682, "kategori": "A"}, "geometry": {"type": "Point", "coordinates": [98.0270682, 4.4205665]}}, {"type": "Feature", "properties": {"assignment_id": "d79abab5-25ef-4b32-927a-396a57c2776d", "latitude": 4.441982, "longitude": 98.01847, "kategori": "A"}, "geometry": {"type": "Point", "coordinates": [98.01847, 4.441982]}}, {"type": "Feature", "properties": {"assignment_id": "6e2c1e93-4c81-4fa7-9dda-63ca2683e275", "latitude": 4.4282278, "longitude": 98.0220282, "kategori": "A"}, "geometry": {"type": "Point", "coordinates": [98.0220282, 4.4282278]}}, {"type": "Feature", "properties": {"assignment_id": "6f5605b9-4fa6-4ea9-a5c0-9bbf732fbbaa", "latitude": 4.484075205400586, "longitude": 97.9702285118401, "kategori": "A"}, "geometry": {"type": "Point", "coordinates": [97.9702285118401, 4.484075205400586]}}, {"type": "Feature", "properties": {"assignment_id": "19d52e56-fcc4-4bfa-8c5a-d974a128dfdb", "latitude": 4.4961558, "longitude": 97.9604574, "kategori": "C"}, "geometry": {"type": "Point", "coordinates": [97.9604574, 4.4961558]}}, {"type": "Feature", "properties": {"assignment_id": "2831bb10-fc7e-4c7d-ba57-4d34084963bf", "latitude": 4.4338865, "longitude": 98.0139655, "kategori": "A"}, "geometry": {"type": "Point", "coordinates": [98.0139655, 4.4338865]}}, {"type": "Feature", "properties": {"assignment_id": "441fc0f2-d1c6-4643-a4ea-1af9fec953d0", "latitude": 4.4694133, "longitude": 97.9850734, "kategori": "C"}, "geometry": {"type": "Point", "coordinates": [97.9850734, 4.4694133]}}, {"type": "Feature", "properties": {"assignment_id": "6e078430-71d2-40bf-badd-2e3d54f8d125", "latitude": 4.4482342, "longitude": 98.0275294, "kategori": "A"}, "geometry": {"type": "Point", "coordinates": [98.0275294, 4.4482342]}}, {"type": "Feature", "properties": {"assignment_id": "80134a82-92b1-4387-8fba-cfe8d442ebf0", "latitude": 4.461386, "longitude": 97.9906937, "kategori": "A"}, "geometry": {"type": "Point", "coordinates": [97.9906937, 4.461386]}}, {"type": "Feature", "properties": {"assignment_id": "8202a239-0405-4a48-9a48-77a33ab229b6", "latitude": 4.444565483333333, "longitude": 98.01541610000001, "kategori": "A"}, "geometry": {"type": "Point", "coordinates": [98.01541610000001, 4.444565483333333]}}, {"type": "Feature", "properties": {"assignment_id": "ba2579a0-b64f-47c7-b4b0-58a048e893be", "latitude": 4.4757122, "longitude": 97.9747765, "kategori": "A"}, "geometry": {"type": "Point", "coordinates": [97.9747765, 4.4757122]}}, {"type": "Feature", "properties": {"assignment_id": "d2c64f54-e8ab-4e27-b3f9-3d3b67c8dd03", "latitude": 4.5522192, "longitude": 98.0640823, "kategori": "G"}, "geometry": {"type": "Point", "coordinates": [98.0640823, 4.5522192]}}, {"type": "Feature", "properties": {"assignment_id": "dd6e8ce5-88b8-4ae8-be92-45ecd27a5b0f", "latitude": 4.440706666666667, "longitude": 97.98338666666665, "kategori": "A"}, "geometry": {"type": "Point", "coordinates": [97.98338666666665, 4.440706666666667]}}, {"type": "Feature", "properties": {"assignment_id": "dd6f337d-f187-4311-a021-650c49afbff1", "latitude": 4.47166496, "longitude": 97.96231171, "kategori": "G"}, "geometry": {"type": "Point", "coordinates": [97.96231171, 4.47166496]}}, {"type": "Feature", "properties": {"assignment_id": "e9c9a40b-1180-40a8-a2a2-4794d651ea17", "latitude": 4.4314343, "longitude": 98.0234029, "kategori": "A"}, "geometry": {"type": "Point", "coordinates": [98.0234029, 4.4314343]}}, {"type": "Feature", "properties": {"assignment_id": "71fd6bf0-bf79-42b2-9d3e-2473710982cc", "latitude": 4.489829, "longitude": 97.9112296, "kategori": "A"}, "geometry": {"type": "Point", "coordinates": [97.9112296, 4.489829]}}, {"type": "Feature", "properties": {"assignment_id": "b88f69c9-d7d8-43ab-9382-311b29f287d7", "latitude": 4.477398, "longitude": 97.943096, "kategori": "C"}, "geometry": {"type": "Point", "coordinates": [97.943096, 4.477398]}}, {"type": "Feature", "properties": {"assignment_id": "21ddc995-a254-48bf-8102-d87831cfe44d", "latitude": 4.4502198, "longitude": 98.0129059, "kategori": "C"}, "geometry": {"type": "Point", "coordinates": [98.0129059, 4.4502198]}}, {"type": "Feature", "properties": {"assignment_id": "2343fd74-8b9e-438c-894d-13824c50478f", "latitude": 4.494655, "longitude": 97.95009666666668, "kategori": "A"}, "geometry": {"type": "Point", "coordinates": [97.95009666666668, 4.494655]}}, {"type": "Feature", "properties": {"assignment_id": "34f195c6-ca85-40ee-a513-27f5325eba1f", "latitude": 4.420673333333334, "longitude": 98.02655333333333, "kategori": "A"}, "geometry": {"type": "Point", "coordinates": [98.02655333333333, 4.420673333333334]}}, {"type": "Feature", "properties": {"assignment_id": "928842de-548f-4217-809a-9ef3422e172e", "latitude": 4.4396842, "longitude": 98.0173104, "kategori": "A"}, "geometry": {"type": "Point", "coordinates": [98.0173104, 4.4396842]}}, {"type": "Feature", "properties": {"assignment_id": "98b80883-c103-4868-89ee-59fc9d7a53d8", "latitude": 4.44233, "longitude": 97.991605, "kategori": "A"}, "geometry": {"type": "Point", "coordinates": [97.991605, 4.44233]}}, {"type": "Feature", "properties": {"assignment_id": "c8c3e99f-9c18-4291-9147-d5173d16772f", "latitude": 4.47587, "longitude": 97.9589304, "kategori": "C"}, "geometry": {"type": "Point", "coordinates": [97.9589304, 4.47587]}}, {"type": "Feature", "properties": {"assignment_id": "e1445c5d-c510-4c40-b574-bc65157641c1", "latitude": 4.5503925, "longitude": 98.0644332, "kategori": "G"}, "geometry": {"type": "Point", "coordinates": [98.0644332, 4.5503925]}}, {"type": "Feature", "properties": {"assignment_id": "1563135b-0572-409f-89ba-1659a8e05387", "latitude": 4.438422466666666, "longitude": 98.02182951666667, "kategori": "A"}, "geometry": {"type": "Point", "coordinates": [98.02182951666667, 4.438422466666666]}}, {"type": "Feature", "properties": {"assignment_id": "7d83d6ff-f6e0-4e27-8873-30876d8f629c", "latitude": 4.4764346, "longitude": 97.9756335, "kategori": "A"}, "geometry": {"type": "Point", "coordinates": [97.9756335, 4.4764346]}}, {"type": "Feature", "properties": {"assignment_id": "67df649c-bdef-4504-9c31-e5285190875a", "latitude": 4.4758443, "longitude": 97.9389686, "kategori": "A"}, "geometry": {"type": "Point", "coordinates": [97.9389686, 4.4758443]}}, {"type": "Feature", "properties": {"assignment_id": "82384565-a20d-49e8-a069-356b36aecf07", "latitude": 4.457498333333334, "longitude": 97.983385, "kategori": "G"}, "geometry": {"type": "Point", "coordinates": [97.983385, 4.457498333333334]}}, {"type": "Feature", "properties": {"assignment_id": "c6c91ca5-68d2-47d5-b43c-87fff5bba46e", "latitude": 4.45, "longitude": 98.0147833, "kategori": "A"}, "geometry": {"type": "Point", "coordinates": [98.0147833, 4.45]}}, {"type": "Feature", "properties": {"assignment_id": "c6c91ca5-68d2-47d5-b43c-87fff5bba46e", "latitude": 4.45, "longitude": 98.0147833, "kategori": "F"}, "geometry": {"type": "Point", "coordinates": [98.0147833, 4.45]}}, {"type": "Feature", "properties": {"assignment_id": "233611fa-02ca-45ad-811c-5f94afde9c40", "latitude": 4.4841516, "longitude": 97.9724345, "kategori": "G"}, "geometry": {"type": "Point", "coordinates": [97.9724345, 4.4841516]}}, {"type": "Feature", "properties": {"assignment_id": "2bde0606-3480-4f3a-bc56-c7f335e95f3b", "latitude": 4.4858953, "longitude": 97.9345819, "kategori": "F"}, "geometry": {"type": "Point", "coordinates": [97.9345819, 4.4858953]}}, {"type": "Feature", "properties": {"assignment_id": "3102e1f7-09f0-4fbd-a0fa-d3922376630c", "latitude": 4.4863469, "longitude": 97.9793386, "kategori": "A"}, "geometry": {"type": "Point", "coordinates": [97.9793386, 4.4863469]}}, {"type": "Feature", "properties": {"assignment_id": "3b0ab581-724d-48e0-b2b9-26df6169b1d0", "latitude": 4.5022668, "longitude": 97.9638377, "kategori": "C"}, "geometry": {"type": "Point", "coordinates": [97.9638377, 4.5022668]}}, {"type": "Feature", "properties": {"assignment_id": "6b7dd0e9-c4fd-454f-8582-289ebc6b4a0d", "latitude": 4.4235283333333335, "longitude": 98.02537499999998, "kategori": "C"}, "geometry": {"type": "Point", "coordinates": [98.02537499999998, 4.4235283333333335]}}, {"type": "Feature", "properties": {"assignment_id": "de2c63a6-4b51-464a-b4a7-c50983f5504c", "latitude": 4.45915755, "longitude": 97.99753645, "kategori": "A"}, "geometry": {"type": "Point", "coordinates": [97.99753645, 4.45915755]}}, {"type": "Feature", "properties": {"assignment_id": "e41c9de3-e1b4-4027-890e-a8fe63069aed", "latitude": 4.4762862, "longitude": 97.9749602, "kategori": "A"}, "geometry": {"type": "Point", "coordinates": [97.9749602, 4.4762862]}}, {"type": "Feature", "properties": {"assignment_id": "02b9ea6d-02b8-462d-8765-f3a49d035bd6", "latitude": 4.455496666666666, "longitude": 97.92972, "kategori": "A"}, "geometry": {"type": "Point", "coordinates": [97.92972, 4.455496666666666]}}, {"type": "Feature", "properties": {"assignment_id": "0576410e-c1d0-4e45-9962-775fc23ba6f3", "latitude": 4.455581566666667, "longitude": 98.00936493333332, "kategori": "G"}, "geometry": {"type": "Point", "coordinates": [98.00936493333332, 4.455581566666667]}}, {"type": "Feature", "properties": {"assignment_id": "3a160e83-625a-4ec9-86d3-4fcc6e59d337", "latitude": 4.5099167, "longitude": 97.94125, "kategori": "G"}, "geometry": {"type": "Point", "coordinates": [97.94125, 4.5099167]}}, {"type": "Feature", "properties": {"assignment_id": "7a8c60b4-8c4f-44d2-85fa-2fc26be7c8ee", "latitude": 4.4376095, "longitude": 98.0416664, "kategori": "A"}, "geometry": {"type": "Point", "coordinates": [98.0416664, 4.4376095]}}, {"type": "Feature", "properties": {"assignment_id": "823192dc-2423-4111-b985-33934bd42309", "latitude": 4.4331633, "longitude": 98.040045, "kategori": "A"}, "geometry": {"type": "Point", "coordinates": [98.040045, 4.4331633]}}, {"type": "Feature", "properties": {"assignment_id": "823192dc-2423-4111-b985-33934bd42309", "latitude": 4.4331633, "longitude": 98.040045, "kategori": "F"}, "geometry": {"type": "Point", "coordinates": [98.040045, 4.4331633]}}, {"type": "Feature", "properties": {"assignment_id": "823192dc-2423-4111-b985-33934bd42309", "latitude": 4.4331633, "longitude": 98.040045, "kategori": "C"}, "geometry": {"type": "Point", "coordinates": [98.040045, 4.4331633]}}, {"type": "Feature", "properties": {"assignment_id": "bb08b81e-d0ba-4c12-bb48-695f895ac71e", "latitude": 4.4342507, "longitude": 98.0133156, "kategori": "A"}, "geometry": {"type": "Point", "coordinates": [98.0133156, 4.4342507]}}, {"type": "Feature", "properties": {"assignment_id": "e883efe3-8f9b-4611-8269-417aa401700a", "latitude": 4.465893333333333, "longitude": 97.95060166666666, "kategori": "G"}, "geometry": {"type": "Point", "coordinates": [97.95060166666666, 4.465893333333333]}}, {"type": "Feature", "properties": {"assignment_id": "06f031b5-e805-4e4e-9bb6-6792df1dc31e", "latitude": 4.43126, "longitude": 98.036515, "kategori": "A"}, "geometry": {"type": "Point", "coordinates": [98.036515, 4.43126]}}, {"type": "Feature", "properties": {"assignment_id": "06f031b5-e805-4e4e-9bb6-6792df1dc31e", "latitude": 4.43126, "longitude": 98.036515, "kategori": "G"}, "geometry": {"type": "Point", "coordinates": [98.036515, 4.43126]}}, {"type": "Feature", "properties": {"assignment_id": "b172a171-d387-4762-ac7f-f8fd0af56a94", "latitude": 4.477066666666667, "longitude": 97.94068666666665, "kategori": "C"}, "geometry": {"type": "Point", "coordinates": [97.94068666666665, 4.477066666666667]}}, {"type": "Feature", "properties": {"assignment_id": "ef84f568-e713-4313-8efe-45a3743e5a2a", "latitude": 4.490125000000001, "longitude": 97.97183333333332, "kategori": "A"}, "geometry": {"type": "Point", "coordinates": [97.97183333333332, 4.490125000000001]}}, {"type": "Feature", "properties": {"assignment_id": "7f7a4d44-8727-4b3a-9738-7d99eac12405", "latitude": 4.470165, "longitude": 97.94168499999999, "kategori": "A"}, "geometry": {"type": "Point", "coordinates": [97.94168499999999, 4.470165]}}, {"type": "Feature", "properties": {"assignment_id": "1d772d7a-3d4b-4f3d-bfed-f0a2686254ed", "latitude": 4.461079, "longitude": 97.9845979, "kategori": "A"}, "geometry": {"type": "Point", "coordinates": [97.9845979, 4.461079]}}, {"type": "Feature", "properties": {"assignment_id": "5639166c-e444-43ca-b06f-6be3ace66c9a", "latitude": 4.4456851, "longitude": 97.9805391, "kategori": "A"}, "geometry": {"type": "Point", "coordinates": [97.9805391, 4.4456851]}}, {"type": "Feature", "properties": {"assignment_id": "5639166c-e444-43ca-b06f-6be3ace66c9a", "latitude": 4.4456851, "longitude": 97.9805391, "kategori": "C"}, "geometry": {"type": "Point", "coordinates": [97.9805391, 4.4456851]}}, {"type": "Feature", "properties": {"assignment_id": "80c95632-54c9-4497-8df4-bfc428d1a5c5", "latitude": 4.487252583333333, "longitude": 97.97213328333333, "kategori": "G"}, "geometry": {"type": "Point", "coordinates": [97.97213328333333, 4.487252583333333]}}, {"type": "Feature", "properties": {"assignment_id": "927031bf-73dd-48e6-8692-93089ff3ab27", "latitude": 4.4562026, "longitude": 97.9291917, "kategori": "A"}, "geometry": {"type": "Point", "coordinates": [97.9291917, 4.4562026]}}, {"type": "Feature", "properties": {"assignment_id": "9903a024-4d9d-475d-a147-282c92285b4c", "latitude": 4.4652997, "longitude": 97.9634385, "kategori": "G"}, "geometry": {"type": "Point", "coordinates": [97.9634385, 4.4652997]}}, {"type": "Feature", "properties": {"assignment_id": "9ae972e3-44e6-4811-ac8a-067d61125b30", "latitude": 4.4663751, "longitude": 97.963659, "kategori": "H"}, "geometry": {"type": "Point", "coordinates": [97.963659, 4.4663751]}}, {"type": "Feature", "properties": {"assignment_id": "9de68561-26bd-4c72-8f53-7be7c9795679", "latitude": 4.476869, "longitude": 97.9831643, "kategori": "A"}, "geometry": {"type": "Point", "coordinates": [97.9831643, 4.476869]}}, {"type": "Feature", "properties": {"assignment_id": "ae4e2eb1-3e87-437e-845d-62872c804f78", "latitude": 4.4795414, "longitude": 97.9807824, "kategori": "G"}, "geometry": {"type": "Point", "coordinates": [97.9807824, 4.4795414]}}, {"type": "Feature", "properties": {"assignment_id": "af7bf9b3-15bc-467a-805f-9db9d21bc6a3", "latitude": 4.4379258833333335, "longitude": 98.01967925, "kategori": "A"}, "geometry": {"type": "Point", "coordinates": [98.01967925, 4.4379258833333335]}}, {"type": "Feature", "properties": {"assignment_id": "b2cb8d87-b590-4b93-9c0e-0bdec2a91aad", "latitude": 4.4452436, "longitude": 98.0151457, "kategori": "C"}, "geometry": {"type": "Point", "coordinates": [98.0151457, 4.4452436]}}, {"type": "Feature", "properties": {"assignment_id": "d7da4981-34f9-479a-89ff-0219afba9d81", "latitude": 4.4743248, "longitude": 97.9497218, "kategori": "A"}, "geometry": {"type": "Point", "coordinates": [97.9497218, 4.4743248]}}, {"type": "Feature", "properties": {"assignment_id": "d7da4981-34f9-479a-89ff-0219afba9d81", "latitude": 4.4743248, "longitude": 97.9497218, "kategori": "C"}, "geometry": {"type": "Point", "coordinates": [97.9497218, 4.4743248]}}, {"type": "Feature", "properties": {"assignment_id": "dccadb01-06c9-4938-8a99-abff76272821", "latitude": 4.4879944, "longitude": 97.9486702, "kategori": "A"}, "geometry": {"type": "Point", "coordinates": [97.9486702, 4.4879944]}}, {"type": "Feature", "properties": {"assignment_id": "1d0b59c4-26c5-4515-8428-0647c1cb0ea5", "latitude": 4.45669633, "longitude": 97.98974145, "kategori": "A"}, "geometry": {"type": "Point", "coordinates": [97.98974145, 4.45669633]}}, {"type": "Feature", "properties": {"assignment_id": "f4dae49d-c779-4578-a2bf-f1e13a6f2c8b", "latitude": 4.4929295, "longitude": 97.9497823, "kategori": "F"}, "geometry": {"type": "Point", "coordinates": [97.9497823, 4.4929295]}}, {"type": "Feature", "properties": {"assignment_id": "01d3dc57-97a4-4a84-8d50-f3e2a6517af0", "latitude": 4.4739265, "longitude": 97.9380522, "kategori": "A"}, "geometry": {"type": "Point", "coordinates": [97.9380522, 4.4739265]}}, {"type": "Feature", "properties": {"assignment_id": "10ae5d37-7b12-474a-a311-d977d9022a22", "latitude": 4.4241826, "longitude": 98.0238043, "kategori": "A"}, "geometry": {"type": "Point", "coordinates": [98.0238043, 4.4241826]}}, {"type": "Feature", "properties": {"assignment_id": "52119372-5480-4325-b370-65b0952a2712", "latitude": 4.4308918, "longitude": 98.0136742, "kategori": "A"}, "geometry": {"type": "Point", "coordinates": [98.0136742, 4.4308918]}}, {"type": "Feature", "properties": {"assignment_id": "ab7f949e-c342-47e9-83f3-7035e9141e0d", "latitude": 4.5049302, "longitude": 97.9640391, "kategori": "C"}, "geometry": {"type": "Point", "coordinates": [97.9640391, 4.5049302]}}, {"type": "Feature", "properties": {"assignment_id": "feb4c997-cf80-47b8-83b4-cca1f70aff53", "latitude": 4.4865277, "longitude": 97.9592629, "kategori": "C"}, "geometry": {"type": "Point", "coordinates": [97.9592629, 4.4865277]}}, {"type": "Feature", "properties": {"assignment_id": "7bd3b368-991a-4f3d-ac4a-c07568db2dac", "latitude": 4.4727204, "longitude": 97.9844814, "kategori": "G"}, "geometry": {"type": "Point", "coordinates": [97.9844814, 4.4727204]}}, {"type": "Feature", "properties": {"assignment_id": "e7992365-db14-43b5-a517-83a7fab67df5", "latitude": 4.500368333333334, "longitude": 97.97180333333333, "kategori": "A"}, "geometry": {"type": "Point", "coordinates": [97.97180333333333, 4.500368333333334]}}, {"type": "Feature", "properties": {"assignment_id": "b723cfee-b345-40ac-89fa-493743333963", "latitude": 4.460333333333334, "longitude": 97.97119333333333, "kategori": "G"}, "geometry": {"type": "Point", "coordinates": [97.97119333333333, 4.460333333333334]}}, {"type": "Feature", "properties": {"assignment_id": "161edbb1-6820-4ae0-9d57-ade35492434b", "latitude": 4.4399187, "longitude": 97.9920416, "kategori": "A"}, "geometry": {"type": "Point", "coordinates": [97.9920416, 4.4399187]}}, {"type": "Feature", "properties": {"assignment_id": "46e59bf9-a9e6-4dca-a94b-74ea5e7b5402", "latitude": 4.4502276, "longitude": 97.9217531, "kategori": "A"}, "geometry": {"type": "Point", "coordinates": [97.9217531, 4.4502276]}}, {"type": "Feature", "properties": {"assignment_id": "6dc29111-b6b6-46be-80cc-846b68670e1d", "latitude": 4.4597797, "longitude": 97.9644528, "kategori": "A"}, "geometry": {"type": "Point", "coordinates": [97.9644528, 4.4597797]}}, {"type": "Feature", "properties": {"assignment_id": "95ae2159-a068-4895-9fbb-0d0ec26dc82e", "latitude": 4.4667666666666666, "longitude": 97.97071499999998, "kategori": "C"}, "geometry": {"type": "Point", "coordinates": [97.97071499999998, 4.4667666666666666]}}, {"type": "Feature", "properties": {"assignment_id": "a8327621-d983-4f84-afef-dae4fae21fea", "latitude": 4.489442252420651, "longitude": 97.95984359697032, "kategori": "R"}, "geometry": {"type": "Point", "coordinates": [97.95984359697032, 4.489442252420651]}}, {"type": "Feature", "properties": {"assignment_id": "d836a2d8-ddea-40a5-9bae-677e68bc72b6", "latitude": 4.4578322, "longitude": 97.9955884, "kategori": "A"}, "geometry": {"type": "Point", "coordinates": [97.9955884, 4.4578322]}}, {"type": "Feature", "properties": {"assignment_id": "ea1ff9f0-331c-4006-9600-41b494fe71fb", "latitude": 4.4455066, "longitude": 97.977104, "kategori": "G"}, "geometry": {"type": "Point", "coordinates": [97.977104, 4.4455066]}}, {"type": "Feature", "properties": {"assignment_id": "ebe87052-d708-4494-9e45-cc9916e583e3", "latitude": 4.4431199999999995, "longitude": 97.98584666666666, "kategori": "A"}, "geometry": {"type": "Point", "coordinates": [97.98584666666666, 4.4431199999999995]}}, {"type": "Feature", "properties": {"assignment_id": "542ce1cc-434d-47f3-97dc-8d5000172f72", "latitude": 4.4713649, "longitude": 97.9697231, "kategori": "G"}, "geometry": {"type": "Point", "coordinates": [97.9697231, 4.4713649]}}, {"type": "Feature", "properties": {"assignment_id": "7a45df95-becf-4181-b657-5bb1a39b523c", "latitude": 4.4662922, "longitude": 97.9660999, "kategori": "F"}, "geometry": {"type": "Point", "coordinates": [97.9660999, 4.4662922]}}, {"type": "Feature", "properties": {"assignment_id": "aa19cfa4-c256-45a9-b600-7bb0828f030d", "latitude": 4.4662533, "longitude": 97.942439, "kategori": "G"}, "geometry": {"type": "Point", "coordinates": [97.942439, 4.4662533]}}, {"type": "Feature", "properties": {"assignment_id": "6f77a4e7-b9fd-464a-a7c0-a8207fb2ee9a", "latitude": 4.4738948, "longitude": 97.9718572, "kategori": "G"}, "geometry": {"type": "Point", "coordinates": [97.9718572, 4.4738948]}}, {"type": "Feature", "properties": {"assignment_id": "17141fb0-a5d7-4976-a57e-a417eb848cb6", "latitude": 4.514801669865847, "longitude": 98.01244824193418, "kategori": "G"}, "geometry": {"type": "Point", "coordinates": [98.01244824193418, 4.514801669865847]}}, {"type": "Feature", "properties": {"assignment_id": "306c6aaa-7cb9-4cbf-8c18-fbb6295b0d1d", "latitude": 4.4792885, "longitude": 97.9468305, "kategori": "G"}, "geometry": {"type": "Point", "coordinates": [97.9468305, 4.4792885]}}, {"type": "Feature", "properties": {"assignment_id": "44d4ebbc-53c7-4199-a846-e034615994c7", "latitude": 4.492165, "longitude": 97.97440833333333, "kategori": "G"}, "geometry": {"type": "Point", "coordinates": [97.97440833333333, 4.492165]}}, {"type": "Feature", "properties": {"assignment_id": "59cb27d0-6b54-43db-a994-3d4f8f8086e4", "latitude": 4.44948455, "longitude": 98.01774244, "kategori": "A"}, "geometry": {"type": "Point", "coordinates": [98.01774244, 4.44948455]}}, {"type": "Feature", "properties": {"assignment_id": "5e676491-42a9-4d2c-87e1-e28d24991176", "latitude": 4.44831768, "longitude": 98.02989465, "kategori": "A"}, "geometry": {"type": "Point", "coordinates": [98.02989465, 4.44831768]}}, {"type": "Feature", "properties": {"assignment_id": "781b52cd-c7a3-48e8-bcf1-dc912a2153fc", "latitude": 4.55253215, "longitude": 98.06476211666669, "kategori": "G"}, "geometry": {"type": "Point", "coordinates": [98.06476211666669, 4.55253215]}}, {"type": "Feature", "properties": {"assignment_id": "8a1853f9-c385-4526-a17c-801fbcbf6ede", "latitude": 4.4382894, "longitude": 98.0179438, "kategori": "A"}, "geometry": {"type": "Point", "coordinates": [98.0179438, 4.4382894]}}, {"type": "Feature", "properties": {"assignment_id": "95a27be0-4942-4e55-9e60-2ebd482948e7", "latitude": 4.480906283333334, "longitude": 97.97932091666668, "kategori": "C"}, "geometry": {"type": "Point", "coordinates": [97.97932091666668, 4.480906283333334]}}, {"type": "Feature", "properties": {"assignment_id": "ae1de52a-39be-499c-ae29-10a9a8fcb3d6", "latitude": 4.4641746, "longitude": 97.975436, "kategori": "N"}, "geometry": {"type": "Point", "coordinates": [97.975436, 4.4641746]}}, {"type": "Feature", "properties": {"assignment_id": "ae1de52a-39be-499c-ae29-10a9a8fcb3d6", "latitude": 4.4641746, "longitude": 97.975436, "kategori": "C"}, "geometry": {"type": "Point", "coordinates": [97.975436, 4.4641746]}}, {"type": "Feature", "properties": {"assignment_id": "ae1de52a-39be-499c-ae29-10a9a8fcb3d6", "latitude": 4.4641746, "longitude": 97.975436, "kategori": "F"}, "geometry": {"type": "Point", "coordinates": [97.975436, 4.4641746]}}, {"type": "Feature", "properties": {"assignment_id": "ee14f3e2-887f-47c3-b773-c23abb75b490", "latitude": 4.4390211, "longitude": 98.0172408, "kategori": "A"}, "geometry": {"type": "Point", "coordinates": [98.0172408, 4.4390211]}}, {"type": "Feature", "properties": {"assignment_id": "ee14f3e2-887f-47c3-b773-c23abb75b490", "latitude": 4.4390211, "longitude": 98.0172408, "kategori": "C"}, "geometry": {"type": "Point", "coordinates": [98.0172408, 4.4390211]}}, {"type": "Feature", "properties": {"assignment_id": "ff0819de-a3fe-4c88-8426-abd15f3f100c", "latitude": 4.4925073, "longitude": 97.9531251, "kategori": "C"}, "geometry": {"type": "Point", "coordinates": [97.9531251, 4.4925073]}}, {"type": "Feature", "properties": {"assignment_id": "65def234-7a74-4f5a-8f49-42470915cafd", "latitude": 4.4619242, "longitude": 97.9399101, "kategori": "C"}, "geometry": {"type": "Point", "coordinates": [97.9399101, 4.4619242]}}, {"type": "Feature", "properties": {"assignment_id": "7d7087a5-eae0-4c63-ac88-0ddc157e6304", "latitude": 4.4713817, "longitude": 97.9697073, "kategori": "G"}, "geometry": {"type": "Point", "coordinates": [97.9697073, 4.4713817]}}, {"type": "Feature", "properties": {"assignment_id": "f0e588d1-2322-4f25-b766-e8618cb7333f", "latitude": 4.4787007, "longitude": 97.9816814, "kategori": "A"}, "geometry": {"type": "Point", "coordinates": [97.9816814, 4.4787007]}}, {"type": "Feature", "properties": {"assignment_id": "b561c826-b160-4671-8835-3116bd964b77", "latitude": 4.457601666666666, "longitude": 97.98436166666667, "kategori": "A"}, "geometry": {"type": "Point", "coordinates": [97.98436166666667, 4.457601666666666]}}, {"type": "Feature", "properties": {"assignment_id": "096608c1-c84e-450f-bcbe-42c93ee809db", "latitude": 4.52863165, "longitude": 97.93209744, "kategori": "A"}, "geometry": {"type": "Point", "coordinates": [97.93209744, 4.52863165]}}, {"type": "Feature", "properties": {"assignment_id": "4200f255-f58b-4814-8aac-ded89b29857e", "latitude": 4.4237075, "longitude": 98.0251553, "kategori": "A"}, "geometry": {"type": "Point", "coordinates": [98.0251553, 4.4237075]}}, {"type": "Feature", "properties": {"assignment_id": "4ceb0123-b7a7-4f35-8695-01a7a22e177a", "latitude": 4.4722017, "longitude": 97.9767417, "kategori": "G"}, "geometry": {"type": "Point", "coordinates": [97.9767417, 4.4722017]}}, {"type": "Feature", "properties": {"assignment_id": "6211e60c-0419-4ce1-9e20-c3bd487ae193", "latitude": 4.4863161, "longitude": 97.9586414, "kategori": "G"}, "geometry": {"type": "Point", "coordinates": [97.9586414, 4.4863161]}}, {"type": "Feature", "properties": {"assignment_id": "74a87378-9587-43af-8afd-7208e82623ab", "latitude": 4.4802256, "longitude": 97.97617787, "kategori": "G"}, "geometry": {"type": "Point", "coordinates": [97.97617787, 4.4802256]}}, {"type": "Feature", "properties": {"assignment_id": "947f26a4-ffee-4d3c-8522-8e308d7da178", "latitude": 4.47156641, "longitude": 97.96013009, "kategori": "G"}, "geometry": {"type": "Point", "coordinates": [97.96013009, 4.47156641]}}, {"type": "Feature", "properties": {"assignment_id": "ebbd6a2e-c52f-4819-8458-0b587597ba80", "latitude": 4.5527678, "longitude": 98.0653018, "kategori": "G"}, "geometry": {"type": "Point", "coordinates": [98.0653018, 4.5527678]}}, {"type": "Feature", "properties": {"assignment_id": "478a7919-8f67-4a7e-ba95-e282d8ab21f5", "latitude": 4.4724151, "longitude": 97.9352546, "kategori": "G"}, "geometry": {"type": "Point", "coordinates": [97.9352546, 4.4724151]}}, {"type": "Feature", "properties": {"assignment_id": "75eeaea2-8db6-4d1d-98ca-6f54c99c4ec4", "latitude": 4.4684754, "longitude": 97.9760158, "kategori": "G"}, "geometry": {"type": "Point", "coordinates": [97.9760158, 4.4684754]}}, {"type": "Feature", "properties": {"assignment_id": "ae21b7e5-bc1a-4075-8ede-949476dfac57", "latitude": 4.479915, "longitude": 97.96947, "kategori": "G"}, "geometry": {"type": "Point", "coordinates": [97.96947, 4.479915]}}, {"type": "Feature", "properties": {"assignment_id": "cc00fe46-2de1-4892-a6cd-de049bf6b60d", "latitude": 4.4605365, "longitude": 98.0029578, "kategori": "A"}, "geometry": {"type": "Point", "coordinates": [98.0029578, 4.4605365]}}, {"type": "Feature", "properties": {"assignment_id": "10f8cc43-42ba-4030-b2ec-7202c968cac0", "latitude": 4.4808264, "longitude": 97.944504, "kategori": "G"}, "geometry": {"type": "Point", "coordinates": [97.944504, 4.4808264]}}, {"type": "Feature", "properties": {"assignment_id": "598cab2d-593c-4f29-91c1-1572b0feb719", "latitude": 4.451215, "longitude": 98.0124367, "kategori": "C"}, "geometry": {"type": "Point", "coordinates": [98.0124367, 4.451215]}}, {"type": "Feature", "properties": {"assignment_id": "0a7489b4-3eb7-4faa-90bd-5777a7e943f6", "latitude": 4.4581381, "longitude": 97.9942005, "kategori": "A"}, "geometry": {"type": "Point", "coordinates": [97.9942005, 4.4581381]}}, {"type": "Feature", "properties": {"assignment_id": "23894e0c-ed1e-4d42-887b-8ad9d1f76757", "latitude": 4.4432216, "longitude": 98.0138352, "kategori": "A"}, "geometry": {"type": "Point", "coordinates": [98.0138352, 4.4432216]}}, {"type": "Feature", "properties": {"assignment_id": "55920d3f-cf50-4158-b1a8-227270e9f6f3", "latitude": 4.466987, "longitude": 97.9748125, "kategori": "G"}, "geometry": {"type": "Point", "coordinates": [97.9748125, 4.466987]}}, {"type": "Feature", "properties": {"assignment_id": "7b7f4c4d-b5f8-4673-8a90-5ea51ad48df1", "latitude": 4.42409, "longitude": 98.023875, "kategori": "A"}, "geometry": {"type": "Point", "coordinates": [98.023875, 4.42409]}}, {"type": "Feature", "properties": {"assignment_id": "80556355-4a06-4833-81f2-eb97b4bf4615", "latitude": 4.4732059, "longitude": 97.964231, "kategori": "C"}, "geometry": {"type": "Point", "coordinates": [97.964231, 4.4732059]}}, {"type": "Feature", "properties": {"assignment_id": "ab989a09-1f7e-4806-8936-cf2559905bb8", "latitude": 4.466829439625144, "longitude": 97.96270441263914, "kategori": "C"}, "geometry": {"type": "Point", "coordinates": [97.96270441263914, 4.466829439625144]}}, {"type": "Feature", "properties": {"assignment_id": "c14a02f8-c036-4a7e-a607-4c512d20e1d0", "latitude": 4.4910657, "longitude": 97.9718001, "kategori": "A"}, "geometry": {"type": "Point", "coordinates": [97.9718001, 4.4910657]}}, {"type": "Feature", "properties": {"assignment_id": "ce5476b4-d508-4d03-9952-6450469d5d55", "latitude": 4.4812612, "longitude": 97.9447432, "kategori": "A"}, "geometry": {"type": "Point", "coordinates": [97.9447432, 4.4812612]}}, {"type": "Feature", "properties": {"assignment_id": "eb28bd1b-a372-4462-a20e-0f4991b5d6cf", "latitude": 4.4350577, "longitude": 97.9882192, "kategori": "A"}, "geometry": {"type": "Point", "coordinates": [97.9882192, 4.4350577]}}, {"type": "Feature", "properties": {"assignment_id": "ee1792a2-8a08-44ad-9ac4-6364a38d6316", "latitude": 4.471803333333333, "longitude": 97.95738333333333, "kategori": "C"}, "geometry": {"type": "Point", "coordinates": [97.95738333333333, 4.471803333333333]}}, {"type": "Feature", "properties": {"assignment_id": "ee1792a2-8a08-44ad-9ac4-6364a38d6316", "latitude": 4.471803333333333, "longitude": 97.95738333333333, "kategori": "G"}, "geometry": {"type": "Point", "coordinates": [97.95738333333333, 4.471803333333333]}}, {"type": "Feature", "properties": {"assignment_id": "f8250f4a-bad7-4db9-a04f-eedf1badd32b", "latitude": 4.4828142, "longitude": 97.9605051, "kategori": "G"}, "geometry": {"type": "Point", "coordinates": [97.9605051, 4.4828142]}}, {"type": "Feature", "properties": {"assignment_id": "6b47a156-26c5-43ad-bd21-c9c3399c291f", "latitude": 4.4769869, "longitude": 97.9743939, "kategori": "G"}, "geometry": {"type": "Point", "coordinates": [97.9743939, 4.4769869]}}, {"type": "Feature", "properties": {"assignment_id": "4576d45c-8d4a-43de-9243-a1e9fa17f284", "latitude": 4.4449914, "longitude": 97.9874116, "kategori": "A"}, "geometry": {"type": "Point", "coordinates": [97.9874116, 4.4449914]}}, {"type": "Feature", "properties": {"assignment_id": "9d889b89-663b-4719-b171-11395ae9ea30", "latitude": 4.440476666666667, "longitude": 97.98837499999999, "kategori": "A"}, "geometry": {"type": "Point", "coordinates": [97.98837499999999, 4.440476666666667]}}, {"type": "Feature", "properties": {"assignment_id": "aed42728-d66a-48b5-a7d3-d4b22688bdb0", "latitude": 4.47196168, "longitude": 97.98011775, "kategori": "A"}, "geometry": {"type": "Point", "coordinates": [97.98011775, 4.47196168]}}, {"type": "Feature", "properties": {"assignment_id": "c04402b5-8db7-4b60-8bfb-26113b9b6697", "latitude": 4.47089123, "longitude": 97.96263411, "kategori": "G"}, "geometry": {"type": "Point", "coordinates": [97.96263411, 4.47089123]}}, {"type": "Feature", "properties": {"assignment_id": "cf15da9c-e5ed-43a6-8b7a-bc4662dba254", "latitude": 4.45823704, "longitude": 97.99413445, "kategori": "A"}, "geometry": {"type": "Point", "coordinates": [97.99413445, 4.45823704]}}, {"type": "Feature", "properties": {"assignment_id": "726676b2-55af-46fc-9c37-a244c2e93c77", "latitude": 4.48138139, "longitude": 97.97502576, "kategori": "C"}, "geometry": {"type": "Point", "coordinates": [97.97502576, 4.48138139]}}, {"type": "Feature", "properties": {"assignment_id": "7a8e565f-7d14-4bec-a41f-b16820e3021b", "latitude": 4.439739733333334, "longitude": 97.93625706666666, "kategori": "A"}, "geometry": {"type": "Point", "coordinates": [97.93625706666666, 4.439739733333334]}}, {"type": "Feature", "properties": {"assignment_id": "0079092a-e877-4728-baee-aded3407e3f4", "latitude": 4.4710304, "longitude": 97.9828301, "kategori": "C"}, "geometry": {"type": "Point", "coordinates": [97.9828301, 4.4710304]}}, {"type": "Feature", "properties": {"assignment_id": "40cd5af2-38fc-4c36-b845-69f85d88f4dc", "latitude": 4.4332708, "longitude": 98.0402453, "kategori": "A"}, "geometry": {"type": "Point", "coordinates": [98.0402453, 4.4332708]}}, {"type": "Feature", "properties": {"assignment_id": "6c405f09-7fe2-44b9-985f-8ad28a070fe3", "latitude": 4.4412189, "longitude": 97.9753244, "kategori": "C"}, "geometry": {"type": "Point", "coordinates": [97.9753244, 4.4412189]}}, {"type": "Feature", "properties": {"assignment_id": "79aa3bca-bdb5-44ef-9630-40a6884d0444", "latitude": 4.47341632, "longitude": 97.97560798, "kategori": "C"}, "geometry": {"type": "Point", "coordinates": [97.97560798, 4.47341632]}}, {"type": "Feature", "properties": {"assignment_id": "8dc8053e-3647-4b2b-bd7c-d3d9a328ea5b", "latitude": 4.4322333, "longitude": 98.0216433, "kategori": "A"}, "geometry": {"type": "Point", "coordinates": [98.0216433, 4.4322333]}}, {"type": "Feature", "properties": {"assignment_id": "b7c2b64a-a507-46df-b2f2-5dcc3cc27739", "latitude": 4.467281666666667, "longitude": 97.93254833333334, "kategori": "Q"}, "geometry": {"type": "Point", "coordinates": [97.93254833333334, 4.467281666666667]}}, {"type": "Feature", "properties": {"assignment_id": "c5320434-3b23-47fa-90fc-3e8030dadcd7", "latitude": 4.4415659, "longitude": 98.0153979, "kategori": "A"}, "geometry": {"type": "Point", "coordinates": [98.0153979, 4.4415659]}}, {"type": "Feature", "properties": {"assignment_id": "ef9d9618-15f4-4177-9470-95651085079c", "latitude": 4.4856047, "longitude": 97.9610752, "kategori": "C"}, "geometry": {"type": "Point", "coordinates": [97.9610752, 4.4856047]}}, {"type": "Feature", "properties": {"assignment_id": "d4d7ace4-5c0d-4e5d-b1a8-6b6f268e6c44", "latitude": 4.4530769999999995, "longitude": 98.01478245000001, "kategori": "A"}, "geometry": {"type": "Point", "coordinates": [98.01478245000001, 4.4530769999999995]}}, {"type": "Feature", "properties": {"assignment_id": "bdc51bc7-dbb6-4476-bc7d-6f2cbb7b10c9", "latitude": 4.47703589, "longitude": 97.97098436, "kategori": "C"}, "geometry": {"type": "Point", "coordinates": [97.97098436, 4.47703589]}}, {"type": "Feature", "properties": {"assignment_id": "0bd80f9f-d082-4c8f-bbc9-84fca462f369", "latitude": 4.4286693, "longitude": 98.0242948, "kategori": "A"}, "geometry": {"type": "Point", "coordinates": [98.0242948, 4.4286693]}}, {"type": "Feature", "properties": {"assignment_id": "0e8fe7a5-cfec-40c8-9d23-3fb41dafbc66", "latitude": 4.4942028, "longitude": 97.953318, "kategori": "A"}, "geometry": {"type": "Point", "coordinates": [97.953318, 4.4942028]}}, {"type": "Feature", "properties": {"assignment_id": "13ad9005-8a44-4ab8-a0dc-d4ace910843a", "latitude": 4.4928052, "longitude": 97.9662522, "kategori": "A"}, "geometry": {"type": "Point", "coordinates": [97.9662522, 4.4928052]}}, {"type": "Feature", "properties": {"assignment_id": "24716c34-7a17-4a45-acb2-ef650d38ffba", "latitude": 4.4637781, "longitude": 97.9419066, "kategori": "C"}, "geometry": {"type": "Point", "coordinates": [97.9419066, 4.4637781]}}, {"type": "Feature", "properties": {"assignment_id": "45c16511-1b12-438c-a86b-3687afcb774e", "latitude": 4.455828583333333, "longitude": 98.00740271666668, "kategori": "G"}, "geometry": {"type": "Point", "coordinates": [98.00740271666668, 4.455828583333333]}}, {"type": "Feature", "properties": {"assignment_id": "74b1c64d-29d8-411e-9a49-cdd5105a0dd5", "latitude": 4.500166666666667, "longitude": 97.96081000000001, "kategori": "Q"}, "geometry": {"type": "Point", "coordinates": [97.96081000000001, 4.500166666666667]}}, {"type": "Feature", "properties": {"assignment_id": "9d7d2cc9-323c-420f-b84d-6cbaaab88653", "latitude": 4.503908333333333, "longitude": 98.00969333333333, "kategori": "O"}, "geometry": {"type": "Point", "coordinates": [98.00969333333333, 4.503908333333333]}}, {"type": "Feature", "properties": {"assignment_id": "b7ee2696-5156-44ea-ad79-0b8e3bf10c5c", "latitude": 4.43939, "longitude": 98.00202499999999, "kategori": "A"}, "geometry": {"type": "Point", "coordinates": [98.00202499999999, 4.43939]}}, {"type": "Feature", "properties": {"assignment_id": "e15bd392-e064-4fbb-920a-849693b17b59", "latitude": 4.4587603, "longitude": 97.9977623, "kategori": "A"}, "geometry": {"type": "Point", "coordinates": [97.9977623, 4.4587603]}}, {"type": "Feature", "properties": {"assignment_id": "ea4bfaa6-9eda-4364-923a-20552a874c34", "latitude": 4.4788928, "longitude": 97.9815363, "kategori": "A"}, "geometry": {"type": "Point", "coordinates": [97.9815363, 4.4788928]}}, {"type": "Feature", "properties": {"assignment_id": "ea4bfaa6-9eda-4364-923a-20552a874c34", "latitude": 4.4788928, "longitude": 97.9815363, "kategori": "G"}, "geometry": {"type": "Point", "coordinates": [97.9815363, 4.4788928]}}, {"type": "Feature", "properties": {"assignment_id": "f24de66c-4287-42e6-b72b-243bdc25b9b6", "latitude": 4.48362878523767, "longitude": 97.97102387063205, "kategori": "G"}, "geometry": {"type": "Point", "coordinates": [97.97102387063205, 4.48362878523767]}}, {"type": "Feature", "properties": {"assignment_id": "fdf58fa3-0301-41d9-98df-86e2d7b9134d", "latitude": 4.4752038, "longitude": 97.967269, "kategori": "A"}, "geometry": {"type": "Point", "coordinates": [97.967269, 4.4752038]}}, {"type": "Feature", "properties": {"assignment_id": "261652a8-6e17-4ab5-8bf4-a7f1c14ac742", "latitude": 4.450316466666666, "longitude": 97.97395216666668, "kategori": "A"}, "geometry": {"type": "Point", "coordinates": [97.97395216666668, 4.450316466666666]}}, {"type": "Feature", "properties": {"assignment_id": "5788bb43-dbc8-4244-a4ae-0a590f800e10", "latitude": 4.46992457, "longitude": 97.97387382, "kategori": "G"}, "geometry": {"type": "Point", "coordinates": [97.97387382, 4.46992457]}}, {"type": "Feature", "properties": {"assignment_id": "7db8f51e-654c-4a22-a226-f13e3fc97ecf", "latitude": 4.4886753, "longitude": 97.9598577, "kategori": "A"}, "geometry": {"type": "Point", "coordinates": [97.9598577, 4.4886753]}}, {"type": "Feature", "properties": {"assignment_id": "7db8f51e-654c-4a22-a226-f13e3fc97ecf", "latitude": 4.4886753, "longitude": 97.9598577, "kategori": "C"}, "geometry": {"type": "Point", "coordinates": [97.9598577, 4.4886753]}}, {"type": "Feature", "properties": {"assignment_id": "0a9c32c4-0ded-4650-b69d-311e8650226f", "latitude": 4.4560948, "longitude": 98.0061264, "kategori": "A"}, "geometry": {"type": "Point", "coordinates": [98.0061264, 4.4560948]}}, {"type": "Feature", "properties": {"assignment_id": "0a9c32c4-0ded-4650-b69d-311e8650226f", "latitude": 4.4560948, "longitude": 98.0061264, "kategori": "C"}, "geometry": {"type": "Point", "coordinates": [98.0061264, 4.4560948]}}, {"type": "Feature", "properties": {"assignment_id": "0c1b91a9-80fa-49a5-9cc6-78166b49bf6d", "latitude": 4.45796769, "longitude": 97.99717819, "kategori": "A"}, "geometry": {"type": "Point", "coordinates": [97.99717819, 4.45796769]}}, {"type": "Feature", "properties": {"assignment_id": "3c0cbfb2-1b24-4599-ac8e-25c73fb1ac6c", "latitude": 4.438156666666667, "longitude": 98.00213666666666, "kategori": "A"}, "geometry": {"type": "Point", "coordinates": [98.00213666666666, 4.438156666666667]}}, {"type": "Feature", "properties": {"assignment_id": "43d7daf3-15bf-4d29-9f03-3ef28d691252", "latitude": 4.466667, "longitude": 97.9393127, "kategori": "A"}, "geometry": {"type": "Point", "coordinates": [97.9393127, 4.466667]}}, {"type": "Feature", "properties": {"assignment_id": "796982f0-c9f9-4e3d-9e38-6d9523248216", "latitude": 4.4339233, "longitude": 98.0412467, "kategori": "A"}, "geometry": {"type": "Point", "coordinates": [98.0412467, 4.4339233]}}, {"type": "Feature", "properties": {"assignment_id": "796982f0-c9f9-4e3d-9e38-6d9523248216", "latitude": 4.4339233, "longitude": 98.0412467, "kategori": "C"}, "geometry": {"type": "Point", "coordinates": [98.0412467, 4.4339233]}}, {"type": "Feature", "properties": {"assignment_id": "901dd0d9-98aa-4e59-9972-c3d1a9cccbff", "latitude": 4.4768805, "longitude": 97.9823081, "kategori": "C"}, "geometry": {"type": "Point", "coordinates": [97.9823081, 4.4768805]}}, {"type": "Feature", "properties": {"assignment_id": "acde031f-38db-4043-b506-f41fdd12a77a", "latitude": 4.441752683333333, "longitude": 98.01400829999999, "kategori": "A"}, "geometry": {"type": "Point", "coordinates": [98.01400829999999, 4.441752683333333]}}, {"type": "Feature", "properties": {"assignment_id": "d8055c3e-35df-4fc2-b716-3f19c29b77ce", "latitude": 4.4365719, "longitude": 97.9899629, "kategori": "G"}, "geometry": {"type": "Point", "coordinates": [97.9899629, 4.4365719]}}, {"type": "Feature", "properties": {"assignment_id": "d86446f8-985b-4429-afc4-2771f1cafa16", "latitude": 4.46884611, "longitude": 97.98310339, "kategori": "A"}, "geometry": {"type": "Point", "coordinates": [97.98310339, 4.46884611]}}, {"type": "Feature", "properties": {"assignment_id": "e17438f2-9764-4a05-a134-c98a03b3d339", "latitude": 4.4650045, "longitude": 97.976286, "kategori": "G"}, "geometry": {"type": "Point", "coordinates": [97.976286, 4.4650045]}}, {"type": "Feature", "properties": {"assignment_id": "e47ba5f9-d34e-4895-9755-eb0d7352fc8c", "latitude": 4.4795437, "longitude": 97.9746598, "kategori": "C"}, "geometry": {"type": "Point", "coordinates": [97.9746598, 4.4795437]}}, {"type": "Feature", "properties": {"assignment_id": "ec7932e9-93d0-4ffb-8dd8-1959ef01caa9", "latitude": 4.4710553, "longitude": 97.9762433, "kategori": "R"}, "geometry": {"type": "Point", "coordinates": [97.9762433, 4.4710553]}}, {"type": "Feature", "properties": {"assignment_id": "41418f92-5558-4ce1-af12-43da59602c4e", "latitude": 4.4703738, "longitude": 97.9710661, "kategori": "G"}, "geometry": {"type": "Point", "coordinates": [97.9710661, 4.4703738]}}, {"type": "Feature", "properties": {"assignment_id": "4e368f5b-ce19-4d78-9f8a-f959210218f1", "latitude": 4.4646319, "longitude": 97.9668917, "kategori": "G"}, "geometry": {"type": "Point", "coordinates": [97.9668917, 4.4646319]}}, {"type": "Feature", "properties": {"assignment_id": "71e6307d-ed53-4837-9b82-53ebffba9ea5", "latitude": 4.4674914, "longitude": 97.9418638, "kategori": "G"}, "geometry": {"type": "Point", "coordinates": [97.9418638, 4.4674914]}}, {"type": "Feature", "properties": {"assignment_id": "2453e7c9-ca30-4662-9456-0367b2a083c8", "latitude": 4.4413488, "longitude": 97.9873198, "kategori": "C"}, "geometry": {"type": "Point", "coordinates": [97.9873198, 4.4413488]}}, {"type": "Feature", "properties": {"assignment_id": "08403d24-dbe3-4c83-8707-dbd74ad0bf9d", "latitude": 4.5355438, "longitude": 97.9280898, "kategori": "C"}, "geometry": {"type": "Point", "coordinates": [97.9280898, 4.5355438]}}, {"type": "Feature", "properties": {"assignment_id": "3aab8fc2-c13e-4dab-99eb-bad939585611", "latitude": 4.4668, "longitude": 97.94196833333332, "kategori": "A"}, "geometry": {"type": "Point", "coordinates": [97.94196833333332, 4.4668]}}, {"type": "Feature", "properties": {"assignment_id": "442ceb1c-b173-4d48-9ae1-a23d04dba468", "latitude": 4.464736666666667, "longitude": 97.97172833333335, "kategori": "G"}, "geometry": {"type": "Point", "coordinates": [97.97172833333335, 4.464736666666667]}}, {"type": "Feature", "properties": {"assignment_id": "7d26d4bd-d0be-4d4d-bc80-717662b1a816", "latitude": 4.4545651, "longitude": 97.9810018, "kategori": "A"}, "geometry": {"type": "Point", "coordinates": [97.9810018, 4.4545651]}}, {"type": "Feature", "properties": {"assignment_id": "7d26d4bd-d0be-4d4d-bc80-717662b1a816", "latitude": 4.4545651, "longitude": 97.9810018, "kategori": "H"}, "geometry": {"type": "Point", "coordinates": [97.9810018, 4.4545651]}}, {"type": "Feature", "properties": {"assignment_id": "cad2cf1b-00d1-49ac-88b6-5b89f2a323b2", "latitude": 4.4611921, "longitude": 97.9898284, "kategori": "A"}, "geometry": {"type": "Point", "coordinates": [97.9898284, 4.4611921]}}, {"type": "Feature", "properties": {"assignment_id": "d3bbc11c-5869-4778-99e7-2c97bfc3f80f", "latitude": 4.4370697, "longitude": 98.0156245, "kategori": "A"}, "geometry": {"type": "Point", "coordinates": [98.0156245, 4.4370697]}}, {"type": "Feature", "properties": {"assignment_id": "04f04c8f-e832-43b0-bd76-cc5c55a21312", "latitude": 4.441701666666666, "longitude": 97.990235, "kategori": "A"}, "geometry": {"type": "Point", "coordinates": [97.990235, 4.441701666666666]}}, {"type": "Feature", "properties": {"assignment_id": "68a76081-b5dc-4b3e-bbf0-105d8408ab7b", "latitude": 4.466983, "longitude": 97.9625671, "kategori": "G"}, "geometry": {"type": "Point", "coordinates": [97.9625671, 4.466983]}}, {"type": "Feature", "properties": {"assignment_id": "6ede036d-684d-4886-8190-fd0db3729c69", "latitude": 4.4765786, "longitude": 97.9805523, "kategori": "C"}, "geometry": {"type": "Point", "coordinates": [97.9805523, 4.4765786]}}, {"type": "Feature", "properties": {"assignment_id": "813f29bd-d1cd-41df-99fb-f422ef2d6c0d", "latitude": 4.44847235, "longitude": 98.02941281, "kategori": "A"}, "geometry": {"type": "Point", "coordinates": [98.02941281, 4.44847235]}}, {"type": "Feature", "properties": {"assignment_id": "95d6a245-3de6-486c-8799-42d49d9b8421", "latitude": 4.4910969, "longitude": 97.9603281, "kategori": "C"}, "geometry": {"type": "Point", "coordinates": [97.9603281, 4.4910969]}}, {"type": "Feature", "properties": {"assignment_id": "9d769c9a-ef22-449e-96f8-21473771b7b5", "latitude": 4.45839599, "longitude": 97.99170596, "kategori": "A"}, "geometry": {"type": "Point", "coordinates": [97.99170596, 4.45839599]}}, {"type": "Feature", "properties": {"assignment_id": "2a2161e5-417b-4073-a518-d7d03f6515a8", "latitude": 4.471711, "longitude": 97.9706285, "kategori": "G"}, "geometry": {"type": "Point", "coordinates": [97.9706285, 4.471711]}}, {"type": "Feature", "properties": {"assignment_id": "d53eebc7-bd26-44bc-8037-947598ddeb44", "latitude": 4.480155, "longitude": 97.98232000000002, "kategori": "G"}, "geometry": {"type": "Point", "coordinates": [97.98232000000002, 4.480155]}}, {"type": "Feature", "properties": {"assignment_id": "0070d8d2-73d2-4250-bb93-49f2de027cb8", "latitude": 4.5095717, "longitude": 97.94072, "kategori": "A"}, "geometry": {"type": "Point", "coordinates": [97.94072, 4.5095717]}}, {"type": "Feature", "properties": {"assignment_id": "86008128-cc73-46d5-9b2b-69866df2bcf0", "latitude": 4.5079615, "longitude": 97.9439027, "kategori": "A"}, "geometry": {"type": "Point", "coordinates": [97.9439027, 4.5079615]}}, {"type": "Feature", "properties": {"assignment_id": "a4af071e-18b0-416c-bbd2-023cb1899e54", "latitude": 4.4713668, "longitude": 97.9697101, "kategori": "G"}, "geometry": {"type": "Point", "coordinates": [97.9697101, 4.4713668]}}, {"type": "Feature", "properties": {"assignment_id": "fed1edcf-cc0e-4c1f-9473-ab84eb95d4b4", "latitude": 4.48792625, "longitude": 97.97013496666665, "kategori": "A"}, "geometry": {"type": "Point", "coordinates": [97.97013496666665, 4.48792625]}}, {"type": "Feature", "properties": {"assignment_id": "5ad96512-9a22-4c4f-a912-3abb21eb66aa", "latitude": 4.4402484, "longitude": 98.0129574, "kategori": "A"}, "geometry": {"type": "Point", "coordinates": [98.0129574, 4.4402484]}}, {"type": "Feature", "properties": {"assignment_id": "77b98b3f-7e15-4410-8352-95347a5d4596", "latitude": 4.4710031, "longitude": 97.9357891, "kategori": "G"}, "geometry": {"type": "Point", "coordinates": [97.9357891, 4.4710031]}}, {"type": "Feature", "properties": {"assignment_id": "7df091f0-8a15-4e57-b401-7a1e68ec10fa", "latitude": 4.454585, "longitude": 97.98638448, "kategori": "G"}, "geometry": {"type": "Point", "coordinates": [97.98638448, 4.454585]}}, {"type": "Feature", "properties": {"assignment_id": "e7340d40-2a76-4cee-bf9f-078c0c84264b", "latitude": 4.481135, "longitude": 97.98236666666665, "kategori": "G"}, "geometry": {"type": "Point", "coordinates": [97.98236666666665, 4.481135]}}, {"type": "Feature", "properties": {"assignment_id": "043188c2-4de1-4f79-91d2-faf5b17cfb5f", "latitude": 4.44053, "longitude": 98.001905, "kategori": "A"}, "geometry": {"type": "Point", "coordinates": [98.001905, 4.44053]}}, {"type": "Feature", "properties": {"assignment_id": "3895534a-2af3-4a7d-b609-fa3b8e818ace", "latitude": 4.4943951, "longitude": 97.9749559, "kategori": "A"}, "geometry": {"type": "Point", "coordinates": [97.9749559, 4.4943951]}}, {"type": "Feature", "properties": {"assignment_id": "3895534a-2af3-4a7d-b609-fa3b8e818ace", "latitude": 4.4943951, "longitude": 97.9749559, "kategori": "C"}, "geometry": {"type": "Point", "coordinates": [97.9749559, 4.4943951]}}, {"type": "Feature", "properties": {"assignment_id": "6d419efd-8c5e-453b-a744-49ebd22d05a9", "latitude": 4.4404913, "longitude": 97.973663, "kategori": "A"}, "geometry": {"type": "Point", "coordinates": [97.973663, 4.4404913]}}, {"type": "Feature", "properties": {"assignment_id": "a0698eac-74ac-4be7-a616-0f9548be8a59", "latitude": 4.477343, "longitude": 97.9729078, "kategori": "G"}, "geometry": {"type": "Point", "coordinates": [97.9729078, 4.477343]}}, {"type": "Feature", "properties": {"assignment_id": "b3bf0305-02b9-4f3a-8dab-8faf8802f911", "latitude": 4.44646013, "longitude": 98.03027889, "kategori": "C"}, "geometry": {"type": "Point", "coordinates": [98.03027889, 4.44646013]}}, {"type": "Feature", "properties": {"assignment_id": "f93e49ba-bd7f-4e89-823a-f8e741865c72", "latitude": 4.433983333333333, "longitude": 98.00746666666667, "kategori": "A"}, "geometry": {"type": "Point", "coordinates": [98.00746666666667, 4.433983333333333]}}, {"type": "Feature", "properties": {"assignment_id": "db58bfb3-4105-4947-89c0-90cced1c2d07", "latitude": 4.471315433333333, "longitude": 97.93816163333334, "kategori": "G"}, "geometry": {"type": "Point", "coordinates": [97.93816163333334, 4.471315433333333]}}, {"type": "Feature", "properties": {"assignment_id": "1be82b8e-cf12-4fb3-9c2c-faa64f18e19d", "latitude": 4.4964866, "longitude": 97.9735952, "kategori": "G"}, "geometry": {"type": "Point", "coordinates": [97.9735952, 4.4964866]}}, {"type": "Feature", "properties": {"assignment_id": "20807961-f37b-4fe9-aa47-976228557f71", "latitude": 4.465245, "longitude": 97.9548461, "kategori": "G"}, "geometry": {"type": "Point", "coordinates": [97.9548461, 4.465245]}}, {"type": "Feature", "properties": {"assignment_id": "7f91d92f-4881-4f10-825a-a279df056f4e", "latitude": 4.4760981, "longitude": 97.9751506, "kategori": "A"}, "geometry": {"type": "Point", "coordinates": [97.9751506, 4.4760981]}}, {"type": "Feature", "properties": {"assignment_id": "91c5ceb3-308b-4923-86f2-9b5caff5c0cf", "latitude": 4.453782966666666, "longitude": 98.01141091666665, "kategori": "A"}, "geometry": {"type": "Point", "coordinates": [98.01141091666665, 4.453782966666666]}}, {"type": "Feature", "properties": {"assignment_id": "9e3a8343-29a1-4a32-9a89-d6931508abbf", "latitude": 4.475425, "longitude": 97.98051666666667, "kategori": "C"}, "geometry": {"type": "Point", "coordinates": [97.98051666666667, 4.475425]}}, {"type": "Feature", "properties": {"assignment_id": "9f083ed6-b67b-4ad5-b126-16bc7354fa55", "latitude": 4.508575, "longitude": 97.9437711, "kategori": "A"}, "geometry": {"type": "Point", "coordinates": [97.9437711, 4.508575]}}, {"type": "Feature", "properties": {"assignment_id": "a58812bc-4cbe-4d65-958c-dd00180097ce", "latitude": 4.4615873, "longitude": 97.9770965, "kategori": "F"}, "geometry": {"type": "Point", "coordinates": [97.9770965, 4.4615873]}}, {"type": "Feature", "properties": {"assignment_id": "e8a6f579-e620-4f32-bad2-cbd91574e884", "latitude": 4.45822, "longitude": 97.97166166666666, "kategori": "Q"}, "geometry": {"type": "Point", "coordinates": [97.97166166666666, 4.45822]}}, {"type": "Feature", "properties": {"assignment_id": "4938cfcf-a1ed-4e91-bae8-4984b53c11cc", "latitude": 4.4785857, "longitude": 97.9462832, "kategori": "A"}, "geometry": {"type": "Point", "coordinates": [97.9462832, 4.4785857]}}, {"type": "Feature", "properties": {"assignment_id": "4e847865-7f8d-4653-8ce7-6f1c868f2246", "latitude": 4.4285908, "longitude": 98.0244548, "kategori": "A"}, "geometry": {"type": "Point", "coordinates": [98.0244548, 4.4285908]}}, {"type": "Feature", "properties": {"assignment_id": "58995371-9431-44e2-ad5d-0e9ea32ac326", "latitude": 4.4613002, "longitude": 97.9745494, "kategori": "G"}, "geometry": {"type": "Point", "coordinates": [97.9745494, 4.4613002]}}, {"type": "Feature", "properties": {"assignment_id": "7f1e1282-85d7-4e07-9def-e32217146ae1", "latitude": 4.4768143, "longitude": 97.9655296, "kategori": "G"}, "geometry": {"type": "Point", "coordinates": [97.9655296, 4.4768143]}}, {"type": "Feature", "properties": {"assignment_id": "370058ba-8255-423e-9a25-59e9cccedbe4", "latitude": 4.486247433333333, "longitude": 97.96450103333333, "kategori": "A"}, "geometry": {"type": "Point", "coordinates": [97.96450103333333, 4.486247433333333]}}, {"type": "Feature", "properties": {"assignment_id": "370058ba-8255-423e-9a25-59e9cccedbe4", "latitude": 4.486247433333333, "longitude": 97.96450103333333, "kategori": "F"}, "geometry": {"type": "Point", "coordinates": [97.96450103333333, 4.486247433333333]}}, {"type": "Feature", "properties": {"assignment_id": "a2ca5445-b134-4542-951b-baabe8262fe3", "latitude": 4.5299113, "longitude": 97.9351995, "kategori": "G"}, "geometry": {"type": "Point", "coordinates": [97.9351995, 4.5299113]}}, {"type": "Feature", "properties": {"assignment_id": "c0ab2a9b-8a31-4d29-8aea-6111cb474e86", "latitude": 4.4350733, "longitude": 98.0218717, "kategori": "A"}, "geometry": {"type": "Point", "coordinates": [98.0218717, 4.4350733]}}, {"type": "Feature", "properties": {"assignment_id": "c7e4a158-120c-4c68-908c-929495dc6ee5", "latitude": 4.4642241, "longitude": 97.9554905, "kategori": "A"}, "geometry": {"type": "Point", "coordinates": [97.9554905, 4.4642241]}}, {"type": "Feature", "properties": {"assignment_id": "d5a7b09c-dd8f-410b-896f-00442323859b", "latitude": 4.441425, "longitude": 97.98958499999999, "kategori": "H"}, "geometry": {"type": "Point", "coordinates": [97.98958499999999, 4.441425]}}, {"type": "Feature", "properties": {"assignment_id": "faf08e75-4175-4a6b-9356-c9c812661586", "latitude": 4.4740351, "longitude": 97.9382822, "kategori": "G"}, "geometry": {"type": "Point", "coordinates": [97.9382822, 4.4740351]}}, {"type": "Feature", "properties": {"assignment_id": "301684c8-b211-478d-a4e7-ebabf204e666", "latitude": 4.4795038, "longitude": 97.9810307, "kategori": "A"}, "geometry": {"type": "Point", "coordinates": [97.9810307, 4.4795038]}}, {"type": "Feature", "properties": {"assignment_id": "31d9eee9-5653-4732-816d-40976d5b5798", "latitude": 4.470162, "longitude": 97.9327164, "kategori": "A"}, "geometry": {"type": "Point", "coordinates": [97.9327164, 4.470162]}}, {"type": "Feature", "properties": {"assignment_id": "e97a63e5-7f89-4715-940f-fd50cdb11ef6", "latitude": 4.4688889, "longitude": 97.973747, "kategori": "G"}, "geometry": {"type": "Point", "coordinates": [97.973747, 4.4688889]}}, {"type": "Feature", "properties": {"assignment_id": "468ea324-0def-4dea-b488-963104e3fcab", "latitude": 4.4934644, "longitude": 97.9646126, "kategori": "A"}, "geometry": {"type": "Point", "coordinates": [97.9646126, 4.4934644]}}, {"type": "Feature", "properties": {"assignment_id": "49089d5a-3560-44c0-9aa1-3506914dffd1", "latitude": 4.44935633, "longitude": 98.02031048, "kategori": "A"}, "geometry": {"type": "Point", "coordinates": [98.02031048, 4.44935633]}}, {"type": "Feature", "properties": {"assignment_id": "50b2603a-48e6-42ec-9966-30cfa8dfb3f5", "latitude": 4.440443, "longitude": 97.9685109, "kategori": "A"}, "geometry": {"type": "Point", "coordinates": [97.9685109, 4.440443]}}, {"type": "Feature", "properties": {"assignment_id": "53ba1cf8-d9b2-4d03-8016-fecf47e3b3c0", "latitude": 4.4587623, "longitude": 97.9834893, "kategori": "A"}, "geometry": {"type": "Point", "coordinates": [97.9834893, 4.4587623]}}, {"type": "Feature", "properties": {"assignment_id": "5a521a2f-3121-4399-a771-84b37ebb5895", "latitude": 4.475017, "longitude": 97.9690723, "kategori": "C"}, "geometry": {"type": "Point", "coordinates": [97.9690723, 4.475017]}}, {"type": "Feature", "properties": {"assignment_id": "7acf3828-db3b-4fed-b8c7-abd9021f4086", "latitude": 4.4778785, "longitude": 97.9452308, "kategori": "G"}, "geometry": {"type": "Point", "coordinates": [97.9452308, 4.4778785]}}, {"type": "Feature", "properties": {"assignment_id": "1acdb666-abb6-4759-806f-5e520ecdb7b2", "latitude": 4.476223333333333, "longitude": 97.96940500000001, "kategori": "C"}, "geometry": {"type": "Point", "coordinates": [97.96940500000001, 4.476223333333333]}}, {"type": "Feature", "properties": {"assignment_id": "16f8e9bd-07a3-4d06-8351-d35637628867", "latitude": 4.4452788666666665, "longitude": 98.01545968333333, "kategori": "A"}, "geometry": {"type": "Point", "coordinates": [98.01545968333333, 4.4452788666666665]}}, {"type": "Feature", "properties": {"assignment_id": "2e367c1b-633a-488a-9568-ff20f841085d", "latitude": 4.4678509, "longitude": 97.9516245, "kategori": "F"}, "geometry": {"type": "Point", "coordinates": [97.9516245, 4.4678509]}}, {"type": "Feature", "properties": {"assignment_id": "2ff8b748-6bba-4119-8bb4-287999495286", "latitude": 4.451015, "longitude": 98.0124267, "kategori": "A"}, "geometry": {"type": "Point", "coordinates": [98.0124267, 4.451015]}}, {"type": "Feature", "properties": {"assignment_id": "3f203ae8-5f20-4ba3-a207-84d5fe5c6aa5", "latitude": 4.5066373, "longitude": 97.9379803, "kategori": "A"}, "geometry": {"type": "Point", "coordinates": [97.9379803, 4.5066373]}}, {"type": "Feature", "properties": {"assignment_id": "9e2ff818-d763-4628-a116-a0e4aa10305d", "latitude": 4.4638054, "longitude": 97.9850515, "kategori": "Q"}, "geometry": {"type": "Point", "coordinates": [97.9850515, 4.4638054]}}, {"type": "Feature", "properties": {"assignment_id": "a90b0795-f201-4b02-8a53-8acb504e8c99", "latitude": 4.473357, "longitude": 97.9368637, "kategori": "A"}, "geometry": {"type": "Point", "coordinates": [97.9368637, 4.473357]}}, {"type": "Feature", "properties": {"assignment_id": "a90b0795-f201-4b02-8a53-8acb504e8c99", "latitude": 4.473357, "longitude": 97.9368637, "kategori": "G"}, "geometry": {"type": "Point", "coordinates": [97.9368637, 4.473357]}}, {"type": "Feature", "properties": {"assignment_id": "adb97afb-38b9-421b-9b35-e7d4cd5297e7", "latitude": 4.4650866, "longitude": 97.9883525, "kategori": "A"}, "geometry": {"type": "Point", "coordinates": [97.9883525, 4.4650866]}}, {"type": "Feature", "properties": {"assignment_id": "adb97afb-38b9-421b-9b35-e7d4cd5297e7", "latitude": 4.4650866, "longitude": 97.9883525, "kategori": "C"}, "geometry": {"type": "Point", "coordinates": [97.9883525, 4.4650866]}}, {"type": "Feature", "properties": {"assignment_id": "b45d46c6-2e45-461e-bbc4-ba8c74bc73f7", "latitude": 4.4430045, "longitude": 98.0038553, "kategori": "A"}, "geometry": {"type": "Point", "coordinates": [98.0038553, 4.4430045]}}, {"type": "Feature", "properties": {"assignment_id": "d955e142-114c-42d7-b0e6-0733390c6d1e", "latitude": 4.4739741, "longitude": 97.9483218, "kategori": "A"}, "geometry": {"type": "Point", "coordinates": [97.9483218, 4.4739741]}}, {"type": "Feature", "properties": {"assignment_id": "d955e142-114c-42d7-b0e6-0733390c6d1e", "latitude": 4.4739741, "longitude": 97.9483218, "kategori": "C"}, "geometry": {"type": "Point", "coordinates": [97.9483218, 4.4739741]}}, {"type": "Feature", "properties": {"assignment_id": "5c36cd6b-5401-439a-9e93-fad49386c65e", "latitude": 4.4707393, "longitude": 97.9730596, "kategori": "G"}, "geometry": {"type": "Point", "coordinates": [97.9730596, 4.4707393]}}, {"type": "Feature", "properties": {"assignment_id": "75ccb20d-104a-4f6f-a66a-d92ba1e3b390", "latitude": 4.4627426, "longitude": 97.9699396, "kategori": "A"}, "geometry": {"type": "Point", "coordinates": [97.9699396, 4.4627426]}}, {"type": "Feature", "properties": {"assignment_id": "c340a943-fa88-4ced-9564-6ad7719cfa35", "latitude": 4.4808908, "longitude": 97.9427481, "kategori": "A"}, "geometry": {"type": "Point", "coordinates": [97.9427481, 4.4808908]}}, {"type": "Feature", "properties": {"assignment_id": "d819b716-2bb2-4725-ab54-f4db551d5a2d", "latitude": 4.4976043, "longitude": 98.0026214, "kategori": "C"}, "geometry": {"type": "Point", "coordinates": [98.0026214, 4.4976043]}}, {"type": "Feature", "properties": {"assignment_id": "8c50e4ec-3763-4af8-b3e0-ecc962421ff9", "latitude": 4.4701217, "longitude": 97.9742946, "kategori": "G"}, "geometry": {"type": "Point", "coordinates": [97.9742946, 4.4701217]}}, {"type": "Feature", "properties": {"assignment_id": "09f04ba9-43c1-4aa7-9530-f1cad4c3f7b3", "latitude": 4.4976563, "longitude": 97.9559226, "kategori": "A"}, "geometry": {"type": "Point", "coordinates": [97.9559226, 4.4976563]}}, {"type": "Feature", "properties": {"assignment_id": "4bb7f3a4-9cc3-481c-8d63-daa2965705e1", "latitude": 4.4969817, "longitude": 97.9438597, "kategori": "A"}, "geometry": {"type": "Point", "coordinates": [97.9438597, 4.4969817]}}, {"type": "Feature", "properties": {"assignment_id": "54dfa141-fc80-44bd-b025-cf2590c9153c", "latitude": 4.469516, "longitude": 97.9808252, "kategori": "A"}, "geometry": {"type": "Point", "coordinates": [97.9808252, 4.469516]}}, {"type": "Feature", "properties": {"assignment_id": "64bcc9ae-06f4-41b3-9d1f-628483eb902b", "latitude": 4.43453, "longitude": 98.0224283, "kategori": "A"}, "geometry": {"type": "Point", "coordinates": [98.0224283, 4.43453]}}, {"type": "Feature", "properties": {"assignment_id": "704bc8f8-80cf-4fa0-b1cf-60c2bef6d1f2", "latitude": 4.5038932166666665, "longitude": 97.95204028333335, "kategori": "T"}, "geometry": {"type": "Point", "coordinates": [97.95204028333335, 4.5038932166666665]}}, {"type": "Feature", "properties": {"assignment_id": "76462f93-3581-40dd-8e2f-eab6646fd1f9", "latitude": 4.498341666666667, "longitude": 97.97327333333332, "kategori": "G"}, "geometry": {"type": "Point", "coordinates": [97.97327333333332, 4.498341666666667]}}, {"type": "Feature", "properties": {"assignment_id": "80c97c34-4b63-478b-b715-41e962a02fe7", "latitude": 4.4709314, "longitude": 97.9714825, "kategori": "G"}, "geometry": {"type": "Point", "coordinates": [97.9714825, 4.4709314]}}, {"type": "Feature", "properties": {"assignment_id": "aaa38f32-74be-44cd-abc2-5d29a6c0ddf4", "latitude": 4.4360595, "longitude": 97.9896232, "kategori": "A"}, "geometry": {"type": "Point", "coordinates": [97.9896232, 4.4360595]}}, {"type": "Feature", "properties": {"assignment_id": "c4a59aa9-0388-4018-ba49-a8162a805519", "latitude": 4.44850237, "longitude": 98.03053161, "kategori": "A"}, "geometry": {"type": "Point", "coordinates": [98.03053161, 4.44850237]}}, {"type": "Feature", "properties": {"assignment_id": "f57ac278-68b5-4a65-9932-451284ce6005", "latitude": 4.5100324, "longitude": 98.0107892, "kategori": "G"}, "geometry": {"type": "Point", "coordinates": [98.0107892, 4.5100324]}}, {"type": "Feature", "properties": {"assignment_id": "fc387f2e-a847-4873-980f-ecb4aad0181f", "latitude": 4.511783514171839, "longitude": 97.94606063514948, "kategori": "G"}, "geometry": {"type": "Point", "coordinates": [97.94606063514948, 4.511783514171839]}}, {"type": "Feature", "properties": {"assignment_id": "5b92530b-5189-4e2b-89de-432ac8361b4b", "latitude": 4.4996184, "longitude": 97.9685256, "kategori": "A"}, "geometry": {"type": "Point", "coordinates": [97.9685256, 4.4996184]}}, {"type": "Feature", "properties": {"assignment_id": "5d4f2bbd-8241-4376-be95-6982481a92f2", "latitude": 4.4650832, "longitude": 97.9420909, "kategori": "A"}, "geometry": {"type": "Point", "coordinates": [97.9420909, 4.4650832]}}, {"type": "Feature", "properties": {"assignment_id": "b645aa20-90ce-442e-93b9-591fd709141c", "latitude": 4.4345967, "longitude": 98.0356467, "kategori": "A"}, "geometry": {"type": "Point", "coordinates": [98.0356467, 4.4345967]}}, {"type": "Feature", "properties": {"assignment_id": "d7f11890-da6a-4b0b-b5ca-0f2b6a82e8b2", "latitude": 4.4668806, "longitude": 97.9634217, "kategori": "G"}, "geometry": {"type": "Point", "coordinates": [97.9634217, 4.4668806]}}, {"type": "Feature", "properties": {"assignment_id": "2e1857ef-02e8-4908-8c91-07831f0c9796", "latitude": 4.441833333333333, "longitude": 97.98895833333333, "kategori": "A"}, "geometry": {"type": "Point", "coordinates": [97.98895833333333, 4.441833333333333]}}, {"type": "Feature", "properties": {"assignment_id": "50e5cec5-ce43-4cb1-b395-e940c60fe72e", "latitude": 4.4702719, "longitude": 97.9724602, "kategori": "G"}, "geometry": {"type": "Point", "coordinates": [97.9724602, 4.4702719]}}, {"type": "Feature", "properties": {"assignment_id": "51613543-4f36-492d-9d54-f0830c8da7b4", "latitude": 4.44775339, "longitude": 98.01912277, "kategori": "A"}, "geometry": {"type": "Point", "coordinates": [98.01912277, 4.44775339]}}, {"type": "Feature", "properties": {"assignment_id": "521dc50b-ae3c-4776-b304-3fe4f5b41e71", "latitude": 4.4796716666666665, "longitude": 97.96929666666668, "kategori": "H"}, "geometry": {"type": "Point", "coordinates": [97.96929666666668, 4.4796716666666665]}}, {"type": "Feature", "properties": {"assignment_id": "cf518e8e-1eea-4945-85a9-4048fcfb84ec", "latitude": 4.5111333, "longitude": 97.9414117, "kategori": "A"}, "geometry": {"type": "Point", "coordinates": [97.9414117, 4.5111333]}}, {"type": "Feature", "properties": {"assignment_id": "f4ae6d69-daf5-4bbf-b0b2-bca94a878829", "latitude": 4.475755, "longitude": 97.96743333333333, "kategori": "G"}, "geometry": {"type": "Point", "coordinates": [97.96743333333333, 4.475755]}}, {"type": "Feature", "properties": {"assignment_id": "9f35bcde-b72f-4798-af29-f13668e05348", "latitude": 4.449907516666667, "longitude": 97.97747993333333, "kategori": "A"}, "geometry": {"type": "Point", "coordinates": [97.97747993333333, 4.449907516666667]}}, {"type": "Feature", "properties": {"assignment_id": "0b9e2269-1821-4489-a49f-98ad88e537ff", "latitude": 4.4741183, "longitude": 97.980355, "kategori": "H"}, "geometry": {"type": "Point", "coordinates": [97.980355, 4.4741183]}}, {"type": "Feature", "properties": {"assignment_id": "21390148-3824-475c-a164-3abc0bf16646", "latitude": 4.4546371, "longitude": 97.9286182, "kategori": "A"}, "geometry": {"type": "Point", "coordinates": [97.9286182, 4.4546371]}}, {"type": "Feature", "properties": {"assignment_id": "5c3c31eb-af26-4bf7-a75b-9e0f1e71b966", "latitude": 4.44893167, "longitude": 98.02057522, "kategori": "A"}, "geometry": {"type": "Point", "coordinates": [98.02057522, 4.44893167]}}, {"type": "Feature", "properties": {"assignment_id": "aab15085-08d3-4787-939b-b80cc5ff2734", "latitude": 4.4929006, "longitude": 97.9470622, "kategori": "G"}, "geometry": {"type": "Point", "coordinates": [97.9470622, 4.4929006]}}, {"type": "Feature", "properties": {"assignment_id": "bd1f8b72-70fe-4edf-baf6-6edd14c25bb8", "latitude": 4.4981008, "longitude": 98.0019568, "kategori": "A"}, "geometry": {"type": "Point", "coordinates": [98.0019568, 4.4981008]}}, {"type": "Feature", "properties": {"assignment_id": "dfd10c24-95ea-4717-886f-439c359a6241", "latitude": 4.51942013, "longitude": 97.94074754, "kategori": "A"}, "geometry": {"type": "Point", "coordinates": [97.94074754, 4.51942013]}}, {"type": "Feature", "properties": {"assignment_id": "e3c0be7e-0a74-430c-9451-8b2ec80eb4ab", "latitude": 4.4676238, "longitude": 97.9616579, "kategori": "C"}, "geometry": {"type": "Point", "coordinates": [97.9616579, 4.4676238]}}, {"type": "Feature", "properties": {"assignment_id": "b6cad617-39f3-4505-9225-ef9e3bbaa123", "latitude": 4.4533700000000005, "longitude": 98.01669666666666, "kategori": "A"}, "geometry": {"type": "Point", "coordinates": [98.01669666666666, 4.4533700000000005]}}, {"type": "Feature", "properties": {"assignment_id": "b80636e9-776f-4365-bcc4-655f93b6cd48", "latitude": 4.4641984, "longitude": 97.9670443, "kategori": "A"}, "geometry": {"type": "Point", "coordinates": [97.9670443, 4.4641984]}}, {"type": "Feature", "properties": {"assignment_id": "008eec9f-5a59-4125-89f0-470664389ef5", "latitude": 4.4707333333333334, "longitude": 97.94563500000001, "kategori": "G"}, "geometry": {"type": "Point", "coordinates": [97.94563500000001, 4.4707333333333334]}}, {"type": "Feature", "properties": {"assignment_id": "00d22bd6-8b1e-419e-b810-cb22d7ad7c84", "latitude": 4.4701893, "longitude": 97.9726492, "kategori": "G"}, "geometry": {"type": "Point", "coordinates": [97.9726492, 4.4701893]}}, {"type": "Feature", "properties": {"assignment_id": "0b0cd39f-c2a2-4a78-bb4d-5c4857653f60", "latitude": 4.4633989, "longitude": 97.9678428, "kategori": "F"}, "geometry": {"type": "Point", "coordinates": [97.9678428, 4.4633989]}}, {"type": "Feature", "properties": {"assignment_id": "11633723-6703-44fe-8433-c16f2bdb2c4a", "latitude": 4.4675297, "longitude": 97.9679166, "kategori": "G"}, "geometry": {"type": "Point", "coordinates": [97.9679166, 4.4675297]}}, {"type": "Feature", "properties": {"assignment_id": "3656f4bf-4058-4363-a9dc-aa211a3b3ab1", "latitude": 4.48089374, "longitude": 97.97536131, "kategori": "H"}, "geometry": {"type": "Point", "coordinates": [97.97536131, 4.48089374]}}, {"type": "Feature", "properties": {"assignment_id": "4618db2b-d6cf-410b-b565-eb99d8ed6010", "latitude": 4.4364675, "longitude": 98.014967, "kategori": "A"}, "geometry": {"type": "Point", "coordinates": [98.014967, 4.4364675]}}, {"type": "Feature", "properties": {"assignment_id": "542e543c-f5ec-449f-a794-f0581d473d6d", "latitude": 4.44823254, "longitude": 98.03019223, "kategori": "A"}, "geometry": {"type": "Point", "coordinates": [98.03019223, 4.44823254]}}, {"type": "Feature", "properties": {"assignment_id": "61d46bb0-df88-4e03-b559-f481d59de7f2", "latitude": 4.44838698, "longitude": 98.0282265, "kategori": "A"}, "geometry": {"type": "Point", "coordinates": [98.0282265, 4.44838698]}}, {"type": "Feature", "properties": {"assignment_id": "da2bfd79-5e9f-4753-893f-f50333763313", "latitude": 4.4782676, "longitude": 97.9507875, "kategori": "G"}, "geometry": {"type": "Point", "coordinates": [97.9507875, 4.4782676]}}, {"type": "Feature", "properties": {"assignment_id": "e4ba0b84-ea0b-47be-95e2-e4131fc24a07", "latitude": 4.4651206, "longitude": 97.9587041, "kategori": "C"}, "geometry": {"type": "Point", "coordinates": [97.9587041, 4.4651206]}}, {"type": "Feature", "properties": {"assignment_id": "ee68bf07-e583-41f8-b7a4-e94cdc1b845a", "latitude": 4.4637338, "longitude": 97.9697472, "kategori": "A"}, "geometry": {"type": "Point", "coordinates": [97.9697472, 4.4637338]}}, {"type": "Feature", "properties": {"assignment_id": "f7db0205-91c2-4e63-820a-6f12e8b72088", "latitude": 4.4571339, "longitude": 97.9810348, "kategori": "A"}, "geometry": {"type": "Point", "coordinates": [97.9810348, 4.4571339]}}, {"type": "Feature", "properties": {"assignment_id": "d30ec8b8-d804-4489-9db7-a4620569d32e", "latitude": 4.4619391, "longitude": 97.9399439, "kategori": "G"}, "geometry": {"type": "Point", "coordinates": [97.9399439, 4.4619391]}}, {"type": "Feature", "properties": {"assignment_id": "121759c2-066d-4f4c-a599-e22e402cc1a7", "latitude": 4.51225386466831, "longitude": 97.94467938132584, "kategori": "A"}, "geometry": {"type": "Point", "coordinates": [97.94467938132584, 4.51225386466831]}}, {"type": "Feature", "properties": {"assignment_id": "121759c2-066d-4f4c-a599-e22e402cc1a7", "latitude": 4.51225386466831, "longitude": 97.94467938132584, "kategori": "C"}, "geometry": {"type": "Point", "coordinates": [97.94467938132584, 4.51225386466831]}}, {"type": "Feature", "properties": {"assignment_id": "212fd458-7d45-4931-885e-f3f35ae2bcab", "latitude": 4.4641206, "longitude": 97.9647176, "kategori": "C"}, "geometry": {"type": "Point", "coordinates": [97.9647176, 4.4641206]}}, {"type": "Feature", "properties": {"assignment_id": "212fd458-7d45-4931-885e-f3f35ae2bcab", "latitude": 4.4641206, "longitude": 97.9647176, "kategori": "G"}, "geometry": {"type": "Point", "coordinates": [97.9647176, 4.4641206]}}, {"type": "Feature", "properties": {"assignment_id": "26ca29df-2001-4606-9227-e35d43732f5b", "latitude": 4.473804333333334, "longitude": 97.97493619999999, "kategori": "G"}, "geometry": {"type": "Point", "coordinates": [97.97493619999999, 4.473804333333334]}}, {"type": "Feature", "properties": {"assignment_id": "6e95a85f-0dad-4fe5-be75-de7e2847fca5", "latitude": 4.492366666666666, "longitude": 97.97404666666668, "kategori": "A"}, "geometry": {"type": "Point", "coordinates": [97.97404666666668, 4.492366666666666]}}, {"type": "Feature", "properties": {"assignment_id": "82a1bca5-e3b8-4c64-b749-4080cb9f6fa1", "latitude": 4.4931724, "longitude": 97.9781585, "kategori": "A"}, "geometry": {"type": "Point", "coordinates": [97.9781585, 4.4931724]}}, {"type": "Feature", "properties": {"assignment_id": "8d7ca7bf-b215-4ccf-a7f2-23338c884851", "latitude": 4.474898333333333, "longitude": 97.95689333333333, "kategori": "C"}, "geometry": {"type": "Point", "coordinates": [97.95689333333333, 4.474898333333333]}}, {"type": "Feature", "properties": {"assignment_id": "f467972b-fdec-43c9-8809-dbff2b568053", "latitude": 4.477916666666667, "longitude": 97.95100333333333, "kategori": "C"}, "geometry": {"type": "Point", "coordinates": [97.95100333333333, 4.477916666666667]}}, {"type": "Feature", "properties": {"assignment_id": "7ba7ea1e-39bc-45eb-938e-c5b15d587ab0", "latitude": 4.4711174, "longitude": 97.9693971, "kategori": "G"}, "geometry": {"type": "Point", "coordinates": [97.9693971, 4.4711174]}}, {"type": "Feature", "properties": {"assignment_id": "a1fd0125-283a-4eb0-8e81-d706dccadee2", "latitude": 4.4887971, "longitude": 97.9818488, "kategori": "G"}, "geometry": {"type": "Point", "coordinates": [97.9818488, 4.4887971]}}, {"type": "Feature", "properties": {"assignment_id": "aaef4e16-443b-4ce3-bfdd-1bd53ee3d16c", "latitude": 4.4516766, "longitude": 97.9740344, "kategori": "A"}, "geometry": {"type": "Point", "coordinates": [97.9740344, 4.4516766]}}, {"type": "Feature", "properties": {"assignment_id": "1a747602-393c-49b4-b55d-b2a0aa2e9c4e", "latitude": 4.4706711, "longitude": 97.9425868, "kategori": "A"}, "geometry": {"type": "Point", "coordinates": [97.9425868, 4.4706711]}}, {"type": "Feature", "properties": {"assignment_id": "5fdedbbe-847f-48cd-ad78-97fefd442310", "latitude": 4.4418983, "longitude": 98.0156383, "kategori": "A"}, "geometry": {"type": "Point", "coordinates": [98.0156383, 4.4418983]}}, {"type": "Feature", "properties": {"assignment_id": "271031a9-603b-4503-9feb-deff1c773783", "latitude": 4.4357282, "longitude": 97.9898914, "kategori": "A"}, "geometry": {"type": "Point", "coordinates": [97.9898914, 4.4357282]}}, {"type": "Feature", "properties": {"assignment_id": "4db636c7-2f1b-40ab-8751-a9b7bee72f31", "latitude": 4.4628144, "longitude": 97.966634, "kategori": "A"}, "geometry": {"type": "Point", "coordinates": [97.966634, 4.4628144]}}, {"type": "Feature", "properties": {"assignment_id": "57a2df75-4025-4a16-bcb8-b5b7efd24ba4", "latitude": 4.44827147, "longitude": 98.02735177, "kategori": "A"}, "geometry": {"type": "Point", "coordinates": [98.02735177, 4.44827147]}}, {"type": "Feature", "properties": {"assignment_id": "7ba7f55e-f627-4adf-92b5-adc98667c5bf", "latitude": 4.4698402, "longitude": 97.9750355, "kategori": "C"}, "geometry": {"type": "Point", "coordinates": [97.9750355, 4.4698402]}}, {"type": "Feature", "properties": {"assignment_id": "96695322-ee4a-495f-aaea-89b1628415a9", "latitude": 4.47753, "longitude": 97.98325500000001, "kategori": "A"}, "geometry": {"type": "Point", "coordinates": [97.98325500000001, 4.47753]}}, {"type": "Feature", "properties": {"assignment_id": "b93a8102-61c8-4a71-b7c8-99d031e4b5d8", "latitude": 4.470797, "longitude": 97.932323, "kategori": "A"}, "geometry": {"type": "Point", "coordinates": [97.932323, 4.470797]}}, {"type": "Feature", "properties": {"assignment_id": "b93a8102-61c8-4a71-b7c8-99d031e4b5d8", "latitude": 4.470797, "longitude": 97.932323, "kategori": "G"}, "geometry": {"type": "Point", "coordinates": [97.932323, 4.470797]}}, {"type": "Feature", "properties": {"assignment_id": "bf79db47-caa8-4035-bd51-2501caa2a17a", "latitude": 4.4346896, "longitude": 97.9970819, "kategori": "A"}, "geometry": {"type": "Point", "coordinates": [97.9970819, 4.4346896]}}, {"type": "Feature", "properties": {"assignment_id": "f0290cc3-1023-4461-ad4d-0a6af03d2697", "latitude": 4.4662151, "longitude": 97.9770684, "kategori": "G"}, "geometry": {"type": "Point", "coordinates": [97.9770684, 4.4662151]}}, {"type": "Feature", "properties": {"assignment_id": "7b815d20-c058-431a-b9a0-284bbe32e2eb", "latitude": 4.5340694, "longitude": 97.9293031, "kategori": "G"}, "geometry": {"type": "Point", "coordinates": [97.9293031, 4.5340694]}}, {"type": "Feature", "properties": {"assignment_id": "3ebf0efb-7178-4178-9d6c-b92c35b2da26", "latitude": 4.489825, "longitude": 97.97219833333332, "kategori": "A"}, "geometry": {"type": "Point", "coordinates": [97.97219833333332, 4.489825]}}, {"type": "Feature", "properties": {"assignment_id": "214714f3-9464-43b3-a697-0d55bf298682", "latitude": 4.441228333333333, "longitude": 97.98909499999999, "kategori": "A"}, "geometry": {"type": "Point", "coordinates": [97.98909499999999, 4.441228333333333]}}, {"type": "Feature", "properties": {"assignment_id": "625802c5-31ef-40a1-a261-46b505535f1b", "latitude": 4.4970162, "longitude": 97.9576552, "kategori": "H"}, "geometry": {"type": "Point", "coordinates": [97.9576552, 4.4970162]}}, {"type": "Feature", "properties": {"assignment_id": "625802c5-31ef-40a1-a261-46b505535f1b", "latitude": 4.4970162, "longitude": 97.9576552, "kategori": "G"}, "geometry": {"type": "Point", "coordinates": [97.9576552, 4.4970162]}}, {"type": "Feature", "properties": {"assignment_id": "9dc53f80-4306-4017-a4f0-0cdd2875048a", "latitude": 4.47025588, "longitude": 97.94434206, "kategori": "A"}, "geometry": {"type": "Point", "coordinates": [97.94434206, 4.47025588]}}, {"type": "Feature", "properties": {"assignment_id": "b70a8b72-1cf1-44a7-81a0-bf51b51a9d90", "latitude": 4.4755016, "longitude": 97.9801279, "kategori": "C"}, "geometry": {"type": "Point", "coordinates": [97.9801279, 4.4755016]}}, {"type": "Feature", "properties": {"assignment_id": "da1531a5-499a-4d94-b217-564f1f5a72eb", "latitude": 4.465773, "longitude": 97.9643831, "kategori": "G"}, "geometry": {"type": "Point", "coordinates": [97.9643831, 4.465773]}}, {"type": "Feature", "properties": {"assignment_id": "f65f97f8-0b65-4fc3-af1f-83e081ce3333", "latitude": 4.4998739, "longitude": 97.9676078, "kategori": "G"}, "geometry": {"type": "Point", "coordinates": [97.9676078, 4.4998739]}}, {"type": "Feature", "properties": {"assignment_id": "01375ff1-0a5a-4a0b-ab31-1dd138a861e0", "latitude": 4.4443633, "longitude": 98.0148889, "kategori": "A"}, "geometry": {"type": "Point", "coordinates": [98.0148889, 4.4443633]}}, {"type": "Feature", "properties": {"assignment_id": "298c5d79-cb9d-4683-9fb0-ba084dc9e5c2", "latitude": 4.478875, "longitude": 97.9755217, "kategori": "G"}, "geometry": {"type": "Point", "coordinates": [97.9755217, 4.478875]}}, {"type": "Feature", "properties": {"assignment_id": "52c8de37-26f6-44fb-a7af-ff329b68e910", "latitude": 4.45974, "longitude": 97.98003333333332, "kategori": "A"}, "geometry": {"type": "Point", "coordinates": [97.98003333333332, 4.45974]}}, {"type": "Feature", "properties": {"assignment_id": "52c8de37-26f6-44fb-a7af-ff329b68e910", "latitude": 4.45974, "longitude": 97.98003333333332, "kategori": "H"}, "geometry": {"type": "Point", "coordinates": [97.98003333333332, 4.45974]}}, {"type": "Feature", "properties": {"assignment_id": "59683131-0a1d-4a55-838e-d6915a603df3", "latitude": 4.45833727, "longitude": 97.99735787, "kategori": "A"}, "geometry": {"type": "Point", "coordinates": [97.99735787, 4.45833727]}}, {"type": "Feature", "properties": {"assignment_id": "77cc3974-12bc-4699-995a-9bd626dc72a5", "latitude": 4.4625767, "longitude": 97.9813983, "kategori": "H"}, "geometry": {"type": "Point", "coordinates": [97.9813983, 4.4625767]}}, {"type": "Feature", "properties": {"assignment_id": "925c2f94-48cc-4498-9764-0af4fc18ec57", "latitude": 4.4723315, "longitude": 97.9027096, "kategori": "A"}, "geometry": {"type": "Point", "coordinates": [97.9027096, 4.4723315]}}, {"type": "Feature", "properties": {"assignment_id": "a19c25c5-e84c-40c8-a962-bfcf6e5405f9", "latitude": 4.443033333333333, "longitude": 97.99154666666666, "kategori": "A"}, "geometry": {"type": "Point", "coordinates": [97.99154666666666, 4.443033333333333]}}, {"type": "Feature", "properties": {"assignment_id": "bf6894b1-7af1-4cec-9ada-7ce37150e4a3", "latitude": 4.439352, "longitude": 98.0176969, "kategori": "A"}, "geometry": {"type": "Point", "coordinates": [98.0176969, 4.439352]}}, {"type": "Feature", "properties": {"assignment_id": "d113ab12-de4b-408e-a28a-d4a68a0c6e11", "latitude": 4.4766029, "longitude": 97.9739913, "kategori": "C"}, "geometry": {"type": "Point", "coordinates": [97.9739913, 4.4766029]}}, {"type": "Feature", "properties": {"assignment_id": "d524a3ab-91f3-411b-bfca-f660e6a26cc5", "latitude": 4.4750261, "longitude": 97.9508013, "kategori": "G"}, "geometry": {"type": "Point", "coordinates": [97.9508013, 4.4750261]}}, {"type": "Feature", "properties": {"assignment_id": "db32853a-2995-444c-845f-d564719d83f9", "latitude": 4.4795016, "longitude": 97.9806038, "kategori": "A"}, "geometry": {"type": "Point", "coordinates": [97.9806038, 4.4795016]}}, {"type": "Feature", "properties": {"assignment_id": "dc1298df-d4cb-4570-b0f3-d8745a4275ee", "latitude": 4.4878638, "longitude": 97.9641386, "kategori": "G"}, "geometry": {"type": "Point", "coordinates": [97.9641386, 4.4878638]}}, {"type": "Feature", "properties": {"assignment_id": "73facc7b-b484-4528-83e9-ca6e287f3b76", "latitude": 4.4560227, "longitude": 97.9285897, "kategori": "G"}, "geometry": {"type": "Point", "coordinates": [97.9285897, 4.4560227]}}, {"type": "Feature", "properties": {"assignment_id": "a825f8d3-5a91-4536-8190-a18bf013cb4c", "latitude": 4.5058383, "longitude": 97.9510048, "kategori": "A"}, "geometry": {"type": "Point", "coordinates": [97.9510048, 4.5058383]}}, {"type": "Feature", "properties": {"assignment_id": "05ad9332-7da8-40a9-a989-8a6930e6534f", "latitude": 4.4977268, "longitude": 97.9605812, "kategori": "A"}, "geometry": {"type": "Point", "coordinates": [97.9605812, 4.4977268]}}, {"type": "Feature", "properties": {"assignment_id": "497c46f4-93f2-40ce-bd81-3cc847c56b61", "latitude": 4.4903659, "longitude": 97.9353149, "kategori": "A"}, "geometry": {"type": "Point", "coordinates": [97.9353149, 4.4903659]}}, {"type": "Feature", "properties": {"assignment_id": "528d70c9-9c43-4b82-a954-9ff77026fb0a", "latitude": 4.4791019, "longitude": 97.9786943, "kategori": "C"}, "geometry": {"type": "Point", "coordinates": [97.9786943, 4.4791019]}}, {"type": "Feature", "properties": {"assignment_id": "5b3545ec-42dc-41b5-afb1-83fab32ee450", "latitude": 4.4802857, "longitude": 97.9809395, "kategori": "H"}, "geometry": {"type": "Point", "coordinates": [97.9809395, 4.4802857]}}, {"type": "Feature", "properties": {"assignment_id": "69be149f-f87e-4345-8352-5868ebe0350d", "latitude": 4.432511666666667, "longitude": 98.00472333333333, "kategori": "A"}, "geometry": {"type": "Point", "coordinates": [98.00472333333333, 4.432511666666667]}}, {"type": "Feature", "properties": {"assignment_id": "6a8c3f6a-0885-40ed-9a40-a9493690b834", "latitude": 4.459253333333334, "longitude": 97.97232000000001, "kategori": "G"}, "geometry": {"type": "Point", "coordinates": [97.97232000000001, 4.459253333333334]}}, {"type": "Feature", "properties": {"assignment_id": "6e384671-b0f0-4a27-b33d-50206dd76829", "latitude": 4.500138333333334, "longitude": 97.97039666666666, "kategori": "C"}, "geometry": {"type": "Point", "coordinates": [97.97039666666666, 4.500138333333334]}}, {"type": "Feature", "properties": {"assignment_id": "9b454ebd-81dd-4971-92c5-9197f8160773", "latitude": 4.4936084, "longitude": 97.9789502, "kategori": "A"}, "geometry": {"type": "Point", "coordinates": [97.9789502, 4.4936084]}}, {"type": "Feature", "properties": {"assignment_id": "9b454ebd-81dd-4971-92c5-9197f8160773", "latitude": 4.4936084, "longitude": 97.9789502, "kategori": "H"}, "geometry": {"type": "Point", "coordinates": [97.9789502, 4.4936084]}}, {"type": "Feature", "properties": {"assignment_id": "c25b8d97-7035-4909-b28a-bdf680ebc18d", "latitude": 4.473986066666667, "longitude": 97.97167248333332, "kategori": "C"}, "geometry": {"type": "Point", "coordinates": [97.97167248333332, 4.473986066666667]}}, {"type": "Feature", "properties": {"assignment_id": "da15065d-ddc9-481a-b20b-c925f08de3f9", "latitude": 4.4608466, "longitude": 97.9898653, "kategori": "A"}, "geometry": {"type": "Point", "coordinates": [97.9898653, 4.4608466]}}, {"type": "Feature", "properties": {"assignment_id": "ec0bcdde-43fd-4e63-ae4d-22d0576a38bd", "latitude": 4.5001498, "longitude": 97.9615947, "kategori": "Q"}, "geometry": {"type": "Point", "coordinates": [97.9615947, 4.5001498]}}, {"type": "Feature", "properties": {"assignment_id": "f9e8d2db-b6b0-423a-a9e7-a6e78a9ce435", "latitude": 4.4458217, "longitude": 97.9963169, "kategori": "A"}, "geometry": {"type": "Point", "coordinates": [97.9963169, 4.4458217]}}, {"type": "Feature", "properties": {"assignment_id": "df1a0d92-72f3-4349-b9d9-f594c004c447", "latitude": 4.453811716666666, "longitude": 98.01431929999998, "kategori": "A"}, "geometry": {"type": "Point", "coordinates": [98.01431929999998, 4.453811716666666]}}, {"type": "Feature", "properties": {"assignment_id": "4fc28675-c1b0-45fe-a0d2-aa3875914b77", "latitude": 4.4736787, "longitude": 97.9517851, "kategori": "O"}, "geometry": {"type": "Point", "coordinates": [97.9517851, 4.4736787]}}, {"type": "Feature", "properties": {"assignment_id": "1614dbda-b0c7-4e66-8881-2b9d50b3219e", "latitude": 4.44813706, "longitude": 98.02821771, "kategori": "A"}, "geometry": {"type": "Point", "coordinates": [98.02821771, 4.44813706]}}, {"type": "Feature", "properties": {"assignment_id": "18f5fb1a-f1ef-4957-a983-b88999e8bc9c", "latitude": 4.4384771, "longitude": 97.997843, "kategori": "A"}, "geometry": {"type": "Point", "coordinates": [97.997843, 4.4384771]}}, {"type": "Feature", "properties": {"assignment_id": "1c7e592d-5462-4e3b-ae74-326742953fb6", "latitude": 4.47217, "longitude": 97.9318628, "kategori": "A"}, "geometry": {"type": "Point", "coordinates": [97.9318628, 4.47217]}}, {"type": "Feature", "properties": {"assignment_id": "60f54c7d-4770-4e91-ad15-305baba3fcb5", "latitude": 4.4819457, "longitude": 97.9455536, "kategori": "C"}, "geometry": {"type": "Point", "coordinates": [97.9455536, 4.4819457]}}, {"type": "Feature", "properties": {"assignment_id": "64ad164e-d426-419e-9745-c72914feffb0", "latitude": 4.478483333333333, "longitude": 97.95360000000001, "kategori": "C"}, "geometry": {"type": "Point", "coordinates": [97.95360000000001, 4.478483333333333]}}, {"type": "Feature", "properties": {"assignment_id": "9999c935-7ea3-436f-9992-885ca2a17e48", "latitude": 4.4664733, "longitude": 97.9851453, "kategori": "A"}, "geometry": {"type": "Point", "coordinates": [97.9851453, 4.4664733]}}, {"type": "Feature", "properties": {"assignment_id": "a08af8e5-65b6-4b7d-b7ef-0e183d884062", "latitude": 4.4559787, "longitude": 98.00751721666666, "kategori": "C"}, "geometry": {"type": "Point", "coordinates": [98.00751721666666, 4.4559787]}}, {"type": "Feature", "properties": {"assignment_id": "c63648bc-0834-46db-a5bc-fa05059b1852", "latitude": 4.5059944, "longitude": 97.9458344, "kategori": "C"}, "geometry": {"type": "Point", "coordinates": [97.9458344, 4.5059944]}}, {"type": "Feature", "properties": {"assignment_id": "d60f5a15-db0a-4a1d-b5e1-51b66847629d", "latitude": 4.4683418, "longitude": 97.9386086, "kategori": "C"}, "geometry": {"type": "Point", "coordinates": [97.9386086, 4.4683418]}}, {"type": "Feature", "properties": {"assignment_id": "6f5ccf76-e510-4961-b607-98179bdd2f3a", "latitude": 4.476318676024675, "longitude": 97.9847794957459, "kategori": "A"}, "geometry": {"type": "Point", "coordinates": [97.9847794957459, 4.476318676024675]}}, {"type": "Feature", "properties": {"assignment_id": "6f5ccf76-e510-4961-b607-98179bdd2f3a", "latitude": 4.476318676024675, "longitude": 97.9847794957459, "kategori": "G"}, "geometry": {"type": "Point", "coordinates": [97.9847794957459, 4.476318676024675]}}, {"type": "Feature", "properties": {"assignment_id": "e1fa9c32-f48b-4a6b-a33c-205bb1751d37", "latitude": 4.4313483, "longitude": 98.036245, "kategori": "A"}, "geometry": {"type": "Point", "coordinates": [98.036245, 4.4313483]}}, {"type": "Feature", "properties": {"assignment_id": "b376b360-10bb-4a5e-814b-ed41b78aad92", "latitude": 4.46959231, "longitude": 97.9739986, "kategori": "G"}, "geometry": {"type": "Point", "coordinates": [97.9739986, 4.46959231]}}, {"type": "Feature", "properties": {"assignment_id": "0cde1b38-c034-4997-a59c-4759800ac772", "latitude": 4.4709958, "longitude": 97.9499965, "kategori": "A"}, "geometry": {"type": "Point", "coordinates": [97.9499965, 4.4709958]}}, {"type": "Feature", "properties": {"assignment_id": "17b780ea-d421-4e54-8a70-e01d3a9511d5", "latitude": 4.4344183, "longitude": 98.0212683, "kategori": "A"}, "geometry": {"type": "Point", "coordinates": [98.0212683, 4.4344183]}}, {"type": "Feature", "properties": {"assignment_id": "23dbd8a1-2508-4e4d-86b0-837949ba5efe", "latitude": 4.4746573000000005, "longitude": 97.97381240000001, "kategori": "A"}, "geometry": {"type": "Point", "coordinates": [97.97381240000001, 4.4746573000000005]}}, {"type": "Feature", "properties": {"assignment_id": "57915a95-008a-4923-ae6b-c5d54391ee5a", "latitude": 4.4368817, "longitude": 98.0195683, "kategori": "A"}, "geometry": {"type": "Point", "coordinates": [98.0195683, 4.4368817]}}, {"type": "Feature", "properties": {"assignment_id": "57915a95-008a-4923-ae6b-c5d54391ee5a", "latitude": 4.4368817, "longitude": 98.0195683, "kategori": "F"}, "geometry": {"type": "Point", "coordinates": [98.0195683, 4.4368817]}}, {"type": "Feature", "properties": {"assignment_id": "57915a95-008a-4923-ae6b-c5d54391ee5a", "latitude": 4.4368817, "longitude": 98.0195683, "kategori": "C"}, "geometry": {"type": "Point", "coordinates": [98.0195683, 4.4368817]}}, {"type": "Feature", "properties": {"assignment_id": "5ad571f5-90ea-41c5-9b3c-57e363882bf1", "latitude": 4.4343882, "longitude": 97.9880006, "kategori": "A"}, "geometry": {"type": "Point", "coordinates": [97.9880006, 4.4343882]}}, {"type": "Feature", "properties": {"assignment_id": "68e9b8b2-cc79-4422-83b9-44e43dd85c19", "latitude": 4.4844664, "longitude": 97.9752293, "kategori": "G"}, "geometry": {"type": "Point", "coordinates": [97.9752293, 4.4844664]}}, {"type": "Feature", "properties": {"assignment_id": "79735127-ad89-49b6-a06c-eba7bb6d1c87", "latitude": 4.4436311, "longitude": 98.0153612, "kategori": "G"}, "geometry": {"type": "Point", "coordinates": [98.0153612, 4.4436311]}}, {"type": "Feature", "properties": {"assignment_id": "b66842af-e516-4c62-9a10-16c2589b1102", "latitude": 4.47746, "longitude": 97.96428333333333, "kategori": "C"}, "geometry": {"type": "Point", "coordinates": [97.96428333333333, 4.47746]}}, {"type": "Feature", "properties": {"assignment_id": "e6ffef3e-d0ab-458b-8754-2755a595fc6b", "latitude": 4.4349121, "longitude": 97.9883954, "kategori": "A"}, "geometry": {"type": "Point", "coordinates": [97.9883954, 4.4349121]}}, {"type": "Feature", "properties": {"assignment_id": "8593a98a-483a-4dc2-acf0-371cd45c9455", "latitude": 4.4680209, "longitude": 97.9387562, "kategori": "A"}, "geometry": {"type": "Point", "coordinates": [97.9387562, 4.4680209]}}, {"type": "Feature", "properties": {"assignment_id": "1d67c94f-cb05-43d1-a6ed-3a7ad366b94b", "latitude": 4.4369615, "longitude": 98.0203955, "kategori": "A"}, "geometry": {"type": "Point", "coordinates": [98.0203955, 4.4369615]}}, {"type": "Feature", "properties": {"assignment_id": "1d67c94f-cb05-43d1-a6ed-3a7ad366b94b", "latitude": 4.4369615, "longitude": 98.0203955, "kategori": "G"}, "geometry": {"type": "Point", "coordinates": [98.0203955, 4.4369615]}}, {"type": "Feature", "properties": {"assignment_id": "4e9c5cde-8a0e-4be3-af39-1a229b70c163", "latitude": 4.4791961, "longitude": 97.9425552, "kategori": "A"}, "geometry": {"type": "Point", "coordinates": [97.9425552, 4.4791961]}}, {"type": "Feature", "properties": {"assignment_id": "6fa2416d-3ac2-4451-b027-78e894077fb9", "latitude": 4.465585900470614, "longitude": 97.96172850765288, "kategori": "C"}, "geometry": {"type": "Point", "coordinates": [97.96172850765288, 4.465585900470614]}}, {"type": "Feature", "properties": {"assignment_id": "880a6b79-376f-4a7a-8eac-e2d41462b816", "latitude": 4.4686344, "longitude": 97.9439827, "kategori": "A"}, "geometry": {"type": "Point", "coordinates": [97.9439827, 4.4686344]}}, {"type": "Feature", "properties": {"assignment_id": "a19dbf10-c1af-400a-9ce4-f3d7597619c0", "latitude": 4.4705935, "longitude": 97.9330755, "kategori": "G"}, "geometry": {"type": "Point", "coordinates": [97.9330755, 4.4705935]}}, {"type": "Feature", "properties": {"assignment_id": "af010a42-6243-49f8-81eb-9ae355768654", "latitude": 4.489135, "longitude": 97.979685, "kategori": "H"}, "geometry": {"type": "Point", "coordinates": [97.979685, 4.489135]}}, {"type": "Feature", "properties": {"assignment_id": "d29a6c79-8f6e-4422-a173-e4fae82a50de", "latitude": 4.4391633, "longitude": 97.9835214, "kategori": "G"}, "geometry": {"type": "Point", "coordinates": [97.9835214, 4.4391633]}}, {"type": "Feature", "properties": {"assignment_id": "dd6d44b8-b48c-4d9b-8b7a-2469873179d2", "latitude": 4.4732685, "longitude": 97.9650283, "kategori": "G"}, "geometry": {"type": "Point", "coordinates": [97.9650283, 4.4732685]}}, {"type": "Feature", "properties": {"assignment_id": "df824108-3e2c-4d12-b330-23b428288c0d", "latitude": 4.4342733, "longitude": 98.0230283, "kategori": "A"}, "geometry": {"type": "Point", "coordinates": [98.0230283, 4.4342733]}}, {"type": "Feature", "properties": {"assignment_id": "ebcb6841-58eb-4b08-9dab-ddff574071e2", "latitude": 4.4529136, "longitude": 97.9248205, "kategori": "A"}, "geometry": {"type": "Point", "coordinates": [97.9248205, 4.4529136]}}, {"type": "Feature", "properties": {"assignment_id": "3da6565d-b3b1-4005-9642-25225afaece0", "latitude": 4.4430117, "longitude": 97.9764531, "kategori": "H"}, "geometry": {"type": "Point", "coordinates": [97.9764531, 4.4430117]}}, {"type": "Feature", "properties": {"assignment_id": "622de695-4991-4f28-8b27-62009e7a5c1d", "latitude": 4.4698355, "longitude": 97.9743132, "kategori": "G"}, "geometry": {"type": "Point", "coordinates": [97.9743132, 4.4698355]}}, {"type": "Feature", "properties": {"assignment_id": "a1f66c7e-94c5-4c0c-a26c-c3926c0c1275", "latitude": 4.4745883, "longitude": 97.9385686, "kategori": "F"}, "geometry": {"type": "Point", "coordinates": [97.9385686, 4.4745883]}}, {"type": "Feature", "properties": {"assignment_id": "d47ebfcf-3c7a-490d-af4e-db7d59c1e9c4", "latitude": 4.4803519, "longitude": 97.94162, "kategori": "A"}, "geometry": {"type": "Point", "coordinates": [97.94162, 4.4803519]}}, {"type": "Feature", "properties": {"assignment_id": "32ba29f6-4267-49b0-bd0e-d7a8dffe32f6", "latitude": 4.4524184, "longitude": 98.0135194, "kategori": "A"}, "geometry": {"type": "Point", "coordinates": [98.0135194, 4.4524184]}}, {"type": "Feature", "properties": {"assignment_id": "6f8b1472-6b82-4b03-b332-cb79e62b6b41", "latitude": 4.4591796, "longitude": 97.98211, "kategori": "G"}, "geometry": {"type": "Point", "coordinates": [97.98211, 4.4591796]}}, {"type": "Feature", "properties": {"assignment_id": "771e7957-b3bb-44ca-b0c8-f78eba3eef88", "latitude": 4.530896, "longitude": 97.9348361, "kategori": "A"}, "geometry": {"type": "Point", "coordinates": [97.9348361, 4.530896]}}, {"type": "Feature", "properties": {"assignment_id": "958adad7-3396-4a9b-87d4-2605a46bd1a1", "latitude": 4.4402478, "longitude": 97.9923242, "kategori": "A"}, "geometry": {"type": "Point", "coordinates": [97.9923242, 4.4402478]}}, {"type": "Feature", "properties": {"assignment_id": "f103a16c-1b9a-44e0-b64d-852608d0074f", "latitude": 4.4712586, "longitude": 97.9689447, "kategori": "G"}, "geometry": {"type": "Point", "coordinates": [97.9689447, 4.4712586]}}, {"type": "Feature", "properties": {"assignment_id": "fca22d70-f621-464c-994b-f394589c69f3", "latitude": 4.472969, "longitude": 97.9369006, "kategori": "A"}, "geometry": {"type": "Point", "coordinates": [97.9369006, 4.472969]}}, {"type": "Feature", "properties": {"assignment_id": "fca22d70-f621-464c-994b-f394589c69f3", "latitude": 4.472969, "longitude": 97.9369006, "kategori": "C"}, "geometry": {"type": "Point", "coordinates": [97.9369006, 4.472969]}}, {"type": "Feature", "properties": {"assignment_id": "32306e81-1579-410e-8ee8-e0ab8f18bc8e", "latitude": 4.5512168, "longitude": 98.0661441, "kategori": "G"}, "geometry": {"type": "Point", "coordinates": [98.0661441, 4.5512168]}}, {"type": "Feature", "properties": {"assignment_id": "0c2cfd1e-3453-4db4-8d05-cef51c1c5cac", "latitude": 4.5316504, "longitude": 97.9346142, "kategori": "G"}, "geometry": {"type": "Point", "coordinates": [97.9346142, 4.5316504]}}, {"type": "Feature", "properties": {"assignment_id": "15bf54ed-00ef-4bda-8d74-d3f9a01f821a", "latitude": 4.454791, "longitude": 98.0081378, "kategori": "G"}, "geometry": {"type": "Point", "coordinates": [98.0081378, 4.454791]}}, {"type": "Feature", "properties": {"assignment_id": "2f227d26-d644-48f8-833e-05e35bbc0a10", "latitude": 4.48015901, "longitude": 97.97651, "kategori": "A"}, "geometry": {"type": "Point", "coordinates": [97.97651, 4.48015901]}}, {"type": "Feature", "properties": {"assignment_id": "2f227d26-d644-48f8-833e-05e35bbc0a10", "latitude": 4.48015901, "longitude": 97.97651, "kategori": "C"}, "geometry": {"type": "Point", "coordinates": [97.97651, 4.48015901]}}, {"type": "Feature", "properties": {"assignment_id": "7a948b55-3e58-4728-b81c-3805c0f14a97", "latitude": 4.4512706, "longitude": 98.0122919, "kategori": "G"}, "geometry": {"type": "Point", "coordinates": [98.0122919, 4.4512706]}}, {"type": "Feature", "properties": {"assignment_id": "851edf83-8aae-451e-8f6c-7a732dcd4d63", "latitude": 4.47254546, "longitude": 97.98130819, "kategori": "G"}, "geometry": {"type": "Point", "coordinates": [97.98130819, 4.47254546]}}, {"type": "Feature", "properties": {"assignment_id": "8c94f86b-9a26-4d87-8c08-75a308b1a908", "latitude": 4.4801633333333335, "longitude": 97.94768166666667, "kategori": "G"}, "geometry": {"type": "Point", "coordinates": [97.94768166666667, 4.4801633333333335]}}, {"type": "Feature", "properties": {"assignment_id": "b171a6ca-fc7b-4d39-ab0b-afa7bdc0d3b1", "latitude": 4.4456416, "longitude": 97.9783434, "kategori": "A"}, "geometry": {"type": "Point", "coordinates": [97.9783434, 4.4456416]}}, {"type": "Feature", "properties": {"assignment_id": "b171a6ca-fc7b-4d39-ab0b-afa7bdc0d3b1", "latitude": 4.4456416, "longitude": 97.9783434, "kategori": "G"}, "geometry": {"type": "Point", "coordinates": [97.9783434, 4.4456416]}}, {"type": "Feature", "properties": {"assignment_id": "fc7a2f3e-8acb-48aa-a9f1-58432f6bbc60", "latitude": 4.4703547, "longitude": 97.9724501, "kategori": "G"}, "geometry": {"type": "Point", "coordinates": [97.9724501, 4.4703547]}}, {"type": "Feature", "properties": {"assignment_id": "35e4b040-ed77-4ef3-a541-03e8a06131b0", "latitude": 4.487867483333333, "longitude": 97.98139521666666, "kategori": "C"}, "geometry": {"type": "Point", "coordinates": [97.98139521666666, 4.487867483333333]}}, {"type": "Feature", "properties": {"assignment_id": "d3db5639-d887-4275-964f-5875dffc6319", "latitude": 4.4876376, "longitude": 97.9625904, "kategori": "A"}, "geometry": {"type": "Point", "coordinates": [97.9625904, 4.4876376]}}, {"type": "Feature", "properties": {"assignment_id": "df4ebee1-4edb-4eb9-8a16-82aef69a5392", "latitude": 4.4836257, "longitude": 97.9386863, "kategori": "G"}, "geometry": {"type": "Point", "coordinates": [97.9386863, 4.4836257]}}, {"type": "Feature", "properties": {"assignment_id": "f118e36c-3342-4d9b-83ac-b03bf528e38b", "latitude": 4.4463596, "longitude": 97.9778177, "kategori": "C"}, "geometry": {"type": "Point", "coordinates": [97.9778177, 4.4463596]}}, {"type": "Feature", "properties": {"assignment_id": "2fdbb680-7d1e-465e-b38f-aeae95fd21df", "latitude": 4.4744821, "longitude": 97.9385603, "kategori": "A"}, "geometry": {"type": "Point", "coordinates": [97.9385603, 4.4744821]}}, {"type": "Feature", "properties": {"assignment_id": "08586f3f-70a9-4c07-971b-e16193636940", "latitude": 4.4489121, "longitude": 98.0213616, "kategori": "H"}, "geometry": {"type": "Point", "coordinates": [98.0213616, 4.4489121]}}, {"type": "Feature", "properties": {"assignment_id": "13bd9486-0ba9-4210-b5cb-1739a0d5a7bf", "latitude": 4.4933378, "longitude": 97.9620427, "kategori": "A"}, "geometry": {"type": "Point", "coordinates": [97.9620427, 4.4933378]}}, {"type": "Feature", "properties": {"assignment_id": "27f8b44f-cad8-45a9-bab6-b8574cbb53e0", "latitude": 4.4408731, "longitude": 97.9717471, "kategori": "G"}, "geometry": {"type": "Point", "coordinates": [97.9717471, 4.4408731]}}, {"type": "Feature", "properties": {"assignment_id": "51161db3-070b-4f8f-a03a-dfc462d18313", "latitude": 4.433426666666667, "longitude": 98.00813666666666, "kategori": "A"}, "geometry": {"type": "Point", "coordinates": [98.00813666666666, 4.433426666666667]}}, {"type": "Feature", "properties": {"assignment_id": "6681b782-e0d8-4940-8c0e-6fcaa17d5976", "latitude": 4.4465222, "longitude": 97.94195948333332, "kategori": "A"}, "geometry": {"type": "Point", "coordinates": [97.94195948333332, 4.4465222]}}, {"type": "Feature", "properties": {"assignment_id": "93930232-30d7-4166-b5be-84136f6bf503", "latitude": 4.4788168, "longitude": 97.9447204, "kategori": "G"}, "geometry": {"type": "Point", "coordinates": [97.9447204, 4.4788168]}}, {"type": "Feature", "properties": {"assignment_id": "93930232-30d7-4166-b5be-84136f6bf503", "latitude": 4.4788168, "longitude": 97.9447204, "kategori": "F"}, "geometry": {"type": "Point", "coordinates": [97.9447204, 4.4788168]}}, {"type": "Feature", "properties": {"assignment_id": "a42b61e0-eba9-4a2b-b97f-413c3fe4ce5f", "latitude": 4.4798241, "longitude": 97.9790818, "kategori": "C"}, "geometry": {"type": "Point", "coordinates": [97.9790818, 4.4798241]}}, {"type": "Feature", "properties": {"assignment_id": "abcf5221-69fd-4518-beaf-8cf4d3868fbc", "latitude": 4.455703333333333, "longitude": 97.97796333333332, "kategori": "G"}, "geometry": {"type": "Point", "coordinates": [97.97796333333332, 4.455703333333333]}}, {"type": "Feature", "properties": {"assignment_id": "c1c6d3e6-d4ce-44fe-a05e-748d620bfce5", "latitude": 4.472921, "longitude": 97.9715464, "kategori": "G"}, "geometry": {"type": "Point", "coordinates": [97.9715464, 4.472921]}}, {"type": "Feature", "properties": {"assignment_id": "32268854-603c-407e-8513-aacfa0a505d9", "latitude": 4.4432383333333325, "longitude": 97.98827000000001, "kategori": "A"}, "geometry": {"type": "Point", "coordinates": [97.98827000000001, 4.4432383333333325]}}, {"type": "Feature", "properties": {"assignment_id": "a8764019-6b68-462b-948f-81d15baaf613", "latitude": 4.4804681, "longitude": 97.9436513, "kategori": "C"}, "geometry": {"type": "Point", "coordinates": [97.9436513, 4.4804681]}}, {"type": "Feature", "properties": {"assignment_id": "b7fcec5c-f44c-46da-b792-e48465bbc928", "latitude": 4.487644033333334, "longitude": 97.9813578, "kategori": "C"}, "geometry": {"type": "Point", "coordinates": [97.9813578, 4.487644033333334]}}, {"type": "Feature", "properties": {"assignment_id": "29e0f3ca-0d39-4fc7-9fb9-2661ec0c2115", "latitude": 4.474535533333333, "longitude": 97.97339768333335, "kategori": "A"}, "geometry": {"type": "Point", "coordinates": [97.97339768333335, 4.474535533333333]}}, {"type": "Feature", "properties": {"assignment_id": "51bd940e-5c09-40c8-8d58-11a867fb8434", "latitude": 4.475546666666667, "longitude": 97.95393, "kategori": "A"}, "geometry": {"type": "Point", "coordinates": [97.95393, 4.475546666666667]}}, {"type": "Feature", "properties": {"assignment_id": "76a49b15-8352-494b-95a8-b5f08adc5182", "latitude": 4.4871429, "longitude": 97.9588371, "kategori": "G"}, "geometry": {"type": "Point", "coordinates": [97.9588371, 4.4871429]}}, {"type": "Feature", "properties": {"assignment_id": "770534b9-fd41-43f1-bff5-938a6c8b2655", "latitude": 4.432703333333333, "longitude": 97.98898166666667, "kategori": "A"}, "geometry": {"type": "Point", "coordinates": [97.98898166666667, 4.432703333333333]}}, {"type": "Feature", "properties": {"assignment_id": "95e9a87e-8de0-4c2f-ad20-9e372bce996f", "latitude": 4.469516666666666, "longitude": 97.93617833333334, "kategori": "A"}, "geometry": {"type": "Point", "coordinates": [97.93617833333334, 4.469516666666666]}}, {"type": "Feature", "properties": {"assignment_id": "95e9a87e-8de0-4c2f-ad20-9e372bce996f", "latitude": 4.469516666666666, "longitude": 97.93617833333334, "kategori": "G"}, "geometry": {"type": "Point", "coordinates": [97.93617833333334, 4.469516666666666]}}, {"type": "Feature", "properties": {"assignment_id": "99e821a5-cd1e-40dd-8cee-6ab3cacc8296", "latitude": 4.465208333333334, "longitude": 97.95182166666667, "kategori": "A"}, "geometry": {"type": "Point", "coordinates": [97.95182166666667, 4.465208333333334]}}, {"type": "Feature", "properties": {"assignment_id": "a82279f2-e921-4a49-8dd2-f6c1d829980c", "latitude": 4.4545984, "longitude": 98.0104872, "kategori": "A"}, "geometry": {"type": "Point", "coordinates": [98.0104872, 4.4545984]}}, {"type": "Feature", "properties": {"assignment_id": "b08d4d9e-d93c-4dfc-9ae2-e1cb8e9a3997", "latitude": 4.4778447, "longitude": 97.9451213, "kategori": "A"}, "geometry": {"type": "Point", "coordinates": [97.9451213, 4.4778447]}}, {"type": "Feature", "properties": {"assignment_id": "e640acf3-aff3-4b43-a739-3c09a30ddf70", "latitude": 4.4796041, "longitude": 97.9414582, "kategori": "A"}, "geometry": {"type": "Point", "coordinates": [97.9414582, 4.4796041]}}, {"type": "Feature", "properties": {"assignment_id": "2924cfcc-da1c-4fe0-822d-0e79cb1ff495", "latitude": 4.4505583, "longitude": 98.0123467, "kategori": "C"}, "geometry": {"type": "Point", "coordinates": [98.0123467, 4.4505583]}}, {"type": "Feature", "properties": {"assignment_id": "d693a4bb-279c-4fd3-95be-601dc89ae4ed", "latitude": 4.4557397, "longitude": 98.03015538333332, "kategori": "C"}, "geometry": {"type": "Point", "coordinates": [98.03015538333332, 4.4557397]}}, {"type": "Feature", "properties": {"assignment_id": "d7a103b9-a3ea-46a9-b65b-8c648836972c", "latitude": 4.4186733333333335, "longitude": 98.02909, "kategori": "A"}, "geometry": {"type": "Point", "coordinates": [98.02909, 4.4186733333333335]}}, {"type": "Feature", "properties": {"assignment_id": "03b4311d-c3d5-4ee3-b24b-70f586712888", "latitude": 4.476375, "longitude": 97.95504, "kategori": "Q"}, "geometry": {"type": "Point", "coordinates": [97.95504, 4.476375]}}, {"type": "Feature", "properties": {"assignment_id": "13ebde24-d046-4ba2-a40e-7923792b8d2a", "latitude": 4.4662601, "longitude": 97.9639111, "kategori": "G"}, "geometry": {"type": "Point", "coordinates": [97.9639111, 4.4662601]}}, {"type": "Feature", "properties": {"assignment_id": "278b14c2-84e4-468c-bcb6-a13ee5964d2a", "latitude": 4.4624946, "longitude": 97.9406773, "kategori": "A"}, "geometry": {"type": "Point", "coordinates": [97.9406773, 4.4624946]}}, {"type": "Feature", "properties": {"assignment_id": "2c17859a-9a72-40b5-ae5b-d59eb68c167b", "latitude": 4.4406688, "longitude": 98.013819, "kategori": "A"}, "geometry": {"type": "Point", "coordinates": [98.013819, 4.4406688]}}, {"type": "Feature", "properties": {"assignment_id": "45104e61-3201-4289-86ad-b54369141995", "latitude": 4.4733014, "longitude": 97.97826918, "kategori": "A"}, "geometry": {"type": "Point", "coordinates": [97.97826918, 4.4733014]}}, {"type": "Feature", "properties": {"assignment_id": "8c95dce9-79ca-4748-8fb8-74f813886e1c", "latitude": 4.4705008, "longitude": 97.9736211, "kategori": "G"}, "geometry": {"type": "Point", "coordinates": [97.9736211, 4.4705008]}}, {"type": "Feature", "properties": {"assignment_id": "97310f90-6ecf-4b87-b316-85841c8dd594", "latitude": 4.4936963, "longitude": 97.9480043, "kategori": "A"}, "geometry": {"type": "Point", "coordinates": [97.9480043, 4.4936963]}}, {"type": "Feature", "properties": {"assignment_id": "d8c1710c-de81-4f0b-b597-87a7b7c96245", "latitude": 4.443293333333333, "longitude": 97.99227666666665, "kategori": "A"}, "geometry": {"type": "Point", "coordinates": [97.99227666666665, 4.443293333333333]}}, {"type": "Feature", "properties": {"assignment_id": "53784066-cd9a-425b-92db-b0ac925b7778", "latitude": 4.5168699, "longitude": 97.9440146, "kategori": "A"}, "geometry": {"type": "Point", "coordinates": [97.9440146, 4.5168699]}}, {"type": "Feature", "properties": {"assignment_id": "9591b69b-607b-4a81-b233-98bbb819b2a6", "latitude": 4.47528, "longitude": 97.95762500000001, "kategori": "A"}, "geometry": {"type": "Point", "coordinates": [97.95762500000001, 4.47528]}}, {"type": "Feature", "properties": {"assignment_id": "a2d7bf42-4dcf-4857-b0d0-3a7b85809679", "latitude": 4.423018333333333, "longitude": 98.025605, "kategori": "A"}, "geometry": {"type": "Point", "coordinates": [98.025605, 4.423018333333333]}}, {"type": "Feature", "properties": {"assignment_id": "a2d7bf42-4dcf-4857-b0d0-3a7b85809679", "latitude": 4.423018333333333, "longitude": 98.025605, "kategori": "G"}, "geometry": {"type": "Point", "coordinates": [98.025605, 4.423018333333333]}}, {"type": "Feature", "properties": {"assignment_id": "c579c186-da5f-4dd8-8f12-4c9660e087af", "latitude": 4.5248184, "longitude": 97.9390132, "kategori": "A"}, "geometry": {"type": "Point", "coordinates": [97.9390132, 4.5248184]}}, {"type": "Feature", "properties": {"assignment_id": "cb30164c-b08f-4744-9518-b921dd05b8f5", "latitude": 4.4786287666666675, "longitude": 97.97985405, "kategori": "A"}, "geometry": {"type": "Point", "coordinates": [97.97985405, 4.4786287666666675]}}, {"type": "Feature", "properties": {"assignment_id": "cb30164c-b08f-4744-9518-b921dd05b8f5", "latitude": 4.4786287666666675, "longitude": 97.97985405, "kategori": "C"}, "geometry": {"type": "Point", "coordinates": [97.97985405, 4.4786287666666675]}}, {"type": "Feature", "properties": {"assignment_id": "d0c95623-888b-4a45-ba14-a0ef5876bf90", "latitude": 4.467898333333333, "longitude": 97.93270666666668, "kategori": "A"}, "geometry": {"type": "Point", "coordinates": [97.93270666666668, 4.467898333333333]}}, {"type": "Feature", "properties": {"assignment_id": "d0c95623-888b-4a45-ba14-a0ef5876bf90", "latitude": 4.467898333333333, "longitude": 97.93270666666668, "kategori": "C"}, "geometry": {"type": "Point", "coordinates": [97.93270666666668, 4.467898333333333]}}, {"type": "Feature", "properties": {"assignment_id": "e192e9d9-c0f2-4b15-a134-05bcf1a61d36", "latitude": 4.4437445, "longitude": 97.9995426, "kategori": "A"}, "geometry": {"type": "Point", "coordinates": [97.9995426, 4.4437445]}}, {"type": "Feature", "properties": {"assignment_id": "6a2e2adb-c0a2-4bd3-b347-a3ae5b17e892", "latitude": 4.4599378, "longitude": 97.9772105, "kategori": "H"}, "geometry": {"type": "Point", "coordinates": [97.9772105, 4.4599378]}}, {"type": "Feature", "properties": {"assignment_id": "6a2e2adb-c0a2-4bd3-b347-a3ae5b17e892", "latitude": 4.4599378, "longitude": 97.9772105, "kategori": "G"}, "geometry": {"type": "Point", "coordinates": [97.9772105, 4.4599378]}}, {"type": "Feature", "properties": {"assignment_id": "90f06c78-47be-40df-8bf1-fe76f577de80", "latitude": 4.459036666666666, "longitude": 97.96950333333334, "kategori": "I"}, "geometry": {"type": "Point", "coordinates": [97.96950333333334, 4.459036666666666]}}, {"type": "Feature", "properties": {"assignment_id": "bec1891f-5235-433d-b112-779279f58e3d", "latitude": 4.4776948, "longitude": 97.9431919, "kategori": "S"}, "geometry": {"type": "Point", "coordinates": [97.9431919, 4.4776948]}}, {"type": "Feature", "properties": {"assignment_id": "05833f0a-aa54-46c8-a9ef-1ab80942ef63", "latitude": 4.4763953, "longitude": 97.9790721, "kategori": "C"}, "geometry": {"type": "Point", "coordinates": [97.9790721, 4.4763953]}}, {"type": "Feature", "properties": {"assignment_id": "551428a7-00e6-4d98-8e27-855436fdd91e", "latitude": 4.4662817, "longitude": 97.974325, "kategori": "G"}, "geometry": {"type": "Point", "coordinates": [97.974325, 4.4662817]}}, {"type": "Feature", "properties": {"assignment_id": "6e220ca5-b0c3-4304-ae32-18e06875804c", "latitude": 4.463535, "longitude": 97.968115, "kategori": "A"}, "geometry": {"type": "Point", "coordinates": [97.968115, 4.463535]}}, {"type": "Feature", "properties": {"assignment_id": "9d34b808-4a1c-4483-9407-373915380370", "latitude": 4.45630539, "longitude": 97.99066717, "kategori": "C"}, "geometry": {"type": "Point", "coordinates": [97.99066717, 4.45630539]}}, {"type": "Feature", "properties": {"assignment_id": "b22651ae-482c-4788-893c-2a5ba5e3f7d4", "latitude": 4.4603045, "longitude": 97.9911649, "kategori": "A"}, "geometry": {"type": "Point", "coordinates": [97.9911649, 4.4603045]}}, {"type": "Feature", "properties": {"assignment_id": "c2a05958-0b2e-4467-b6b6-d8e650ae1a41", "latitude": 4.4313748, "longitude": 98.0147869, "kategori": "F"}, "geometry": {"type": "Point", "coordinates": [98.0147869, 4.4313748]}}, {"type": "Feature", "properties": {"assignment_id": "dc791ca8-adb1-46d7-9385-12718e344ecc", "latitude": 4.480186002328992, "longitude": 97.97746402211487, "kategori": "A"}, "geometry": {"type": "Point", "coordinates": [97.97746402211487, 4.480186002328992]}}, {"type": "Feature", "properties": {"assignment_id": "60cc53a2-678a-4f75-b34c-17b2f644732e", "latitude": 4.475126, "longitude": 97.9551136, "kategori": "C"}, "geometry": {"type": "Point", "coordinates": [97.9551136, 4.475126]}}, {"type": "Feature", "properties": {"assignment_id": "88ef70ac-2156-439d-9480-f003231f5429", "latitude": 4.4628167, "longitude": 97.9807283, "kategori": "G"}, "geometry": {"type": "Point", "coordinates": [97.9807283, 4.4628167]}}, {"type": "Feature", "properties": {"assignment_id": "2f8d1cac-d4bd-4943-9259-462cd665d084", "latitude": 4.4703043, "longitude": 97.9740143, "kategori": "G"}, "geometry": {"type": "Point", "coordinates": [97.9740143, 4.4703043]}}, {"type": "Feature", "properties": {"assignment_id": "4052b62f-97d4-47fb-bc03-2f4b2d748a7d", "latitude": 4.4751437, "longitude": 97.9823217, "kategori": "A"}, "geometry": {"type": "Point", "coordinates": [97.9823217, 4.4751437]}}, {"type": "Feature", "properties": {"assignment_id": "49463e61-4776-40cc-a0e5-4ac21b94446e", "latitude": 4.494368333333333, "longitude": 97.96745666666666, "kategori": "A"}, "geometry": {"type": "Point", "coordinates": [97.96745666666666, 4.494368333333333]}}, {"type": "Feature", "properties": {"assignment_id": "49463e61-4776-40cc-a0e5-4ac21b94446e", "latitude": 4.494368333333333, "longitude": 97.96745666666666, "kategori": "C"}, "geometry": {"type": "Point", "coordinates": [97.96745666666666, 4.494368333333333]}}, {"type": "Feature", "properties": {"assignment_id": "5242c157-1791-4ea4-b948-a6b6e6cbed03", "latitude": 4.445131666666667, "longitude": 97.98864333333334, "kategori": "A"}, "geometry": {"type": "Point", "coordinates": [97.98864333333334, 4.445131666666667]}}, {"type": "Feature", "properties": {"assignment_id": "5242c157-1791-4ea4-b948-a6b6e6cbed03", "latitude": 4.445131666666667, "longitude": 97.98864333333334, "kategori": "F"}, "geometry": {"type": "Point", "coordinates": [97.98864333333334, 4.445131666666667]}}, {"type": "Feature", "properties": {"assignment_id": "8f17713a-d61e-4647-80ed-f56836ca409c", "latitude": 4.4612957, "longitude": 97.9700916, "kategori": "C"}, "geometry": {"type": "Point", "coordinates": [97.9700916, 4.4612957]}}, {"type": "Feature", "properties": {"assignment_id": "9ab7c8c3-7c4c-4104-a05a-41f71bd7d0b8", "latitude": 4.4405891, "longitude": 97.9698905, "kategori": "A"}, "geometry": {"type": "Point", "coordinates": [97.9698905, 4.4405891]}}, {"type": "Feature", "properties": {"assignment_id": "a6a031aa-f247-42cb-a917-2fa03aada4b9", "latitude": 4.4787748, "longitude": 97.9461473, "kategori": "A"}, "geometry": {"type": "Point", "coordinates": [97.9461473, 4.4787748]}}, {"type": "Feature", "properties": {"assignment_id": "b91095ee-6fca-456b-acc3-f81d6ff9a1b4", "latitude": 4.49552, "longitude": 97.9452121, "kategori": "G"}, "geometry": {"type": "Point", "coordinates": [97.9452121, 4.49552]}}, {"type": "Feature", "properties": {"assignment_id": "cbd3cdc2-e4fe-43d6-a287-dd09daac638e", "latitude": 4.4701984, "longitude": 97.9762506, "kategori": "G"}, "geometry": {"type": "Point", "coordinates": [97.9762506, 4.4701984]}}, {"type": "Feature", "properties": {"assignment_id": "e8adda41-42f8-4d7c-98e0-c9b4316e990e", "latitude": 4.449464, "longitude": 97.9778199, "kategori": "A"}, "geometry": {"type": "Point", "coordinates": [97.9778199, 4.449464]}}, {"type": "Feature", "properties": {"assignment_id": "f2bf2968-a939-4c72-8da0-c97fa2539d9d", "latitude": 4.4716317, "longitude": 97.9812533, "kategori": "A"}, "geometry": {"type": "Point", "coordinates": [97.9812533, 4.4716317]}}, {"type": "Feature", "properties": {"assignment_id": "9c1078f6-1ed8-4d0b-b9be-c503fd87d1b1", "latitude": 4.451121666666666, "longitude": 98.01507500000001, "kategori": "A"}, "geometry": {"type": "Point", "coordinates": [98.01507500000001, 4.451121666666666]}}, {"type": "Feature", "properties": {"assignment_id": "0cec2492-8390-4e42-a0c5-9af8ecc8af41", "latitude": 4.4462659, "longitude": 97.9769449, "kategori": "A"}, "geometry": {"type": "Point", "coordinates": [97.9769449, 4.4462659]}}, {"type": "Feature", "properties": {"assignment_id": "1023fb87-03a9-4fb4-932c-d09a9dfbbfa4", "latitude": 4.4941908, "longitude": 97.9776539, "kategori": "A"}, "geometry": {"type": "Point", "coordinates": [97.9776539, 4.4941908]}}, {"type": "Feature", "properties": {"assignment_id": "85e9e6bf-6ecb-48c3-9fcf-282eb56bd2e1", "latitude": 4.4570623, "longitude": 97.9811066, "kategori": "C"}, "geometry": {"type": "Point", "coordinates": [97.9811066, 4.4570623]}}, {"type": "Feature", "properties": {"assignment_id": "cc94189e-0c6c-4fa2-960f-4eb08166f2df", "latitude": 4.4766346, "longitude": 97.9605001, "kategori": "A"}, "geometry": {"type": "Point", "coordinates": [97.9605001, 4.4766346]}}, {"type": "Feature", "properties": {"assignment_id": "e9bf9b6e-2a60-4724-b256-3814aee7d1b4", "latitude": 4.42129, "longitude": 98.02678166666668, "kategori": "A"}, "geometry": {"type": "Point", "coordinates": [98.02678166666668, 4.42129]}}, {"type": "Feature", "properties": {"assignment_id": "fae05768-d5db-4071-aad6-991acae10243", "latitude": 4.4942383, "longitude": 97.9747438, "kategori": "A"}, "geometry": {"type": "Point", "coordinates": [97.9747438, 4.4942383]}}, {"type": "Feature", "properties": {"assignment_id": "9e0e7310-db83-4fec-aa85-3fec856ef25f", "latitude": 4.4343201, "longitude": 98.0358598, "kategori": "A"}, "geometry": {"type": "Point", "coordinates": [98.0358598, 4.4343201]}}, {"type": "Feature", "properties": {"assignment_id": "9e0e7310-db83-4fec-aa85-3fec856ef25f", "latitude": 4.4343201, "longitude": 98.0358598, "kategori": "C"}, "geometry": {"type": "Point", "coordinates": [98.0358598, 4.4343201]}}, {"type": "Feature", "properties": {"assignment_id": "aed4b6a6-d453-47e2-970e-46d562891bd3", "latitude": 4.46065, "longitude": 97.96981499999998, "kategori": "G"}, "geometry": {"type": "Point", "coordinates": [97.96981499999998, 4.46065]}}, {"type": "Feature", "properties": {"assignment_id": "dddf27a1-ad4d-4dad-864f-d957af2b735c", "latitude": 4.4527785, "longitude": 98.0146907, "kategori": "A"}, "geometry": {"type": "Point", "coordinates": [98.0146907, 4.4527785]}}, {"type": "Feature", "properties": {"assignment_id": "21f5d09b-7b2b-4b0b-aa21-68c598d8afb9", "latitude": 4.474189033333333, "longitude": 97.97343276666668, "kategori": "G"}, "geometry": {"type": "Point", "coordinates": [97.97343276666668, 4.474189033333333]}}, {"type": "Feature", "properties": {"assignment_id": "2ea03b0a-110e-47bc-86da-ca78732bbfdf", "latitude": 4.4958225, "longitude": 97.9529525, "kategori": "G"}, "geometry": {"type": "Point", "coordinates": [97.9529525, 4.4958225]}}, {"type": "Feature", "properties": {"assignment_id": "5769b768-2423-43ae-b691-e8a22bf2a2be", "latitude": 4.4355791, "longitude": 97.9912378, "kategori": "A"}, "geometry": {"type": "Point", "coordinates": [97.9912378, 4.4355791]}}, {"type": "Feature", "properties": {"assignment_id": "6e26e992-2e8d-4add-ae9c-17d608824947", "latitude": 4.4399652, "longitude": 98.0133056, "kategori": "A"}, "geometry": {"type": "Point", "coordinates": [98.0133056, 4.4399652]}}, {"type": "Feature", "properties": {"assignment_id": "6e26e992-2e8d-4add-ae9c-17d608824947", "latitude": 4.4399652, "longitude": 98.0133056, "kategori": "H"}, "geometry": {"type": "Point", "coordinates": [98.0133056, 4.4399652]}}, {"type": "Feature", "properties": {"assignment_id": "a4884e5b-01da-4eac-8d8f-44c7ac2ecbdb", "latitude": 4.464458333333334, "longitude": 97.935375, "kategori": "A"}, "geometry": {"type": "Point", "coordinates": [97.935375, 4.464458333333334]}}, {"type": "Feature", "properties": {"assignment_id": "da418b77-7a1a-4f78-866c-296056bca19a", "latitude": 4.4737256, "longitude": 97.938969, "kategori": "G"}, "geometry": {"type": "Point", "coordinates": [97.938969, 4.4737256]}}, {"type": "Feature", "properties": {"assignment_id": "6c53a8ce-f2a4-4f08-9152-4df7b4ef39d3", "latitude": 4.4499933333333335, "longitude": 98.01531166666668, "kategori": "A"}, "geometry": {"type": "Point", "coordinates": [98.01531166666668, 4.4499933333333335]}}, {"type": "Feature", "properties": {"assignment_id": "73e70410-cb38-48de-82b8-d6b07102886f", "latitude": 4.4801457, "longitude": 97.9448452, "kategori": "G"}, "geometry": {"type": "Point", "coordinates": [97.9448452, 4.4801457]}}, {"type": "Feature", "properties": {"assignment_id": "b41b48c9-712c-4f8f-a25e-75535aa45d51", "latitude": 4.45341586, "longitude": 98.03093636, "kategori": "G"}, "geometry": {"type": "Point", "coordinates": [98.03093636, 4.45341586]}}, {"type": "Feature", "properties": {"assignment_id": "9df5fc1e-90fc-4256-a1ab-af40f75c5d56", "latitude": 4.469873333333334, "longitude": 97.93402499999999, "kategori": "A"}, "geometry": {"type": "Point", "coordinates": [97.93402499999999, 4.469873333333334]}}, {"type": "Feature", "properties": {"assignment_id": "053bd096-c295-4144-b114-fd773e4d3b02", "latitude": 4.455145, "longitude": 97.98238500000001, "kategori": "A"}, "geometry": {"type": "Point", "coordinates": [97.98238500000001, 4.455145]}}, {"type": "Feature", "properties": {"assignment_id": "096e2bbe-7ef3-4669-9fc5-1686c56d2f8d", "latitude": 4.5024565, "longitude": 97.9408584, "kategori": "C"}, "geometry": {"type": "Point", "coordinates": [97.9408584, 4.5024565]}}, {"type": "Feature", "properties": {"assignment_id": "1573661c-2f34-4f99-b6c1-e68e6b4903d1", "latitude": 4.4599846, "longitude": 97.9768978, "kategori": "G"}, "geometry": {"type": "Point", "coordinates": [97.9768978, 4.4599846]}}, {"type": "Feature", "properties": {"assignment_id": "1ad56ab7-47ce-4828-b3f5-05a4a24419d0", "latitude": 4.4756428, "longitude": 97.9799533, "kategori": "G"}, "geometry": {"type": "Point", "coordinates": [97.9799533, 4.4756428]}}, {"type": "Feature", "properties": {"assignment_id": "543eb054-2690-4a7d-9173-2699f4405b3b", "latitude": 4.4413747, "longitude": 97.9697645, "kategori": "A"}, "geometry": {"type": "Point", "coordinates": [97.9697645, 4.4413747]}}, {"type": "Feature", "properties": {"assignment_id": "620a4b8a-9925-40e0-84aa-d1183ad6f335", "latitude": 4.469075, "longitude": 97.9714233, "kategori": "G"}, "geometry": {"type": "Point", "coordinates": [97.9714233, 4.469075]}}, {"type": "Feature", "properties": {"assignment_id": "7622e586-d0ee-4dc9-930d-e5e6fbf665a1", "latitude": 4.4661994, "longitude": 97.9641545, "kategori": "A"}, "geometry": {"type": "Point", "coordinates": [97.9641545, 4.4661994]}}, {"type": "Feature", "properties": {"assignment_id": "a1b2cfb5-12f6-4651-84d1-1baab3d53a2c", "latitude": 4.4352072, "longitude": 97.988366, "kategori": "A"}, "geometry": {"type": "Point", "coordinates": [97.988366, 4.4352072]}}, {"type": "Feature", "properties": {"assignment_id": "c7785bab-fd59-47cc-bad6-f177a3fe10b5", "latitude": 4.45746187, "longitude": 97.99551646, "kategori": "G"}, "geometry": {"type": "Point", "coordinates": [97.99551646, 4.45746187]}}, {"type": "Feature", "properties": {"assignment_id": "d55e7fb2-d5b5-4db0-a1b2-47391300bcf3", "latitude": 4.5517972, "longitude": 98.0650067, "kategori": "G"}, "geometry": {"type": "Point", "coordinates": [98.0650067, 4.5517972]}}, {"type": "Feature", "properties": {"assignment_id": "ee4bafd7-a512-434f-a882-233252256883", "latitude": 4.438791116666667, "longitude": 98.01231976666668, "kategori": "A"}, "geometry": {"type": "Point", "coordinates": [98.01231976666668, 4.438791116666667]}}, {"type": "Feature", "properties": {"assignment_id": "21f3846d-7f35-4f8f-b92b-d9dff5c03e9c", "latitude": 4.432266666666666, "longitude": 98.00857333333333, "kategori": "A"}, "geometry": {"type": "Point", "coordinates": [98.00857333333333, 4.432266666666666]}}, {"type": "Feature", "properties": {"assignment_id": "30bef915-083d-4821-8953-ebf93f4f5703", "latitude": 4.44744534, "longitude": 98.02972853, "kategori": "A"}, "geometry": {"type": "Point", "coordinates": [98.02972853, 4.44744534]}}, {"type": "Feature", "properties": {"assignment_id": "4ab0d87b-515c-4d62-9a65-0d0eed516e35", "latitude": 4.4601461, "longitude": 97.9944244, "kategori": "A"}, "geometry": {"type": "Point", "coordinates": [97.9944244, 4.4601461]}}, {"type": "Feature", "properties": {"assignment_id": "a49c1f41-5cc9-434b-a51a-491e77be4808", "latitude": 4.4666948, "longitude": 97.9692345, "kategori": "A"}, "geometry": {"type": "Point", "coordinates": [97.9692345, 4.4666948]}}, {"type": "Feature", "properties": {"assignment_id": "072f1f14-65b5-4391-8233-e8d63fe4e932", "latitude": 4.4696743, "longitude": 97.9742827, "kategori": "G"}, "geometry": {"type": "Point", "coordinates": [97.9742827, 4.4696743]}}, {"type": "Feature", "properties": {"assignment_id": "49e046b4-9f1d-4de4-bccd-0abc675d3042", "latitude": 4.460673, "longitude": 97.9919809, "kategori": "A"}, "geometry": {"type": "Point", "coordinates": [97.9919809, 4.460673]}}, {"type": "Feature", "properties": {"assignment_id": "5a3adb95-301a-4304-b29a-77a86e9f954a", "latitude": 4.442044999999999, "longitude": 97.98845333333333, "kategori": "A"}, "geometry": {"type": "Point", "coordinates": [97.98845333333333, 4.442044999999999]}}, {"type": "Feature", "properties": {"assignment_id": "5a3adb95-301a-4304-b29a-77a86e9f954a", "latitude": 4.442044999999999, "longitude": 97.98845333333333, "kategori": "C"}, "geometry": {"type": "Point", "coordinates": [97.98845333333333, 4.442044999999999]}}, {"type": "Feature", "properties": {"assignment_id": "5d7d9917-05c4-4617-8ddf-f442c29d15c6", "latitude": 4.4649435, "longitude": 97.9750106, "kategori": "G"}, "geometry": {"type": "Point", "coordinates": [97.9750106, 4.4649435]}}, {"type": "Feature", "properties": {"assignment_id": "5d7d9917-05c4-4617-8ddf-f442c29d15c6", "latitude": 4.4649435, "longitude": 97.9750106, "kategori": "C"}, "geometry": {"type": "Point", "coordinates": [97.9750106, 4.4649435]}}, {"type": "Feature", "properties": {"assignment_id": "64a15da4-8fe2-44bc-818f-ea06445cc69b", "latitude": 4.4345489, "longitude": 98.0212462, "kategori": "A"}, "geometry": {"type": "Point", "coordinates": [98.0212462, 4.4345489]}}, {"type": "Feature", "properties": {"assignment_id": "6b0a3303-f5ad-4cf7-9576-6911f0cf727a", "latitude": 4.4395732, "longitude": 97.9709288, "kategori": "A"}, "geometry": {"type": "Point", "coordinates": [97.9709288, 4.4395732]}}, {"type": "Feature", "properties": {"assignment_id": "6b0a3303-f5ad-4cf7-9576-6911f0cf727a", "latitude": 4.4395732, "longitude": 97.9709288, "kategori": "C"}, "geometry": {"type": "Point", "coordinates": [97.9709288, 4.4395732]}}, {"type": "Feature", "properties": {"assignment_id": "8058aaa4-fd7b-4f08-ab9d-b01394454889", "latitude": 4.429171, "longitude": 98.0241824, "kategori": "A"}, "geometry": {"type": "Point", "coordinates": [98.0241824, 4.429171]}}, {"type": "Feature", "properties": {"assignment_id": "ab0c10ce-74b2-451a-ac87-9d86b5332e48", "latitude": 4.4716232, "longitude": 97.9681954, "kategori": "G"}, "geometry": {"type": "Point", "coordinates": [97.9681954, 4.4716232]}}, {"type": "Feature", "properties": {"assignment_id": "b4fe98f9-7f60-43a6-8a6c-b5065b47d246", "latitude": 4.4507694, "longitude": 97.9955204, "kategori": "G"}, "geometry": {"type": "Point", "coordinates": [97.9955204, 4.4507694]}}, {"type": "Feature", "properties": {"assignment_id": "d4f75375-364b-439d-9018-5aed51f181a6", "latitude": 4.438553333333333, "longitude": 98.00224833333331, "kategori": "A"}, "geometry": {"type": "Point", "coordinates": [98.00224833333331, 4.438553333333333]}}, {"type": "Feature", "properties": {"assignment_id": "eebe9cf7-ab55-4a69-b733-9254bee0d773", "latitude": 4.4782776, "longitude": 97.9463754, "kategori": "C"}, "geometry": {"type": "Point", "coordinates": [97.9463754, 4.4782776]}}, {"type": "Feature", "properties": {"assignment_id": "1286c30c-60fa-444b-b0e1-eea84aedab4e", "latitude": 4.465895000000001, "longitude": 97.93611333333335, "kategori": "C"}, "geometry": {"type": "Point", "coordinates": [97.93611333333335, 4.465895000000001]}}, {"type": "Feature", "properties": {"assignment_id": "3ea5535a-b692-4cde-96d6-3433fa7dbaf3", "latitude": 4.4711907, "longitude": 97.9598968, "kategori": "Q"}, "geometry": {"type": "Point", "coordinates": [97.9598968, 4.4711907]}}, {"type": "Feature", "properties": {"assignment_id": "d45ae9a5-a5c7-43e4-93eb-c40c4c1b2e0a", "latitude": 4.4347133, "longitude": 98.035775, "kategori": "A"}, "geometry": {"type": "Point", "coordinates": [98.035775, 4.4347133]}}, {"type": "Feature", "properties": {"assignment_id": "d45ae9a5-a5c7-43e4-93eb-c40c4c1b2e0a", "latitude": 4.4347133, "longitude": 98.035775, "kategori": "C"}, "geometry": {"type": "Point", "coordinates": [98.035775, 4.4347133]}}, {"type": "Feature", "properties": {"assignment_id": "16193cf6-d147-43db-8bf6-d8c82d0cc32e", "latitude": 4.44821085, "longitude": 98.02872999, "kategori": "A"}, "geometry": {"type": "Point", "coordinates": [98.02872999, 4.44821085]}}, {"type": "Feature", "properties": {"assignment_id": "16193cf6-d147-43db-8bf6-d8c82d0cc32e", "latitude": 4.44821085, "longitude": 98.02872999, "kategori": "C"}, "geometry": {"type": "Point", "coordinates": [98.02872999, 4.44821085]}}, {"type": "Feature", "properties": {"assignment_id": "716c13ae-ffe6-42a2-b199-d97b07f946a5", "latitude": 4.482571666666667, "longitude": 97.97105166666667, "kategori": "A"}, "geometry": {"type": "Point", "coordinates": [97.97105166666667, 4.482571666666667]}}, {"type": "Feature", "properties": {"assignment_id": "768e28b2-26ce-46b4-9547-ab9127eab330", "latitude": 4.4388517, "longitude": 97.988055, "kategori": "A"}, "geometry": {"type": "Point", "coordinates": [97.988055, 4.4388517]}}, {"type": "Feature", "properties": {"assignment_id": "8cd98a10-1cce-403d-b3fb-278265b3018b", "latitude": 4.47855805, "longitude": 97.94539172, "kategori": "A"}, "geometry": {"type": "Point", "coordinates": [97.94539172, 4.47855805]}}, {"type": "Feature", "properties": {"assignment_id": "a85ecb1a-4fef-4289-864c-0f731395e08d", "latitude": 4.4833928, "longitude": 97.9818671, "kategori": "C"}, "geometry": {"type": "Point", "coordinates": [97.9818671, 4.4833928]}}, {"type": "Feature", "properties": {"assignment_id": "abad886f-47f2-4d61-88bb-edabe1a95755", "latitude": 4.4340783, "longitude": 98.02335, "kategori": "A"}, "geometry": {"type": "Point", "coordinates": [98.02335, 4.4340783]}}, {"type": "Feature", "properties": {"assignment_id": "cf214fd5-540e-4143-99c4-fbbc58fb1cfb", "latitude": 4.4739208, "longitude": 97.9613194, "kategori": "A"}, "geometry": {"type": "Point", "coordinates": [97.9613194, 4.4739208]}}, {"type": "Feature", "properties": {"assignment_id": "dc3149fa-10d8-4255-965d-23bde8a6d45a", "latitude": 4.464906666666667, "longitude": 97.95244666666667, "kategori": "A"}, "geometry": {"type": "Point", "coordinates": [97.95244666666667, 4.464906666666667]}}, {"type": "Feature", "properties": {"assignment_id": "f511bfc0-0a57-4f11-9554-86f86e0be6f8", "latitude": 4.4774852, "longitude": 97.9458361, "kategori": "H"}, "geometry": {"type": "Point", "coordinates": [97.9458361, 4.4774852]}}, {"type": "Feature", "properties": {"assignment_id": "2968bd90-58c4-4bb9-a2d7-9de829f6bf64", "latitude": 4.4560241, "longitude": 97.9894578, "kategori": "A"}, "geometry": {"type": "Point", "coordinates": [97.9894578, 4.4560241]}}, {"type": "Feature", "properties": {"assignment_id": "0642bdf2-924d-4dfb-980e-3ae4de1d7606", "latitude": 4.446573, "longitude": 97.9431123, "kategori": "A"}, "geometry": {"type": "Point", "coordinates": [97.9431123, 4.446573]}}, {"type": "Feature", "properties": {"assignment_id": "268248f0-dee3-45d4-9fc4-f393031adf96", "latitude": 4.4912369, "longitude": 97.9718071, "kategori": "G"}, "geometry": {"type": "Point", "coordinates": [97.9718071, 4.4912369]}}, {"type": "Feature", "properties": {"assignment_id": "2c19c978-2d50-446a-9275-12477a18ea79", "latitude": 4.466753333333333, "longitude": 97.93699166666666, "kategori": "A"}, "geometry": {"type": "Point", "coordinates": [97.93699166666666, 4.466753333333333]}}, {"type": "Feature", "properties": {"assignment_id": "6abedecb-9e71-43ab-ac2f-8bdb90293446", "latitude": 4.478373166666667, "longitude": 97.98000339999999, "kategori": "H"}, "geometry": {"type": "Point", "coordinates": [97.98000339999999, 4.478373166666667]}}, {"type": "Feature", "properties": {"assignment_id": "7839724a-0445-4859-9e8e-f3b06cc5e4e2", "latitude": 4.466376666666666, "longitude": 97.94261833333333, "kategori": "A"}, "geometry": {"type": "Point", "coordinates": [97.94261833333333, 4.466376666666666]}}, {"type": "Feature", "properties": {"assignment_id": "88b2332c-ae3b-420b-aa11-8d795ceb20a0", "latitude": 4.480436666666666, "longitude": 97.94747333333335, "kategori": "A"}, "geometry": {"type": "Point", "coordinates": [97.94747333333335, 4.480436666666666]}}, {"type": "Feature", "properties": {"assignment_id": "88b2332c-ae3b-420b-aa11-8d795ceb20a0", "latitude": 4.480436666666666, "longitude": 97.94747333333335, "kategori": "C"}, "geometry": {"type": "Point", "coordinates": [97.94747333333335, 4.480436666666666]}}, {"type": "Feature", "properties": {"assignment_id": "bf66e0dc-6b6c-4efb-b471-6ff203c6d0a0", "latitude": 4.4496503, "longitude": 98.0122604, "kategori": "C"}, "geometry": {"type": "Point", "coordinates": [98.0122604, 4.4496503]}}, {"type": "Feature", "properties": {"assignment_id": "cba9fc7d-1ddc-4c56-be46-c70597e0fea5", "latitude": 4.4540967, "longitude": 97.9279542, "kategori": "A"}, "geometry": {"type": "Point", "coordinates": [97.9279542, 4.4540967]}}, {"type": "Feature", "properties": {"assignment_id": "d49d5466-106f-49b6-ab20-ec37ad2754b5", "latitude": 4.4925772, "longitude": 97.9518611, "kategori": "C"}, "geometry": {"type": "Point", "coordinates": [97.9518611, 4.4925772]}}, {"type": "Feature", "properties": {"assignment_id": "e915271a-ecb9-4256-a1b6-4f72d52833d5", "latitude": 4.471661, "longitude": 97.9576052, "kategori": "G"}, "geometry": {"type": "Point", "coordinates": [97.9576052, 4.471661]}}, {"type": "Feature", "properties": {"assignment_id": "f8d63188-d30c-4574-83e5-5034a0b0f62a", "latitude": 4.471751666666666, "longitude": 97.95063999999999, "kategori": "A"}, "geometry": {"type": "Point", "coordinates": [97.95063999999999, 4.471751666666666]}}, {"type": "Feature", "properties": {"assignment_id": "f8d63188-d30c-4574-83e5-5034a0b0f62a", "latitude": 4.471751666666666, "longitude": 97.95063999999999, "kategori": "C"}, "geometry": {"type": "Point", "coordinates": [97.95063999999999, 4.471751666666666]}}, {"type": "Feature", "properties": {"assignment_id": "979489a8-417e-4112-8a8f-348d409f2cc8", "latitude": 4.443256666666667, "longitude": 97.98811499999998, "kategori": "T"}, "geometry": {"type": "Point", "coordinates": [97.98811499999998, 4.443256666666667]}}, {"type": "Feature", "properties": {"assignment_id": "1a1fae29-7e52-4c08-9432-d0f63a98db75", "latitude": 4.4491317, "longitude": 98.02096893, "kategori": "A"}, "geometry": {"type": "Point", "coordinates": [98.02096893, 4.4491317]}}, {"type": "Feature", "properties": {"assignment_id": "372e2012-380a-4c46-8df7-218ae0e05c1c", "latitude": 4.444111866666666, "longitude": 97.94014074999998, "kategori": "A"}, "geometry": {"type": "Point", "coordinates": [97.94014074999998, 4.444111866666666]}}, {"type": "Feature", "properties": {"assignment_id": "372e2012-380a-4c46-8df7-218ae0e05c1c", "latitude": 4.444111866666666, "longitude": 97.94014074999998, "kategori": "C"}, "geometry": {"type": "Point", "coordinates": [97.94014074999998, 4.444111866666666]}}, {"type": "Feature", "properties": {"assignment_id": "4019b91d-d6f6-4878-ab63-f5b75bc2c388", "latitude": 4.4909812, "longitude": 97.9525987, "kategori": "A"}, "geometry": {"type": "Point", "coordinates": [97.9525987, 4.4909812]}}, {"type": "Feature", "properties": {"assignment_id": "63f22021-f6e2-4f38-8cef-1b15ca12942c", "latitude": 4.4586341, "longitude": 97.9846078, "kategori": "C"}, "geometry": {"type": "Point", "coordinates": [97.9846078, 4.4586341]}}, {"type": "Feature", "properties": {"assignment_id": "92b88874-c4e7-48b3-9168-9536b8e7a261", "latitude": 4.4686954, "longitude": 97.9335882, "kategori": "A"}, "geometry": {"type": "Point", "coordinates": [97.9335882, 4.4686954]}}, {"type": "Feature", "properties": {"assignment_id": "92b88874-c4e7-48b3-9168-9536b8e7a261", "latitude": 4.4686954, "longitude": 97.9335882, "kategori": "C"}, "geometry": {"type": "Point", "coordinates": [97.9335882, 4.4686954]}}, {"type": "Feature", "properties": {"assignment_id": "98d57280-2898-4383-a1f5-957748ada7fc", "latitude": 4.4751724, "longitude": 97.9836761, "kategori": "H"}, "geometry": {"type": "Point", "coordinates": [97.9836761, 4.4751724]}}, {"type": "Feature", "properties": {"assignment_id": "ba6f7596-77bb-4b02-8e19-13b7091f213e", "latitude": 4.4800513, "longitude": 97.9819444, "kategori": "A"}, "geometry": {"type": "Point", "coordinates": [97.9819444, 4.4800513]}}, {"type": "Feature", "properties": {"assignment_id": "43a93cdf-6c3b-49c1-95fa-c9719f8843ea", "latitude": 4.4938631, "longitude": 97.9607084, "kategori": "G"}, "geometry": {"type": "Point", "coordinates": [97.9607084, 4.4938631]}}, {"type": "Feature", "properties": {"assignment_id": "090252e3-4bfc-492f-8f8f-4a94968a3e8e", "latitude": 4.476791, "longitude": 97.9832896, "kategori": "G"}, "geometry": {"type": "Point", "coordinates": [97.9832896, 4.476791]}}, {"type": "Feature", "properties": {"assignment_id": "2513c326-fb0b-4c3e-b137-1d0fd064f007", "latitude": 4.5009695, "longitude": 97.9538686, "kategori": "C"}, "geometry": {"type": "Point", "coordinates": [97.9538686, 4.5009695]}}, {"type": "Feature", "properties": {"assignment_id": "82cbd710-f4f8-48c9-8893-9836974b94b6", "latitude": 4.4762703543528914, "longitude": 97.98450339585543, "kategori": "A"}, "geometry": {"type": "Point", "coordinates": [97.98450339585543, 4.4762703543528914]}}, {"type": "Feature", "properties": {"assignment_id": "9b537d31-83a1-44e9-ad2f-8e3d924bc24b", "latitude": 4.4596591, "longitude": 97.9917741, "kategori": "C"}, "geometry": {"type": "Point", "coordinates": [97.9917741, 4.4596591]}}, {"type": "Feature", "properties": {"assignment_id": "9ee5469f-02f5-4ed4-aed4-0158c5ef54c1", "latitude": 4.458968333333333, "longitude": 97.97222666666667, "kategori": "O"}, "geometry": {"type": "Point", "coordinates": [97.97222666666667, 4.458968333333333]}}, {"type": "Feature", "properties": {"assignment_id": "d4334562-acac-44d6-a911-1ae000e8c25b", "latitude": 4.4644789, "longitude": 97.988286, "kategori": "A"}, "geometry": {"type": "Point", "coordinates": [97.988286, 4.4644789]}}, {"type": "Feature", "properties": {"assignment_id": "76631bbe-f3e4-49c5-9030-6c50994a107e", "latitude": 4.443388183333334, "longitude": 98.01763421666668, "kategori": "A"}, "geometry": {"type": "Point", "coordinates": [98.01763421666668, 4.443388183333334]}}, {"type": "Feature", "properties": {"assignment_id": "77dc9919-e799-49db-ad28-bb5dfcf8a03d", "latitude": 4.5056861, "longitude": 97.962627, "kategori": "C"}, "geometry": {"type": "Point", "coordinates": [97.962627, 4.5056861]}}, {"type": "Feature", "properties": {"assignment_id": "727cec43-75de-454c-bbef-6d960d95e091", "latitude": 4.496433666666666, "longitude": 97.96890966666666, "kategori": "C"}, "geometry": {"type": "Point", "coordinates": [97.96890966666666, 4.496433666666666]}}, {"type": "Feature", "properties": {"assignment_id": "06a5052b-b124-439a-97f4-ed88cd585001", "latitude": 4.458383333333333, "longitude": 97.93423666666668, "kategori": "A"}, "geometry": {"type": "Point", "coordinates": [97.93423666666668, 4.458383333333333]}}, {"type": "Feature", "properties": {"assignment_id": "204ddc53-fb48-4b5b-bff8-28c1b2701f1e", "latitude": 4.4666249211877584, "longitude": 97.9583356808871, "kategori": "Q"}, "geometry": {"type": "Point", "coordinates": [97.9583356808871, 4.4666249211877584]}}, {"type": "Feature", "properties": {"assignment_id": "204ddc53-fb48-4b5b-bff8-28c1b2701f1e", "latitude": 4.4666249211877584, "longitude": 97.9583356808871, "kategori": "C"}, "geometry": {"type": "Point", "coordinates": [97.9583356808871, 4.4666249211877584]}}, {"type": "Feature", "properties": {"assignment_id": "64325533-3cbe-43a2-8625-8308b0d3f5c6", "latitude": 4.4660470727831125, "longitude": 97.95957326889038, "kategori": "A"}, "geometry": {"type": "Point", "coordinates": [97.95957326889038, 4.4660470727831125]}}, {"type": "Feature", "properties": {"assignment_id": "6a3f7fc8-d63b-4fa3-a9cd-a895e2e3a8e9", "latitude": 4.461968333333333, "longitude": 97.96943333333333, "kategori": "C"}, "geometry": {"type": "Point", "coordinates": [97.96943333333333, 4.461968333333333]}}, {"type": "Feature", "properties": {"assignment_id": "6d418790-2d5c-4124-a9a4-3f033f903001", "latitude": 4.483813333333333, "longitude": 97.96895333333332, "kategori": "A"}, "geometry": {"type": "Point", "coordinates": [97.96895333333332, 4.483813333333333]}}, {"type": "Feature", "properties": {"assignment_id": "74a44a28-b06d-407a-8de5-a0c6707ea163", "latitude": 4.49768505, "longitude": 97.96937675, "kategori": "C"}, "geometry": {"type": "Point", "coordinates": [97.96937675, 4.49768505]}}, {"type": "Feature", "properties": {"assignment_id": "b7547ad0-1f60-4882-ab2e-a90ba8750b5d", "latitude": 4.454535000000001, "longitude": 97.98019500000001, "kategori": "A"}, "geometry": {"type": "Point", "coordinates": [97.98019500000001, 4.454535000000001]}}, {"type": "Feature", "properties": {"assignment_id": "b7547ad0-1f60-4882-ab2e-a90ba8750b5d", "latitude": 4.454535000000001, "longitude": 97.98019500000001, "kategori": "F"}, "geometry": {"type": "Point", "coordinates": [97.98019500000001, 4.454535000000001]}}, {"type": "Feature", "properties": {"assignment_id": "d3e5924c-34b8-464f-a1c3-b4e45e878dfe", "latitude": 4.5126364985480905, "longitude": 98.01096665672958, "kategori": "O"}, "geometry": {"type": "Point", "coordinates": [98.01096665672958, 4.5126364985480905]}}, {"type": "Feature", "properties": {"assignment_id": "073be350-8d16-4fd6-b3ea-e5cec0d2f3a2", "latitude": 4.4481811, "longitude": 97.9762339, "kategori": "A"}, "geometry": {"type": "Point", "coordinates": [97.9762339, 4.4481811]}}, {"type": "Feature", "properties": {"assignment_id": "9ff241f7-c0d8-4b33-8b2b-9b473804d598", "latitude": 4.4552609, "longitude": 97.9304523, "kategori": "A"}, "geometry": {"type": "Point", "coordinates": [97.9304523, 4.4552609]}}, {"type": "Feature", "properties": {"assignment_id": "6fb042f4-5cff-4905-8268-d3064ce4b08a", "latitude": 4.465343333333333, "longitude": 97.97125, "kategori": "F"}, "geometry": {"type": "Point", "coordinates": [97.97125, 4.465343333333333]}}, {"type": "Feature", "properties": {"assignment_id": "c32a934f-d28d-4a63-b6f9-f1794d4c419f", "latitude": 4.4419557, "longitude": 97.9881383, "kategori": "A"}, "geometry": {"type": "Point", "coordinates": [97.9881383, 4.4419557]}}, {"type": "Feature", "properties": {"assignment_id": "0017f44c-8159-4fa5-a225-97ec76d63ec9", "latitude": 4.4805758, "longitude": 97.97433, "kategori": "G"}, "geometry": {"type": "Point", "coordinates": [97.97433, 4.4805758]}}, {"type": "Feature", "properties": {"assignment_id": "1b6ae638-aa91-4c20-b99e-8d302573766b", "latitude": 4.440081666666667, "longitude": 97.99299666666666, "kategori": "A"}, "geometry": {"type": "Point", "coordinates": [97.99299666666666, 4.440081666666667]}}, {"type": "Feature", "properties": {"assignment_id": "2bc63805-dc4f-4b56-8156-eacea770c428", "latitude": 4.4727731, "longitude": 97.9638118, "kategori": "G"}, "geometry": {"type": "Point", "coordinates": [97.9638118, 4.4727731]}}, {"type": "Feature", "properties": {"assignment_id": "2d0761e0-99eb-4a87-b994-60c3eefd22d1", "latitude": 4.4385057, "longitude": 98.0123964, "kategori": "A"}, "geometry": {"type": "Point", "coordinates": [98.0123964, 4.4385057]}}, {"type": "Feature", "properties": {"assignment_id": "2f0dbe10-5c89-41bf-92a4-1584c1853345", "latitude": 4.4616273, "longitude": 97.9375888, "kategori": "H"}, "geometry": {"type": "Point", "coordinates": [97.9375888, 4.4616273]}}, {"type": "Feature", "properties": {"assignment_id": "91fa37f8-c53a-4c50-b784-af0edb2b1edd", "latitude": 4.5028208, "longitude": 97.9400424, "kategori": "A"}, "geometry": {"type": "Point", "coordinates": [97.9400424, 4.5028208]}}, {"type": "Feature", "properties": {"assignment_id": "91fa37f8-c53a-4c50-b784-af0edb2b1edd", "latitude": 4.5028208, "longitude": 97.9400424, "kategori": "G"}, "geometry": {"type": "Point", "coordinates": [97.9400424, 4.5028208]}}, {"type": "Feature", "properties": {"assignment_id": "91fa37f8-c53a-4c50-b784-af0edb2b1edd", "latitude": 4.5028208, "longitude": 97.9400424, "kategori": "F"}, "geometry": {"type": "Point", "coordinates": [97.9400424, 4.5028208]}}, {"type": "Feature", "properties": {"assignment_id": "b54cd710-d236-4719-963b-ce33f138642a", "latitude": 4.4793915, "longitude": 97.9428907, "kategori": "A"}, "geometry": {"type": "Point", "coordinates": [97.9428907, 4.4793915]}}, {"type": "Feature", "properties": {"assignment_id": "b6059f11-88c7-41f6-8c6d-c2d98ca95763", "latitude": 4.4444149, "longitude": 97.9784985, "kategori": "A"}, "geometry": {"type": "Point", "coordinates": [97.9784985, 4.4444149]}}, {"type": "Feature", "properties": {"assignment_id": "bbc87abf-39d7-4310-abcc-5783208df741", "latitude": 4.433547, "longitude": 98.0132751, "kategori": "A"}, "geometry": {"type": "Point", "coordinates": [98.0132751, 4.433547]}}, {"type": "Feature", "properties": {"assignment_id": "ce4b3390-1027-4cf3-aaf6-86c213cca6f9", "latitude": 4.4807056, "longitude": 97.9431123, "kategori": "C"}, "geometry": {"type": "Point", "coordinates": [97.9431123, 4.4807056]}}, {"type": "Feature", "properties": {"assignment_id": "de275f57-fcec-487c-a698-9a8c2c559da6", "latitude": 4.47890612, "longitude": 97.96756679, "kategori": "C"}, "geometry": {"type": "Point", "coordinates": [97.96756679, 4.47890612]}}, {"type": "Feature", "properties": {"assignment_id": "40e19b96-7abe-48fe-99b0-eb5397206a61", "latitude": 4.461975, "longitude": 97.97945, "kategori": "A"}, "geometry": {"type": "Point", "coordinates": [97.97945, 4.461975]}}, {"type": "Feature", "properties": {"assignment_id": "0c938206-cb70-4a71-a4ca-576b19ea499f", "latitude": 4.4442415, "longitude": 97.9875749, "kategori": "A"}, "geometry": {"type": "Point", "coordinates": [97.9875749, 4.4442415]}}, {"type": "Feature", "properties": {"assignment_id": "7186af31-0a68-47c7-ae53-ddc05dcd775c", "latitude": 4.434085, "longitude": 98.0225217, "kategori": "A"}, "geometry": {"type": "Point", "coordinates": [98.0225217, 4.434085]}}, {"type": "Feature", "properties": {"assignment_id": "7186af31-0a68-47c7-ae53-ddc05dcd775c", "latitude": 4.434085, "longitude": 98.0225217, "kategori": "F"}, "geometry": {"type": "Point", "coordinates": [98.0225217, 4.434085]}}, {"type": "Feature", "properties": {"assignment_id": "8068d788-2601-4f6b-9c8d-724ac82c18c8", "latitude": 4.473947, "longitude": 97.9673251, "kategori": "C"}, "geometry": {"type": "Point", "coordinates": [97.9673251, 4.473947]}}, {"type": "Feature", "properties": {"assignment_id": "8d5c5821-1030-4f6c-a8e2-8a92ebd24aef", "latitude": 4.466882287524641, "longitude": 97.95780451968312, "kategori": "A"}, "geometry": {"type": "Point", "coordinates": [97.95780451968312, 4.466882287524641]}}, {"type": "Feature", "properties": {"assignment_id": "b37a6935-58c5-40a4-a423-6597d9c3bea8", "latitude": 4.4757852, "longitude": 97.9793349, "kategori": "G"}, "geometry": {"type": "Point", "coordinates": [97.9793349, 4.4757852]}}, {"type": "Feature", "properties": {"assignment_id": "ffd3104f-07a1-4de6-ac9b-c2c4a9e061f8", "latitude": 4.47302085, "longitude": 97.97527674, "kategori": "A"}, "geometry": {"type": "Point", "coordinates": [97.97527674, 4.47302085]}}, {"type": "Feature", "properties": {"assignment_id": "34205de2-3138-4de7-b367-f4951b8b53c8", "latitude": 4.469102821312845, "longitude": 97.97227973118424, "kategori": "G"}, "geometry": {"type": "Point", "coordinates": [97.97227973118424, 4.469102821312845]}}, {"type": "Feature", "properties": {"assignment_id": "aeb0dfbc-6280-4825-9c7c-0308c7de138c", "latitude": 4.450775933333333, "longitude": 97.97405523333333, "kategori": "G"}, "geometry": {"type": "Point", "coordinates": [97.97405523333333, 4.450775933333333]}}, {"type": "Feature", "properties": {"assignment_id": "c5a532b1-783b-4d23-87be-8aac2e9f08cd", "latitude": 4.4732365, "longitude": 97.9844971, "kategori": "A"}, "geometry": {"type": "Point", "coordinates": [97.9844971, 4.4732365]}}, {"type": "Feature", "properties": {"assignment_id": "ab5b9e29-4ffb-41e8-89b8-f7ecd23060a8", "latitude": 4.4627823, "longitude": 97.9393371, "kategori": "A"}, "geometry": {"type": "Point", "coordinates": [97.9393371, 4.4627823]}}, {"type": "Feature", "properties": {"assignment_id": "686421b9-8e77-48ec-b97e-84668352a877", "latitude": 4.4469507, "longitude": 97.9452902, "kategori": "A"}, "geometry": {"type": "Point", "coordinates": [97.9452902, 4.4469507]}}, {"type": "Feature", "properties": {"assignment_id": "8954091b-aecd-4cf0-8e78-72e712b425c0", "latitude": 4.477861666666667, "longitude": 97.98383166666666, "kategori": "A"}, "geometry": {"type": "Point", "coordinates": [97.98383166666666, 4.477861666666667]}}, {"type": "Feature", "properties": {"assignment_id": "8954091b-aecd-4cf0-8e78-72e712b425c0", "latitude": 4.477861666666667, "longitude": 97.98383166666666, "kategori": "G"}, "geometry": {"type": "Point", "coordinates": [97.98383166666666, 4.477861666666667]}}, {"type": "Feature", "properties": {"assignment_id": "a5a91287-1bd0-4a4d-80df-9ce024880249", "latitude": 4.4803631, "longitude": 97.9477948, "kategori": "C"}, "geometry": {"type": "Point", "coordinates": [97.9477948, 4.4803631]}}, {"type": "Feature", "properties": {"assignment_id": "ab654f8e-42d7-4f1d-ada0-5404f5d69e3c", "latitude": 4.4678057, "longitude": 97.9806496, "kategori": "G"}, "geometry": {"type": "Point", "coordinates": [97.9806496, 4.4678057]}}, {"type": "Feature", "properties": {"assignment_id": "bebec43d-19d5-4dc4-b202-eb32d5713720", "latitude": 4.45806721, "longitude": 97.99418859, "kategori": "A"}, "geometry": {"type": "Point", "coordinates": [97.99418859, 4.45806721]}}, {"type": "Feature", "properties": {"assignment_id": "dffa2374-7e7f-4f0d-a0a3-fc9b170512a5", "latitude": 4.4313926, "longitude": 98.0246379, "kategori": "A"}, "geometry": {"type": "Point", "coordinates": [98.0246379, 4.4313926]}}, {"type": "Feature", "properties": {"assignment_id": "e0ee1dee-daa7-4cf3-88cd-5772baa0459c", "latitude": 4.4913725, "longitude": 97.9787341, "kategori": "A"}, "geometry": {"type": "Point", "coordinates": [97.9787341, 4.4913725]}}, {"type": "Feature", "properties": {"assignment_id": "e0ee1dee-daa7-4cf3-88cd-5772baa0459c", "latitude": 4.4913725, "longitude": 97.9787341, "kategori": "C"}, "geometry": {"type": "Point", "coordinates": [97.9787341, 4.4913725]}}, {"type": "Feature", "properties": {"assignment_id": "f80760c4-9fe6-4f26-b5a7-c157745f89a6", "latitude": 4.5198339, "longitude": 97.9405873, "kategori": "C"}, "geometry": {"type": "Point", "coordinates": [97.9405873, 4.5198339]}}, {"type": "Feature", "properties": {"assignment_id": "ff972834-0cf2-4339-955f-8753af17c66c", "latitude": 4.47357838, "longitude": 97.97658126, "kategori": "C"}, "geometry": {"type": "Point", "coordinates": [97.97658126, 4.47357838]}}, {"type": "Feature", "properties": {"assignment_id": "ffd1e67a-7303-4577-ab57-4d8bde2c26a7", "latitude": 4.4476469, "longitude": 98.0035772, "kategori": "A"}, "geometry": {"type": "Point", "coordinates": [98.0035772, 4.4476469]}}, {"type": "Feature", "properties": {"assignment_id": "ffd1e67a-7303-4577-ab57-4d8bde2c26a7", "latitude": 4.4476469, "longitude": 98.0035772, "kategori": "G"}, "geometry": {"type": "Point", "coordinates": [98.0035772, 4.4476469]}}, {"type": "Feature", "properties": {"assignment_id": "d8964e5c-c19a-4a17-a17e-e1cd74121ec4", "latitude": 4.4461, "longitude": 98.0074801, "kategori": "A"}, "geometry": {"type": "Point", "coordinates": [98.0074801, 4.4461]}}, {"type": "Feature", "properties": {"assignment_id": "23f9a2c4-719a-4838-8062-ad57029b52e5", "latitude": 4.5020303, "longitude": 97.9626912, "kategori": "A"}, "geometry": {"type": "Point", "coordinates": [97.9626912, 4.5020303]}}, {"type": "Feature", "properties": {"assignment_id": "39292a74-63b2-4b33-891f-e15485d84dcf", "latitude": 4.4459123, "longitude": 98.0116764, "kategori": "G"}, "geometry": {"type": "Point", "coordinates": [98.0116764, 4.4459123]}}, {"type": "Feature", "properties": {"assignment_id": "49af981b-635d-4bd1-93a0-befcd98ff7a3", "latitude": 4.4586513, "longitude": 97.9894346, "kategori": "A"}, "geometry": {"type": "Point", "coordinates": [97.9894346, 4.4586513]}}, {"type": "Feature", "properties": {"assignment_id": "7ceed404-9d1c-4084-9514-ac06546c7b87", "latitude": 4.5008905, "longitude": 97.954115, "kategori": "A"}, "geometry": {"type": "Point", "coordinates": [97.954115, 4.5008905]}}, {"type": "Feature", "properties": {"assignment_id": "b2085a4a-6ef5-4796-b0fa-c04d037fff87", "latitude": 4.4342883, "longitude": 98.0229283, "kategori": "A"}, "geometry": {"type": "Point", "coordinates": [98.0229283, 4.4342883]}}, {"type": "Feature", "properties": {"assignment_id": "b2aa1c36-1086-4959-9f23-21e854a7f035", "latitude": 4.4640004, "longitude": 97.9560489, "kategori": "C"}, "geometry": {"type": "Point", "coordinates": [97.9560489, 4.4640004]}}, {"type": "Feature", "properties": {"assignment_id": "df8321e7-e7fc-4ff3-abac-4d1b2a6a7065", "latitude": 4.4681613659486175, "longitude": 97.96124864369631, "kategori": "A"}, "geometry": {"type": "Point", "coordinates": [97.96124864369631, 4.4681613659486175]}}, {"type": "Feature", "properties": {"assignment_id": "b1eef389-3b88-4d85-a312-9af2f3fcc3ec", "latitude": 4.4930935, "longitude": 97.9603129, "kategori": "A"}, "geometry": {"type": "Point", "coordinates": [97.9603129, 4.4930935]}}, {"type": "Feature", "properties": {"assignment_id": "098c8d39-81d2-4099-bca3-0034b08524b3", "latitude": 4.4790527, "longitude": 97.9504571, "kategori": "A"}, "geometry": {"type": "Point", "coordinates": [97.9504571, 4.4790527]}}, {"type": "Feature", "properties": {"assignment_id": "108e346a-4bba-43ad-99ac-5ba26d912891", "latitude": 4.46871595, "longitude": 97.9529701, "kategori": "A"}, "geometry": {"type": "Point", "coordinates": [97.9529701, 4.46871595]}}, {"type": "Feature", "properties": {"assignment_id": "2ac5c08b-c7d2-4bbb-847d-f99bcb4a71c9", "latitude": 4.4590695, "longitude": 97.972142, "kategori": "G"}, "geometry": {"type": "Point", "coordinates": [97.972142, 4.4590695]}}, {"type": "Feature", "properties": {"assignment_id": "2bd94f86-eb11-4933-9915-cb0503a5f92b", "latitude": 4.4786997, "longitude": 97.9794566, "kategori": "C"}, "geometry": {"type": "Point", "coordinates": [97.9794566, 4.4786997]}}, {"type": "Feature", "properties": {"assignment_id": "3f3efe51-c672-472f-8114-c5f24dacb00e", "latitude": 4.4674539, "longitude": 97.9419171, "kategori": "A"}, "geometry": {"type": "Point", "coordinates": [97.9419171, 4.4674539]}}, {"type": "Feature", "properties": {"assignment_id": "52de7482-7584-4e21-a55c-6ae44af3d1ca", "latitude": 4.4895043, "longitude": 97.9746981, "kategori": "A"}, "geometry": {"type": "Point", "coordinates": [97.9746981, 4.4895043]}}, {"type": "Feature", "properties": {"assignment_id": "9a0be0be-820a-447d-842f-c1504d50314a", "latitude": 4.4767151, "longitude": 97.9724592, "kategori": "C"}, "geometry": {"type": "Point", "coordinates": [97.9724592, 4.4767151]}}, {"type": "Feature", "properties": {"assignment_id": "c52e2879-5ea1-421a-b05e-24e27cc9c180", "latitude": 4.4927467, "longitude": 97.9614692, "kategori": "G"}, "geometry": {"type": "Point", "coordinates": [97.9614692, 4.4927467]}}, {"type": "Feature", "properties": {"assignment_id": "c8f7866d-4a66-45ae-b0e9-dcf861190dc3", "latitude": 4.436303333333333, "longitude": 98.00836, "kategori": "G"}, "geometry": {"type": "Point", "coordinates": [98.00836, 4.436303333333333]}}, {"type": "Feature", "properties": {"assignment_id": "cd30392f-0f78-4b47-835a-062733d86d33", "latitude": 4.551228916666666, "longitude": 98.06543453333333, "kategori": "G"}, "geometry": {"type": "Point", "coordinates": [98.06543453333333, 4.551228916666666]}}, {"type": "Feature", "properties": {"assignment_id": "e2bcba0a-57ac-44b7-ac29-509522091813", "latitude": 4.4304484, "longitude": 98.0233727, "kategori": "A"}, "geometry": {"type": "Point", "coordinates": [98.0233727, 4.4304484]}}, {"type": "Feature", "properties": {"assignment_id": "fb7923bd-e152-434f-b7b4-93315c7b0910", "latitude": 4.45093767, "longitude": 98.02976817, "kategori": "A"}, "geometry": {"type": "Point", "coordinates": [98.02976817, 4.45093767]}}, {"type": "Feature", "properties": {"assignment_id": "49263a7a-b23a-4e06-b61c-1a128210828a", "latitude": 4.454017316666667, "longitude": 98.02808269999998, "kategori": "C"}, "geometry": {"type": "Point", "coordinates": [98.02808269999998, 4.454017316666667]}}, {"type": "Feature", "properties": {"assignment_id": "a03e2870-6d21-4cb5-95d1-412dad09762f", "latitude": 4.4536773, "longitude": 98.0146183, "kategori": "A"}, "geometry": {"type": "Point", "coordinates": [98.0146183, 4.4536773]}}, {"type": "Feature", "properties": {"assignment_id": "a03e2870-6d21-4cb5-95d1-412dad09762f", "latitude": 4.4536773, "longitude": 98.0146183, "kategori": "G"}, "geometry": {"type": "Point", "coordinates": [98.0146183, 4.4536773]}}, {"type": "Feature", "properties": {"assignment_id": "3529b3cf-85b9-49c2-bb8e-9940d40b04f3", "latitude": 4.47177211, "longitude": 97.96145372, "kategori": "G"}, "geometry": {"type": "Point", "coordinates": [97.96145372, 4.47177211]}}, {"type": "Feature", "properties": {"assignment_id": "9b1690f8-b22a-4412-ab17-c78e1ee14509", "latitude": 4.4878456, "longitude": 97.9814273, "kategori": "G"}, "geometry": {"type": "Point", "coordinates": [97.9814273, 4.4878456]}}, {"type": "Feature", "properties": {"assignment_id": "106c46c4-ec26-414e-9f4f-9907d4a503c1", "latitude": 4.424245, "longitude": 98.02413, "kategori": "A"}, "geometry": {"type": "Point", "coordinates": [98.02413, 4.424245]}}, {"type": "Feature", "properties": {"assignment_id": "3923ca67-0eed-4a62-8c23-65e4a48fe6ea", "latitude": 4.445416766666667, "longitude": 97.94262841666665, "kategori": "E"}, "geometry": {"type": "Point", "coordinates": [97.94262841666665, 4.445416766666667]}}, {"type": "Feature", "properties": {"assignment_id": "90ffabfa-c2a4-402b-a5b2-82cc4ddab210", "latitude": 4.4920501, "longitude": 97.9793663, "kategori": "G"}, "geometry": {"type": "Point", "coordinates": [97.9793663, 4.4920501]}}, {"type": "Feature", "properties": {"assignment_id": "e7ceb392-2d16-4b35-af63-b5445c172a4e", "latitude": 4.4499932, "longitude": 97.9780043, "kategori": "A"}, "geometry": {"type": "Point", "coordinates": [97.9780043, 4.4499932]}}, {"type": "Feature", "properties": {"assignment_id": "ea705cab-3d1f-49ee-b3d7-2390709e9039", "latitude": 4.4670604, "longitude": 97.9871097, "kategori": "A"}, "geometry": {"type": "Point", "coordinates": [97.9871097, 4.4670604]}}, {"type": "Feature", "properties": {"assignment_id": "2f659cfb-2631-4bbe-9507-347b3bbca23f", "latitude": 4.4699456, "longitude": 97.971847, "kategori": "G"}, "geometry": {"type": "Point", "coordinates": [97.971847, 4.4699456]}}, {"type": "Feature", "properties": {"assignment_id": "02bdbd3b-95c4-45b8-b0f1-9e342f886b39", "latitude": 4.436875, "longitude": 98.0143052, "kategori": "A"}, "geometry": {"type": "Point", "coordinates": [98.0143052, 4.436875]}}, {"type": "Feature", "properties": {"assignment_id": "0b92b255-2d4f-4361-b582-2dd377896404", "latitude": 4.467491666666667, "longitude": 97.93284166666666, "kategori": "A"}, "geometry": {"type": "Point", "coordinates": [97.93284166666666, 4.467491666666667]}}, {"type": "Feature", "properties": {"assignment_id": "328127f3-32e1-4093-a63a-d90b815a4a88", "latitude": 4.4293858, "longitude": 98.0248932, "kategori": "A"}, "geometry": {"type": "Point", "coordinates": [98.0248932, 4.4293858]}}, {"type": "Feature", "properties": {"assignment_id": "3cd4b1c8-ed6b-4a5c-90e2-9f5d76832746", "latitude": 4.48016479, "longitude": 97.97652655, "kategori": "C"}, "geometry": {"type": "Point", "coordinates": [97.97652655, 4.48016479]}}, {"type": "Feature", "properties": {"assignment_id": "7eb454f0-d567-4185-a799-180d21a9fb3a", "latitude": 4.49486, "longitude": 97.97401333333333, "kategori": "A"}, "geometry": {"type": "Point", "coordinates": [97.97401333333333, 4.49486]}}, {"type": "Feature", "properties": {"assignment_id": "83cb2e55-19ad-4485-a388-75ea09643e11", "latitude": 4.4298409, "longitude": 98.0232995, "kategori": "A"}, "geometry": {"type": "Point", "coordinates": [98.0232995, 4.4298409]}}, {"type": "Feature", "properties": {"assignment_id": "9e79beb0-9e88-4ecc-a115-57a96c1196ba", "latitude": 4.5027752, "longitude": 97.9656948, "kategori": "C"}, "geometry": {"type": "Point", "coordinates": [97.9656948, 4.5027752]}}, {"type": "Feature", "properties": {"assignment_id": "a678a935-4f68-4002-a66d-345a5725db56", "latitude": 4.4644912, "longitude": 97.9651837, "kategori": "H"}, "geometry": {"type": "Point", "coordinates": [97.9651837, 4.4644912]}}, {"type": "Feature", "properties": {"assignment_id": "bc2ddcb3-a0b0-4ffd-8d26-c093544f8e39", "latitude": 4.474981666666666, "longitude": 97.96437333333333, "kategori": "C"}, "geometry": {"type": "Point", "coordinates": [97.96437333333333, 4.474981666666666]}}, {"type": "Feature", "properties": {"assignment_id": "c0f10bb3-1072-45c2-9edc-e0c6650af2a3", "latitude": 4.46971547, "longitude": 97.97467448, "kategori": "G"}, "geometry": {"type": "Point", "coordinates": [97.97467448, 4.46971547]}}, {"type": "Feature", "properties": {"assignment_id": "cd475507-a152-4f16-a808-cffb76227821", "latitude": 4.471651666666667, "longitude": 97.95055833333332, "kategori": "C"}, "geometry": {"type": "Point", "coordinates": [97.95055833333332, 4.471651666666667]}}, {"type": "Feature", "properties": {"assignment_id": "d28e7881-1054-411c-b320-dae0a85def9f", "latitude": 4.4765352, "longitude": 97.9723065, "kategori": "C"}, "geometry": {"type": "Point", "coordinates": [97.9723065, 4.4765352]}}, {"type": "Feature", "properties": {"assignment_id": "db66b0b4-b8f4-44df-8add-1d6570e8b336", "latitude": 4.444370883333334, "longitude": 97.93977948333334, "kategori": "A"}, "geometry": {"type": "Point", "coordinates": [97.93977948333334, 4.444370883333334]}}, {"type": "Feature", "properties": {"assignment_id": "e307aee6-49b0-4f19-9b7c-016bac5d32ed", "latitude": 4.4603757, "longitude": 97.9891886, "kategori": "A"}, "geometry": {"type": "Point", "coordinates": [97.9891886, 4.4603757]}}, {"type": "Feature", "properties": {"assignment_id": "e307aee6-49b0-4f19-9b7c-016bac5d32ed", "latitude": 4.4603757, "longitude": 97.9891886, "kategori": "F"}, "geometry": {"type": "Point", "coordinates": [97.9891886, 4.4603757]}}, {"type": "Feature", "properties": {"assignment_id": "d7c8744d-08cb-443e-9932-43609809e063", "latitude": 4.498893333333333, "longitude": 97.95947, "kategori": "A"}, "geometry": {"type": "Point", "coordinates": [97.95947, 4.498893333333333]}}, {"type": "Feature", "properties": {"assignment_id": "d7c8744d-08cb-443e-9932-43609809e063", "latitude": 4.498893333333333, "longitude": 97.95947, "kategori": "G"}, "geometry": {"type": "Point", "coordinates": [97.95947, 4.498893333333333]}}, {"type": "Feature", "properties": {"assignment_id": "1cbcb346-4294-44c5-929b-5e12942f935c", "latitude": 4.462765, "longitude": 97.9645295, "kategori": "G"}, "geometry": {"type": "Point", "coordinates": [97.9645295, 4.462765]}}, {"type": "Feature", "properties": {"assignment_id": "1cbcb346-4294-44c5-929b-5e12942f935c", "latitude": 4.462765, "longitude": 97.9645295, "kategori": "H"}, "geometry": {"type": "Point", "coordinates": [97.9645295, 4.462765]}}, {"type": "Feature", "properties": {"assignment_id": "2a045144-7c39-470d-a721-c5e39ae68cb0", "latitude": 4.4469333, "longitude": 98.0058865, "kategori": "A"}, "geometry": {"type": "Point", "coordinates": [98.0058865, 4.4469333]}}, {"type": "Feature", "properties": {"assignment_id": "657852ca-0de2-42bf-9110-4a7d524903d7", "latitude": 4.468975, "longitude": 97.9847217, "kategori": "A"}, "geometry": {"type": "Point", "coordinates": [97.9847217, 4.468975]}}, {"type": "Feature", "properties": {"assignment_id": "657852ca-0de2-42bf-9110-4a7d524903d7", "latitude": 4.468975, "longitude": 97.9847217, "kategori": "G"}, "geometry": {"type": "Point", "coordinates": [97.9847217, 4.468975]}}, {"type": "Feature", "properties": {"assignment_id": "97161e6c-fd04-4041-bd05-c5a4ccf486da", "latitude": 4.452204, "longitude": 98.00972301666667, "kategori": "A"}, "geometry": {"type": "Point", "coordinates": [98.00972301666667, 4.452204]}}, {"type": "Feature", "properties": {"assignment_id": "9cadaa84-e4fc-4798-b906-625f8315fca8", "latitude": 4.4767449, "longitude": 97.963035, "kategori": "G"}, "geometry": {"type": "Point", "coordinates": [97.963035, 4.4767449]}}, {"type": "Feature", "properties": {"assignment_id": "ac7575e8-6290-4532-963b-34c8edc2114a", "latitude": 4.4650391, "longitude": 97.9585463, "kategori": "G"}, "geometry": {"type": "Point", "coordinates": [97.9585463, 4.4650391]}}, {"type": "Feature", "properties": {"assignment_id": "f1552558-8caf-48b6-9519-01002674de89", "latitude": 4.4366433333333335, "longitude": 98.01093166666666, "kategori": "F"}, "geometry": {"type": "Point", "coordinates": [98.01093166666666, 4.4366433333333335]}}, {"type": "Feature", "properties": {"assignment_id": "17727f1c-1569-4cde-8227-493f5e32e28c", "latitude": 4.439637, "longitude": 98.012951, "kategori": "A"}, "geometry": {"type": "Point", "coordinates": [98.012951, 4.439637]}}, {"type": "Feature", "properties": {"assignment_id": "21c585ef-69a3-43ee-8bd5-b732056ad813", "latitude": 4.4554642, "longitude": 97.9903756, "kategori": "A"}, "geometry": {"type": "Point", "coordinates": [97.9903756, 4.4554642]}}, {"type": "Feature", "properties": {"assignment_id": "b0f4bf2e-c32a-4a50-b015-56059292ea0e", "latitude": 4.4724432, "longitude": 97.9358407, "kategori": "A"}, "geometry": {"type": "Point", "coordinates": [97.9358407, 4.4724432]}}, {"type": "Feature", "properties": {"assignment_id": "f573fbfb-74f8-45c7-8f86-af3804e55c0d", "latitude": 4.4689416, "longitude": 97.9412747, "kategori": "G"}, "geometry": {"type": "Point", "coordinates": [97.9412747, 4.4689416]}}, {"type": "Feature", "properties": {"assignment_id": "78bf047a-a5f2-4249-a59b-38cb182f7655", "latitude": 4.498796566666667, "longitude": 97.96827658333335, "kategori": "G"}, "geometry": {"type": "Point", "coordinates": [97.96827658333335, 4.498796566666667]}}, {"type": "Feature", "properties": {"assignment_id": "b13e1499-76b5-40a7-8f6b-0872721615a5", "latitude": 4.48241, "longitude": 97.98117666666667, "kategori": "G"}, "geometry": {"type": "Point", "coordinates": [97.98117666666667, 4.48241]}}, {"type": "Feature", "properties": {"assignment_id": "0864f568-8232-4c18-b685-fead4b115540", "latitude": 4.4950191, "longitude": 97.9700651, "kategori": "A"}, "geometry": {"type": "Point", "coordinates": [97.9700651, 4.4950191]}}, {"type": "Feature", "properties": {"assignment_id": "1a943cc3-a8ed-497f-aa23-b0331e5dd9a2", "latitude": 4.4789063, "longitude": 97.9808839, "kategori": "H"}, "geometry": {"type": "Point", "coordinates": [97.9808839, 4.4789063]}}, {"type": "Feature", "properties": {"assignment_id": "55052d70-f0e8-439f-bf85-89a68a2cb7dc", "latitude": 4.4879691, "longitude": 97.9596639, "kategori": "C"}, "geometry": {"type": "Point", "coordinates": [97.9596639, 4.4879691]}}, {"type": "Feature", "properties": {"assignment_id": "6680f845-75d5-4c56-9675-aff297e3138b", "latitude": 4.4356385, "longitude": 98.0018029, "kategori": "A"}, "geometry": {"type": "Point", "coordinates": [98.0018029, 4.4356385]}}, {"type": "Feature", "properties": {"assignment_id": "9870b8d1-3bc4-4975-af48-a5cc93f752dc", "latitude": 4.476512, "longitude": 97.9842895, "kategori": "A"}, "geometry": {"type": "Point", "coordinates": [97.9842895, 4.476512]}}, {"type": "Feature", "properties": {"assignment_id": "b0e9d2af-440b-4f97-965b-e9947ef1c89c", "latitude": 4.4750968, "longitude": 97.983771, "kategori": "C"}, "geometry": {"type": "Point", "coordinates": [97.983771, 4.4750968]}}, {"type": "Feature", "properties": {"assignment_id": "b9d46c70-78c8-43a8-80bf-60c9b4df9441", "latitude": 4.4616117, "longitude": 97.9775433, "kategori": "G"}, "geometry": {"type": "Point", "coordinates": [97.9775433, 4.4616117]}}, {"type": "Feature", "properties": {"assignment_id": "b9d46c70-78c8-43a8-80bf-60c9b4df9441", "latitude": 4.4616117, "longitude": 97.9775433, "kategori": "C"}, "geometry": {"type": "Point", "coordinates": [97.9775433, 4.4616117]}}, {"type": "Feature", "properties": {"assignment_id": "fac500e5-7a6d-49da-a6a2-b2eeaaed03cf", "latitude": 4.5234706, "longitude": 97.9381635, "kategori": "G"}, "geometry": {"type": "Point", "coordinates": [97.9381635, 4.5234706]}}, {"type": "Feature", "properties": {"assignment_id": "0bc3b35d-dccc-4499-b05b-2f5da134f3c0", "latitude": 4.471353333333334, "longitude": 97.93661333333333, "kategori": "G"}, "geometry": {"type": "Point", "coordinates": [97.93661333333333, 4.471353333333334]}}, {"type": "Feature", "properties": {"assignment_id": "342bab12-a483-42ba-9419-2572e87e42db", "latitude": 4.4627289, "longitude": 97.9760695, "kategori": "G"}, "geometry": {"type": "Point", "coordinates": [97.9760695, 4.4627289]}}, {"type": "Feature", "properties": {"assignment_id": "740ea4e3-3de3-4e11-abbf-af83ef2e2eff", "latitude": 4.4463353, "longitude": 98.007871, "kategori": "G"}, "geometry": {"type": "Point", "coordinates": [98.007871, 4.4463353]}}, {"type": "Feature", "properties": {"assignment_id": "c80b18d7-2220-4ff2-9f2c-117f6bacfb78", "latitude": 4.4944979, "longitude": 97.9528336, "kategori": "C"}, "geometry": {"type": "Point", "coordinates": [97.9528336, 4.4944979]}}, {"type": "Feature", "properties": {"assignment_id": "4b0b3b63-7747-4687-9b9b-f5384b2a99a5", "latitude": 4.47104697, "longitude": 97.9816085, "kategori": "H"}, "geometry": {"type": "Point", "coordinates": [97.9816085, 4.47104697]}}, {"type": "Feature", "properties": {"assignment_id": "5e615c1c-59b9-43ce-ae55-f12f608f639e", "latitude": 4.4365272, "longitude": 98.0145259, "kategori": "A"}, "geometry": {"type": "Point", "coordinates": [98.0145259, 4.4365272]}}, {"type": "Feature", "properties": {"assignment_id": "62714a92-ea34-4c02-9ab8-b637734083b5", "latitude": 4.480263333333334, "longitude": 97.96360833333334, "kategori": "A"}, "geometry": {"type": "Point", "coordinates": [97.96360833333334, 4.480263333333334]}}, {"type": "Feature", "properties": {"assignment_id": "c7c0d682-a695-4523-9df6-e65ae77f332c", "latitude": 4.4228918, "longitude": 98.0214725, "kategori": "A"}, "geometry": {"type": "Point", "coordinates": [98.0214725, 4.4228918]}}, {"type": "Feature", "properties": {"assignment_id": "ebf921dd-e3cf-45da-b957-cf663da9a236", "latitude": 4.4703533, "longitude": 97.9724519, "kategori": "C"}, "geometry": {"type": "Point", "coordinates": [97.9724519, 4.4703533]}}, {"type": "Feature", "properties": {"assignment_id": "ee94d821-c23e-44e1-bcf9-e850d4cdffa9", "latitude": 4.4547433, "longitude": 98.0078787, "kategori": "C"}, "geometry": {"type": "Point", "coordinates": [98.0078787, 4.4547433]}}, {"type": "Feature", "properties": {"assignment_id": "f0719387-07d9-48ab-a233-149f94f274d7", "latitude": 4.501229, "longitude": 97.95385, "kategori": "F"}, "geometry": {"type": "Point", "coordinates": [97.95385, 4.501229]}}, {"type": "Feature", "properties": {"assignment_id": "914a29d1-262d-4c12-ac68-d8b20a5f00ef", "latitude": 4.4772455, "longitude": 97.9433108, "kategori": "G"}, "geometry": {"type": "Point", "coordinates": [97.9433108, 4.4772455]}}, {"type": "Feature", "properties": {"assignment_id": "3eca1c27-74da-4734-b10e-c98520266ab2", "latitude": 4.43759, "longitude": 98.0408417, "kategori": "A"}, "geometry": {"type": "Point", "coordinates": [98.0408417, 4.43759]}}, {"type": "Feature", "properties": {"assignment_id": "41853eaf-d219-4ba6-affc-30b388d9f721", "latitude": 4.4356215, "longitude": 98.0142867, "kategori": "A"}, "geometry": {"type": "Point", "coordinates": [98.0142867, 4.4356215]}}, {"type": "Feature", "properties": {"assignment_id": "54e94f07-14f1-4ef8-a2ad-8d67bf10d3f5", "latitude": 4.44836355, "longitude": 98.02693971, "kategori": "A"}, "geometry": {"type": "Point", "coordinates": [98.02693971, 4.44836355]}}, {"type": "Feature", "properties": {"assignment_id": "c219e409-7b8f-4ccf-8710-6b721bdbdb2b", "latitude": 4.4611065, "longitude": 97.9645331, "kategori": "G"}, "geometry": {"type": "Point", "coordinates": [97.9645331, 4.4611065]}}, {"type": "Feature", "properties": {"assignment_id": "c67552f0-8623-48a6-8e40-5ec8e08a451f", "latitude": 4.4728948, "longitude": 97.9642024, "kategori": "A"}, "geometry": {"type": "Point", "coordinates": [97.9642024, 4.4728948]}}, {"type": "Feature", "properties": {"assignment_id": "d4d806c0-c0a8-4d4c-861d-dfbb05e49194", "latitude": 4.478016666666666, "longitude": 97.98438833333333, "kategori": "A"}, "geometry": {"type": "Point", "coordinates": [97.98438833333333, 4.478016666666666]}}, {"type": "Feature", "properties": {"assignment_id": "d5784b20-5084-4da4-8825-4fcbfce1f715", "latitude": 4.4766657, "longitude": 97.982679, "kategori": "A"}, "geometry": {"type": "Point", "coordinates": [97.982679, 4.4766657]}}, {"type": "Feature", "properties": {"assignment_id": "e4c30e99-c692-4d25-9973-be60f09c231b", "latitude": 4.4775626, "longitude": 97.9838961, "kategori": "G"}, "geometry": {"type": "Point", "coordinates": [97.9838961, 4.4775626]}}, {"type": "Feature", "properties": {"assignment_id": "8f91841a-a3f2-4319-8e7c-6a342f003c52", "latitude": 4.4471270333333335, "longitude": 97.94387778333333, "kategori": "A"}, "geometry": {"type": "Point", "coordinates": [97.94387778333333, 4.4471270333333335]}}, {"type": "Feature", "properties": {"assignment_id": "9c35f9be-9e97-4f1a-89f6-e549e744286e", "latitude": 4.416346666666667, "longitude": 98.02767333333334, "kategori": "A"}, "geometry": {"type": "Point", "coordinates": [98.02767333333334, 4.416346666666667]}}, {"type": "Feature", "properties": {"assignment_id": "9dda99e4-d513-4420-b15c-0c89c9b1ea67", "latitude": 4.4623874, "longitude": 97.9397583, "kategori": "A"}, "geometry": {"type": "Point", "coordinates": [97.9397583, 4.4623874]}}, {"type": "Feature", "properties": {"assignment_id": "bc0e1181-006a-4a4c-8b7f-e9e83dcc72c0", "latitude": 4.476135950535536, "longitude": 97.98615178093314, "kategori": "A"}, "geometry": {"type": "Point", "coordinates": [97.98615178093314, 4.476135950535536]}}, {"type": "Feature", "properties": {"assignment_id": "bc0e1181-006a-4a4c-8b7f-e9e83dcc72c0", "latitude": 4.476135950535536, "longitude": 97.98615178093314, "kategori": "G"}, "geometry": {"type": "Point", "coordinates": [97.98615178093314, 4.476135950535536]}}, {"type": "Feature", "properties": {"assignment_id": "07b74db2-b3cd-4376-8ec5-59e612eabd0f", "latitude": 4.468065, "longitude": 97.9569865, "kategori": "A"}, "geometry": {"type": "Point", "coordinates": [97.9569865, 4.468065]}}, {"type": "Feature", "properties": {"assignment_id": "07b74db2-b3cd-4376-8ec5-59e612eabd0f", "latitude": 4.468065, "longitude": 97.9569865, "kategori": "H"}, "geometry": {"type": "Point", "coordinates": [97.9569865, 4.468065]}}, {"type": "Feature", "properties": {"assignment_id": "1283f07b-7d1c-4177-9dc3-9a50b67439be", "latitude": 4.4363928, "longitude": 98.0149038, "kategori": "A"}, "geometry": {"type": "Point", "coordinates": [98.0149038, 4.4363928]}}, {"type": "Feature", "properties": {"assignment_id": "13fbad2f-cfe3-40dc-8ae8-95712ec91340", "latitude": 4.4554403, "longitude": 97.9289297, "kategori": "G"}, "geometry": {"type": "Point", "coordinates": [97.9289297, 4.4554403]}}, {"type": "Feature", "properties": {"assignment_id": "1b001b06-0f54-435d-85fc-2f35f8b05f63", "latitude": 4.4962402, "longitude": 97.9564384, "kategori": "S"}, "geometry": {"type": "Point", "coordinates": [97.9564384, 4.4962402]}}, {"type": "Feature", "properties": {"assignment_id": "2a20a383-55b4-4dbe-a77a-579262b56058", "latitude": 4.4649954, "longitude": 97.958145, "kategori": "C"}, "geometry": {"type": "Point", "coordinates": [97.958145, 4.4649954]}}, {"type": "Feature", "properties": {"assignment_id": "410b34a2-00e9-495b-9571-fa08e4bb40cc", "latitude": 4.4741499, "longitude": 97.9645939, "kategori": "F"}, "geometry": {"type": "Point", "coordinates": [97.9645939, 4.4741499]}}, {"type": "Feature", "properties": {"assignment_id": "614ce140-3daf-4f8a-9b52-a08f6ce5ff8a", "latitude": 4.4713169, "longitude": 97.9779744, "kategori": "C"}, "geometry": {"type": "Point", "coordinates": [97.9779744, 4.4713169]}}, {"type": "Feature", "properties": {"assignment_id": "98ad3ee8-fba0-4385-aa46-e688e8f1a7f2", "latitude": 4.4913705, "longitude": 97.95598936666666, "kategori": "A"}, "geometry": {"type": "Point", "coordinates": [97.95598936666666, 4.4913705]}}, {"type": "Feature", "properties": {"assignment_id": "d4022732-715f-488f-8d4a-481b7d8bd786", "latitude": 4.4799914, "longitude": 97.9426494, "kategori": "L"}, "geometry": {"type": "Point", "coordinates": [97.9426494, 4.4799914]}}, {"type": "Feature", "properties": {"assignment_id": "f62af089-3a7b-4862-8507-aaf2f097433a", "latitude": 4.440376666666666, "longitude": 98.00427999999998, "kategori": "A"}, "geometry": {"type": "Point", "coordinates": [98.00427999999998, 4.440376666666666]}}, {"type": "Feature", "properties": {"assignment_id": "ff8e28ad-0047-49fd-9362-d55a8cfa5523", "latitude": 4.4456833, "longitude": 97.9784844, "kategori": "A"}, "geometry": {"type": "Point", "coordinates": [97.9784844, 4.4456833]}}, {"type": "Feature", "properties": {"assignment_id": "1281e495-44fb-4af7-9dba-ab4ae336587a", "latitude": 4.4656177, "longitude": 97.9741396, "kategori": "C"}, "geometry": {"type": "Point", "coordinates": [97.9741396, 4.4656177]}}, {"type": "Feature", "properties": {"assignment_id": "4dba557f-1d03-49be-a6a4-a2166af65705", "latitude": 4.46642, "longitude": 97.9705717, "kategori": "G"}, "geometry": {"type": "Point", "coordinates": [97.9705717, 4.46642]}}, {"type": "Feature", "properties": {"assignment_id": "2bc84696-c62a-4786-b19b-dfd1c692b246", "latitude": 4.458221666666666, "longitude": 97.98271666666666, "kategori": "A"}, "geometry": {"type": "Point", "coordinates": [97.98271666666666, 4.458221666666666]}}, {"type": "Feature", "properties": {"assignment_id": "2bc84696-c62a-4786-b19b-dfd1c692b246", "latitude": 4.458221666666666, "longitude": 97.98271666666666, "kategori": "H"}, "geometry": {"type": "Point", "coordinates": [97.98271666666666, 4.458221666666666]}}, {"type": "Feature", "properties": {"assignment_id": "82839e03-a6cc-4cfd-8720-d994f00f64f3", "latitude": 4.441378933333334, "longitude": 98.01391059999999, "kategori": "A"}, "geometry": {"type": "Point", "coordinates": [98.01391059999999, 4.441378933333334]}}, {"type": "Feature", "properties": {"assignment_id": "84bab7a1-6924-420d-b4fe-629416b9081e", "latitude": 4.4702845, "longitude": 97.9735259, "kategori": "G"}, "geometry": {"type": "Point", "coordinates": [97.9735259, 4.4702845]}}, {"type": "Feature", "properties": {"assignment_id": "8969bc07-6090-4799-b8e4-7a0432b6721b", "latitude": 4.4748718, "longitude": 97.9818424, "kategori": "R"}, "geometry": {"type": "Point", "coordinates": [97.9818424, 4.4748718]}}, {"type": "Feature", "properties": {"assignment_id": "a7f1c767-a9fa-4c80-8759-dbfc7f7b77b6", "latitude": 4.47050082, "longitude": 97.97361592, "kategori": "G"}, "geometry": {"type": "Point", "coordinates": [97.97361592, 4.47050082]}}, {"type": "Feature", "properties": {"assignment_id": "eea6e912-22da-4c19-b532-700d009e2a49", "latitude": 4.4634815, "longitude": 97.9766483, "kategori": "A"}, "geometry": {"type": "Point", "coordinates": [97.9766483, 4.4634815]}}, {"type": "Feature", "properties": {"assignment_id": "53f2ed6f-1c64-4f32-86d1-094bc18d2115", "latitude": 4.4462275, "longitude": 98.0076306, "kategori": "G"}, "geometry": {"type": "Point", "coordinates": [98.0076306, 4.4462275]}}, {"type": "Feature", "properties": {"assignment_id": "9c075355-e1cf-4d40-901d-aa80fabf496a", "latitude": 4.4949311, "longitude": 97.9584122, "kategori": "G"}, "geometry": {"type": "Point", "coordinates": [97.9584122, 4.4949311]}}, {"type": "Feature", "properties": {"assignment_id": "9ff219d8-9051-4f86-89a2-8c90295f94d1", "latitude": 4.4663767, "longitude": 97.9683883, "kategori": "A"}, "geometry": {"type": "Point", "coordinates": [97.9683883, 4.4663767]}}, {"type": "Feature", "properties": {"assignment_id": "9ff219d8-9051-4f86-89a2-8c90295f94d1", "latitude": 4.4663767, "longitude": 97.9683883, "kategori": "C"}, "geometry": {"type": "Point", "coordinates": [97.9683883, 4.4663767]}}, {"type": "Feature", "properties": {"assignment_id": "44276147-eb37-4964-b065-19b1d2b6376e", "latitude": 4.4860082, "longitude": 97.9543486, "kategori": "G"}, "geometry": {"type": "Point", "coordinates": [97.9543486, 4.4860082]}}, {"type": "Feature", "properties": {"assignment_id": "0e15cb1a-67fa-4e34-a5a0-d922eddbb2b6", "latitude": 4.48287483, "longitude": 97.97541653, "kategori": "C"}, "geometry": {"type": "Point", "coordinates": [97.97541653, 4.48287483]}}, {"type": "Feature", "properties": {"assignment_id": "2170c23d-4288-4896-be07-715d3430c40c", "latitude": 4.444725, "longitude": 97.98865333333333, "kategori": "A"}, "geometry": {"type": "Point", "coordinates": [97.98865333333333, 4.444725]}}, {"type": "Feature", "properties": {"assignment_id": "235c2918-7f2e-4649-8eaf-087f4ee971be", "latitude": 4.477896666666667, "longitude": 97.98562666666666, "kategori": "G"}, "geometry": {"type": "Point", "coordinates": [97.98562666666666, 4.477896666666667]}}, {"type": "Feature", "properties": {"assignment_id": "2930030b-1068-4dc6-a9a4-3ae947bfd5e5", "latitude": 4.4475565, "longitude": 98.0035133, "kategori": "G"}, "geometry": {"type": "Point", "coordinates": [98.0035133, 4.4475565]}}, {"type": "Feature", "properties": {"assignment_id": "3b0ebdc8-0f5b-439e-aead-a902cc57e88e", "latitude": 4.4921534, "longitude": 97.9515628, "kategori": "C"}, "geometry": {"type": "Point", "coordinates": [97.9515628, 4.4921534]}}, {"type": "Feature", "properties": {"assignment_id": "57c84ec6-e09c-4991-9b92-9df69c390c07", "latitude": 4.441061666666667, "longitude": 97.99370500000002, "kategori": "A"}, "geometry": {"type": "Point", "coordinates": [97.99370500000002, 4.441061666666667]}}, {"type": "Feature", "properties": {"assignment_id": "5ac8518f-b194-410c-ac41-95fa6aea0244", "latitude": 4.45778439, "longitude": 97.99653375, "kategori": "G"}, "geometry": {"type": "Point", "coordinates": [97.99653375, 4.45778439]}}, {"type": "Feature", "properties": {"assignment_id": "66a06e0d-0778-4cb6-87a1-4e70ccf8345c", "latitude": 4.5002586, "longitude": 97.9435645, "kategori": "C"}, "geometry": {"type": "Point", "coordinates": [97.9435645, 4.5002586]}}, {"type": "Feature", "properties": {"assignment_id": "80073456-7484-459a-9b98-d8cca5a7dbdb", "latitude": 4.44919041, "longitude": 98.02224619, "kategori": "A"}, "geometry": {"type": "Point", "coordinates": [98.02224619, 4.44919041]}}, {"type": "Feature", "properties": {"assignment_id": "80073456-7484-459a-9b98-d8cca5a7dbdb", "latitude": 4.44919041, "longitude": 98.02224619, "kategori": "F"}, "geometry": {"type": "Point", "coordinates": [98.02224619, 4.44919041]}}, {"type": "Feature", "properties": {"assignment_id": "d26c4f7e-5907-447a-9109-c9887d7a72ec", "latitude": 4.4309683, "longitude": 98.0405517, "kategori": "A"}, "geometry": {"type": "Point", "coordinates": [98.0405517, 4.4309683]}}, {"type": "Feature", "properties": {"assignment_id": "e558ae35-cecf-4fcc-8a6d-380a93996486", "latitude": 4.4638269, "longitude": 97.9876789, "kategori": "A"}, "geometry": {"type": "Point", "coordinates": [97.9876789, 4.4638269]}}, {"type": "Feature", "properties": {"assignment_id": "5926650b-c554-4b3d-aef1-06619c2b4b6f", "latitude": 4.4697689, "longitude": 97.9740133, "kategori": "G"}, "geometry": {"type": "Point", "coordinates": [97.9740133, 4.4697689]}}, {"type": "Feature", "properties": {"assignment_id": "78bd59b1-3109-42d0-bb4d-3816ec8d6fb4", "latitude": 4.4927707, "longitude": 97.9530902, "kategori": "C"}, "geometry": {"type": "Point", "coordinates": [97.9530902, 4.4927707]}}, {"type": "Feature", "properties": {"assignment_id": "2a8c5fcb-7971-48cc-9e38-bb6c9c655a16", "latitude": 4.4340633, "longitude": 97.9957589, "kategori": "A"}, "geometry": {"type": "Point", "coordinates": [97.9957589, 4.4340633]}}, {"type": "Feature", "properties": {"assignment_id": "3cea4b3b-154c-47f5-b045-b9d37fc248fb", "latitude": 4.4658686, "longitude": 97.9630898, "kategori": "A"}, "geometry": {"type": "Point", "coordinates": [97.9630898, 4.4658686]}}, {"type": "Feature", "properties": {"assignment_id": "5f9f1b56-314c-4e73-a7f0-ffed9cbe0920", "latitude": 4.470923, "longitude": 97.9744755, "kategori": "C"}, "geometry": {"type": "Point", "coordinates": [97.9744755, 4.470923]}}, {"type": "Feature", "properties": {"assignment_id": "6f3b0a09-4bc7-4dce-89cf-fbc59370eb3c", "latitude": 4.4308617, "longitude": 98.0404167, "kategori": "A"}, "geometry": {"type": "Point", "coordinates": [98.0404167, 4.4308617]}}, {"type": "Feature", "properties": {"assignment_id": "7d16344a-b55f-4457-b139-019099384a51", "latitude": 4.4704838, "longitude": 97.9731153, "kategori": "G"}, "geometry": {"type": "Point", "coordinates": [97.9731153, 4.4704838]}}, {"type": "Feature", "properties": {"assignment_id": "c5ab37ea-102f-4585-b857-7afc2932e285", "latitude": 4.4407107, "longitude": 97.9832048, "kategori": "A"}, "geometry": {"type": "Point", "coordinates": [97.9832048, 4.4407107]}}, {"type": "Feature", "properties": {"assignment_id": "064657b5-4c49-4a5e-b0b0-4669586e565b", "latitude": 4.4964803, "longitude": 97.995299, "kategori": "C"}, "geometry": {"type": "Point", "coordinates": [97.995299, 4.4964803]}}, {"type": "Feature", "properties": {"assignment_id": "351775c4-b9f0-42fb-a154-e476f8a38aae", "latitude": 4.461138333333333, "longitude": 97.96908, "kategori": "G"}, "geometry": {"type": "Point", "coordinates": [97.96908, 4.461138333333333]}}, {"type": "Feature", "properties": {"assignment_id": "16b80fef-b6c6-4e46-a2ae-a26fd78fa47f", "latitude": 4.445065, "longitude": 97.98852666666669, "kategori": "A"}, "geometry": {"type": "Point", "coordinates": [97.98852666666669, 4.445065]}}, {"type": "Feature", "properties": {"assignment_id": "2bb54822-5d53-4515-87fc-ebba2a9cd812", "latitude": 4.4744686, "longitude": 97.9819046, "kategori": "A"}, "geometry": {"type": "Point", "coordinates": [97.9819046, 4.4744686]}}, {"type": "Feature", "properties": {"assignment_id": "347bef0c-12ed-48b8-89fd-1d1e5c71c068", "latitude": 4.4762721, "longitude": 97.9845461, "kategori": "A"}, "geometry": {"type": "Point", "coordinates": [97.9845461, 4.4762721]}}, {"type": "Feature", "properties": {"assignment_id": "63d0cd2d-290f-4289-80d2-5556967a3ecc", "latitude": 4.4448801, "longitude": 98.0153628, "kategori": "A"}, "geometry": {"type": "Point", "coordinates": [98.0153628, 4.4448801]}}, {"type": "Feature", "properties": {"assignment_id": "6a013477-eeb8-46c5-ab25-98e7f214ad3e", "latitude": 4.4409638, "longitude": 97.9739666, "kategori": "A"}, "geometry": {"type": "Point", "coordinates": [97.9739666, 4.4409638]}}, {"type": "Feature", "properties": {"assignment_id": "74d0bcbf-b0c9-4449-a614-ca6c7b219fa7", "latitude": 4.4391469, "longitude": 97.9718072, "kategori": "A"}, "geometry": {"type": "Point", "coordinates": [97.9718072, 4.4391469]}}, {"type": "Feature", "properties": {"assignment_id": "7f5d1a1a-d6c4-479e-8742-0b27d4b15995", "latitude": 4.473547, "longitude": 97.954913, "kategori": "C"}, "geometry": {"type": "Point", "coordinates": [97.954913, 4.473547]}}, {"type": "Feature", "properties": {"assignment_id": "07b6a9fb-a606-4ed7-a8a9-f88bd8ada97d", "latitude": 4.456238333333333, "longitude": 97.88633333333334, "kategori": "A"}, "geometry": {"type": "Point", "coordinates": [97.88633333333334, 4.456238333333333]}}, {"type": "Feature", "properties": {"assignment_id": "07b6a9fb-a606-4ed7-a8a9-f88bd8ada97d", "latitude": 4.456238333333333, "longitude": 97.88633333333334, "kategori": "C"}, "geometry": {"type": "Point", "coordinates": [97.88633333333334, 4.456238333333333]}}, {"type": "Feature", "properties": {"assignment_id": "07b6a9fb-a606-4ed7-a8a9-f88bd8ada97d", "latitude": 4.456238333333333, "longitude": 97.88633333333334, "kategori": "G"}, "geometry": {"type": "Point", "coordinates": [97.88633333333334, 4.456238333333333]}}, {"type": "Feature", "properties": {"assignment_id": "77385f97-8e00-4c12-a697-2043ef8180cd", "latitude": 4.4497533, "longitude": 98.0139833, "kategori": "G"}, "geometry": {"type": "Point", "coordinates": [98.0139833, 4.4497533]}}, {"type": "Feature", "properties": {"assignment_id": "bbd896f7-ead9-488f-b949-1b37afe293dd", "latitude": 4.4558103, "longitude": 97.9878112, "kategori": "A"}, "geometry": {"type": "Point", "coordinates": [97.9878112, 4.4558103]}}, {"type": "Feature", "properties": {"assignment_id": "147f6cff-c15e-4963-b4b1-384b64fa01ad", "latitude": 4.4613067, "longitude": 97.9804017, "kategori": "H"}, "geometry": {"type": "Point", "coordinates": [97.9804017, 4.4613067]}}, {"type": "Feature", "properties": {"assignment_id": "1b2bc97d-b301-4e60-af22-afa092d77879", "latitude": 4.4339137, "longitude": 98.0224377, "kategori": "F"}, "geometry": {"type": "Point", "coordinates": [98.0224377, 4.4339137]}}, {"type": "Feature", "properties": {"assignment_id": "63d4fcb1-e08c-4181-89b4-ff843d3f8a84", "latitude": 4.456413333333333, "longitude": 97.98380333333334, "kategori": "A"}, "geometry": {"type": "Point", "coordinates": [97.98380333333334, 4.456413333333333]}}, {"type": "Feature", "properties": {"assignment_id": "e8efca32-2e9c-4c77-bd58-2d40748a73dc", "latitude": 4.4747962999999995, "longitude": 97.95309973333333, "kategori": "G"}, "geometry": {"type": "Point", "coordinates": [97.95309973333333, 4.4747962999999995]}}, {"type": "Feature", "properties": {"assignment_id": "611f0aff-b43a-4022-b94c-7fed5d6a04ee", "latitude": 4.472903333333333, "longitude": 97.93555333333333, "kategori": "A"}, "geometry": {"type": "Point", "coordinates": [97.93555333333333, 4.472903333333333]}}, {"type": "Feature", "properties": {"assignment_id": "1cfeac4c-83f3-48cb-8415-df8618fcd2e1", "latitude": 4.4738293166666665, "longitude": 97.97725045, "kategori": "A"}, "geometry": {"type": "Point", "coordinates": [97.97725045, 4.4738293166666665]}}, {"type": "Feature", "properties": {"assignment_id": "2b419211-3f89-485a-b232-48810901fcf3", "latitude": 4.4464553, "longitude": 97.9779233, "kategori": "A"}, "geometry": {"type": "Point", "coordinates": [97.9779233, 4.4464553]}}, {"type": "Feature", "properties": {"assignment_id": "366f8b0f-a4c2-48fd-91a2-838bd85b99f5", "latitude": 4.4709754, "longitude": 97.9724361, "kategori": "G"}, "geometry": {"type": "Point", "coordinates": [97.9724361, 4.4709754]}}, {"type": "Feature", "properties": {"assignment_id": "c72ea4c6-e195-4fb1-ac7c-742d3402dbab", "latitude": 4.44700779, "longitude": 98.02883698, "kategori": "A"}, "geometry": {"type": "Point", "coordinates": [98.02883698, 4.44700779]}}, {"type": "Feature", "properties": {"assignment_id": "043fb7dd-3ada-4c91-a00b-2a872d5ea4c7", "latitude": 4.4852682, "longitude": 97.9598327, "kategori": "C"}, "geometry": {"type": "Point", "coordinates": [97.9598327, 4.4852682]}}, {"type": "Feature", "properties": {"assignment_id": "4c0652d3-b31b-4867-935b-46da0679f10b", "latitude": 4.484211578965187, "longitude": 97.97119980677962, "kategori": "G"}, "geometry": {"type": "Point", "coordinates": [97.97119980677962, 4.484211578965187]}}, {"type": "Feature", "properties": {"assignment_id": "6b2bd53a-d70b-4191-9808-27c775247016", "latitude": 4.4836018, "longitude": 97.9568767, "kategori": "A"}, "geometry": {"type": "Point", "coordinates": [97.9568767, 4.4836018]}}, {"type": "Feature", "properties": {"assignment_id": "9c037db0-628c-4056-83a1-5762bdf22194", "latitude": 4.47815399, "longitude": 97.94658117, "kategori": "G"}, "geometry": {"type": "Point", "coordinates": [97.94658117, 4.47815399]}}, {"type": "Feature", "properties": {"assignment_id": "9c75ee88-fca1-46ff-b634-9fb6faaeb406", "latitude": 4.4782809, "longitude": 97.9742045, "kategori": "H"}, "geometry": {"type": "Point", "coordinates": [97.9742045, 4.4782809]}}, {"type": "Feature", "properties": {"assignment_id": "f70702fd-56a7-4013-8589-2190dc6f6d67", "latitude": 4.4606143, "longitude": 97.9644875, "kategori": "R"}, "geometry": {"type": "Point", "coordinates": [97.9644875, 4.4606143]}}, {"type": "Feature", "properties": {"assignment_id": "593c6d4b-8254-4ec7-b7b9-97e631af2822", "latitude": 4.4617294, "longitude": 97.93958, "kategori": "C"}, "geometry": {"type": "Point", "coordinates": [97.93958, 4.4617294]}}, {"type": "Feature", "properties": {"assignment_id": "1165494c-824e-4958-9dfb-3ff8cac46c65", "latitude": 4.4992853, "longitude": 97.9405606, "kategori": "G"}, "geometry": {"type": "Point", "coordinates": [97.9405606, 4.4992853]}}, {"type": "Feature", "properties": {"assignment_id": "19746d3f-a161-4fc8-a75f-64cd51c056ea", "latitude": 4.468731666666667, "longitude": 97.97703500000001, "kategori": "G"}, "geometry": {"type": "Point", "coordinates": [97.97703500000001, 4.468731666666667]}}, {"type": "Feature", "properties": {"assignment_id": "19c118fe-55bb-4d9d-99ef-751045d6d38a", "latitude": 4.46723, "longitude": 97.93351166666667, "kategori": "A"}, "geometry": {"type": "Point", "coordinates": [97.93351166666667, 4.46723]}}, {"type": "Feature", "properties": {"assignment_id": "21ff87fb-1b48-438c-b388-26d4a9c1f561", "latitude": 4.4836182, "longitude": 97.9605942, "kategori": "S"}, "geometry": {"type": "Point", "coordinates": [97.9605942, 4.4836182]}}, {"type": "Feature", "properties": {"assignment_id": "266a9abf-40ed-48bf-8f14-476e65879524", "latitude": 4.509917534887791, "longitude": 97.94285690411925, "kategori": "R"}, "geometry": {"type": "Point", "coordinates": [97.94285690411925, 4.509917534887791]}}, {"type": "Feature", "properties": {"assignment_id": "43129de2-30fb-4fbe-a44e-91f71951604f", "latitude": 4.5049107, "longitude": 97.9629533, "kategori": "A"}, "geometry": {"type": "Point", "coordinates": [97.9629533, 4.5049107]}}, {"type": "Feature", "properties": {"assignment_id": "63f53622-f53c-427f-b585-eacb82cbb99b", "latitude": 4.4672762, "longitude": 97.9618238, "kategori": "C"}, "geometry": {"type": "Point", "coordinates": [97.9618238, 4.4672762]}}, {"type": "Feature", "properties": {"assignment_id": "68d4b490-0143-4eba-b215-42ae0cbe183c", "latitude": 4.4586862, "longitude": 97.9816507, "kategori": "H"}, "geometry": {"type": "Point", "coordinates": [97.9816507, 4.4586862]}}, {"type": "Feature", "properties": {"assignment_id": "a87f93e0-37e2-45e7-8ed7-651f1b7c9312", "latitude": 4.4358788, "longitude": 97.9976875, "kategori": "A"}, "geometry": {"type": "Point", "coordinates": [97.9976875, 4.4358788]}}, {"type": "Feature", "properties": {"assignment_id": "b7bf4881-628d-4fd2-9dc2-624c2b53fb88", "latitude": 4.4794198, "longitude": 97.9567917, "kategori": "T"}, "geometry": {"type": "Point", "coordinates": [97.9567917, 4.4794198]}}, {"type": "Feature", "properties": {"assignment_id": "d764c6e2-ab35-4ccf-8c93-50c345c89883", "latitude": 4.45819, "longitude": 97.98258666666668, "kategori": "G"}, "geometry": {"type": "Point", "coordinates": [97.98258666666668, 4.45819]}}, {"type": "Feature", "properties": {"assignment_id": "e2b7e5c4-891c-4ad4-b68c-70cd3ddf6b7c", "latitude": 4.4942263, "longitude": 97.9623511, "kategori": "A"}, "geometry": {"type": "Point", "coordinates": [97.9623511, 4.4942263]}}, {"type": "Feature", "properties": {"assignment_id": "ef8c71a0-b7c3-470b-a5be-88aec3876fe3", "latitude": 4.4484953, "longitude": 98.0300429, "kategori": "A"}, "geometry": {"type": "Point", "coordinates": [98.0300429, 4.4484953]}}, {"type": "Feature", "properties": {"assignment_id": "69cd1bc8-8f04-4c02-9708-d84c30b9c0d8", "latitude": 4.4886576, "longitude": 97.9618711, "kategori": "C"}, "geometry": {"type": "Point", "coordinates": [97.9618711, 4.4886576]}}, {"type": "Feature", "properties": {"assignment_id": "70c90dcb-cc4b-4445-87b5-a39df4217f20", "latitude": 4.4942227, "longitude": 97.9623678, "kategori": "C"}, "geometry": {"type": "Point", "coordinates": [97.9623678, 4.4942227]}}, {"type": "Feature", "properties": {"assignment_id": "95ec2002-9efe-491a-b6bc-1c559c531ed9", "latitude": 4.47766674, "longitude": 97.9695897, "kategori": "G"}, "geometry": {"type": "Point", "coordinates": [97.9695897, 4.47766674]}}, {"type": "Feature", "properties": {"assignment_id": "3103a563-55ca-48c7-9867-5e27c4f66fa5", "latitude": 4.4709913, "longitude": 97.9322775, "kategori": "A"}, "geometry": {"type": "Point", "coordinates": [97.9322775, 4.4709913]}}, {"type": "Feature", "properties": {"assignment_id": "3ec2d60d-640b-4745-ac5e-7cbaa2e75e9e", "latitude": 4.438091666666667, "longitude": 98.00215666666666, "kategori": "A"}, "geometry": {"type": "Point", "coordinates": [98.00215666666666, 4.438091666666667]}}, {"type": "Feature", "properties": {"assignment_id": "3ec2d60d-640b-4745-ac5e-7cbaa2e75e9e", "latitude": 4.438091666666667, "longitude": 98.00215666666666, "kategori": "F"}, "geometry": {"type": "Point", "coordinates": [98.00215666666666, 4.438091666666667]}}, {"type": "Feature", "properties": {"assignment_id": "4bef1aa4-cc6b-4fb7-9ec7-ae9b7d139ce8", "latitude": 4.4795368, "longitude": 97.981033, "kategori": "A"}, "geometry": {"type": "Point", "coordinates": [97.981033, 4.4795368]}}, {"type": "Feature", "properties": {"assignment_id": "53751c27-7a3e-479a-ae66-701a7151bda2", "latitude": 4.4532943, "longitude": 98.0083729, "kategori": "A"}, "geometry": {"type": "Point", "coordinates": [98.0083729, 4.4532943]}}, {"type": "Feature", "properties": {"assignment_id": "53751c27-7a3e-479a-ae66-701a7151bda2", "latitude": 4.4532943, "longitude": 98.0083729, "kategori": "H"}, "geometry": {"type": "Point", "coordinates": [98.0083729, 4.4532943]}}, {"type": "Feature", "properties": {"assignment_id": "57016504-5c8c-4474-8a63-4a22f9b46c39", "latitude": 4.528464, "longitude": 97.93217296, "kategori": "A"}, "geometry": {"type": "Point", "coordinates": [97.93217296, 4.528464]}}, {"type": "Feature", "properties": {"assignment_id": "852718ce-3673-4a62-b730-585b33f543ae", "latitude": 4.4399074, "longitude": 97.9920638, "kategori": "A"}, "geometry": {"type": "Point", "coordinates": [97.9920638, 4.4399074]}}, {"type": "Feature", "properties": {"assignment_id": "87abfa6f-e892-4579-890c-f14a2e7c108c", "latitude": 4.435375, "longitude": 97.9890895, "kategori": "A"}, "geometry": {"type": "Point", "coordinates": [97.9890895, 4.435375]}}, {"type": "Feature", "properties": {"assignment_id": "928d4912-b00a-4d2c-a37b-7836379105d3", "latitude": 4.492275, "longitude": 97.9732326, "kategori": "A"}, "geometry": {"type": "Point", "coordinates": [97.9732326, 4.492275]}}, {"type": "Feature", "properties": {"assignment_id": "b64a9862-e6fb-4b5b-b481-0b06ef98e7a0", "latitude": 4.4630353, "longitude": 97.9666954, "kategori": "H"}, "geometry": {"type": "Point", "coordinates": [97.9666954, 4.4630353]}}, {"type": "Feature", "properties": {"assignment_id": "ca76f4dd-14fd-4dd3-a85d-6e909d125cc7", "latitude": 4.476401740685105, "longitude": 97.9847380053252, "kategori": "G"}, "geometry": {"type": "Point", "coordinates": [97.9847380053252, 4.476401740685105]}}, {"type": "Feature", "properties": {"assignment_id": "cd6fcbe5-a56b-4306-8d78-7c2446b49e99", "latitude": 4.4470586, "longitude": 97.9413836, "kategori": "A"}, "geometry": {"type": "Point", "coordinates": [97.9413836, 4.4470586]}}, {"type": "Feature", "properties": {"assignment_id": "52a46665-35d5-4da1-a1cf-6331693e11d7", "latitude": 4.4713869, "longitude": 97.9696915, "kategori": "G"}, "geometry": {"type": "Point", "coordinates": [97.9696915, 4.4713869]}}, {"type": "Feature", "properties": {"assignment_id": "92c884a0-da65-452d-8503-89e6f245bcf2", "latitude": 4.55271985, "longitude": 98.06519468333333, "kategori": "G"}, "geometry": {"type": "Point", "coordinates": [98.06519468333333, 4.55271985]}}, {"type": "Feature", "properties": {"assignment_id": "e7f53125-25ea-48b6-abd1-3a81713d1ab9", "latitude": 4.464965304359794, "longitude": 97.97811043448746, "kategori": "N"}, "geometry": {"type": "Point", "coordinates": [97.97811043448746, 4.464965304359794]}}, {"type": "Feature", "properties": {"assignment_id": "3577942a-6a80-4fc5-b2e0-63ed1591b4b7", "latitude": 4.4685234, "longitude": 97.9473217, "kategori": "A"}, "geometry": {"type": "Point", "coordinates": [97.9473217, 4.4685234]}}, {"type": "Feature", "properties": {"assignment_id": "01328eca-df6b-47b2-b0b6-629fbb404612", "latitude": 4.4936863, "longitude": 97.952646, "kategori": "Q"}, "geometry": {"type": "Point", "coordinates": [97.952646, 4.4936863]}}, {"type": "Feature", "properties": {"assignment_id": "0b83e888-eb8f-40ec-9df3-21ba32070bf2", "latitude": 4.476089430972934, "longitude": 97.98617566935718, "kategori": "A"}, "geometry": {"type": "Point", "coordinates": [97.98617566935718, 4.476089430972934]}}, {"type": "Feature", "properties": {"assignment_id": "155a7502-cea6-4cd2-b3c0-908cfb2aba0a", "latitude": 4.480284999999999, "longitude": 97.96341, "kategori": "A"}, "geometry": {"type": "Point", "coordinates": [97.96341, 4.480284999999999]}}, {"type": "Feature", "properties": {"assignment_id": "1b9902d6-6f63-4ba5-9e65-0c3d2dd162e4", "latitude": 4.443663333333333, "longitude": 97.99359833333334, "kategori": "A"}, "geometry": {"type": "Point", "coordinates": [97.99359833333334, 4.443663333333333]}}, {"type": "Feature", "properties": {"assignment_id": "1ed6d452-d5c4-4df0-9c9e-601df445a417", "latitude": 4.476652443408966, "longitude": 97.98467924818397, "kategori": "A"}, "geometry": {"type": "Point", "coordinates": [97.98467924818397, 4.476652443408966]}}, {"type": "Feature", "properties": {"assignment_id": "2b935dc6-e6f9-4645-8aa1-ee789caf5af9", "latitude": 4.4840936, "longitude": 97.9705155, "kategori": "G"}, "geometry": {"type": "Point", "coordinates": [97.9705155, 4.4840936]}}, {"type": "Feature", "properties": {"assignment_id": "353e4410-b660-43ad-8cf0-83df2a7789bb", "latitude": 4.477836666666667, "longitude": 97.98092166666666, "kategori": "A"}, "geometry": {"type": "Point", "coordinates": [97.98092166666666, 4.477836666666667]}}, {"type": "Feature", "properties": {"assignment_id": "4cccbee8-8e3a-4c69-b40e-db4e59895ba5", "latitude": 4.4773423, "longitude": 97.9536145, "kategori": "G"}, "geometry": {"type": "Point", "coordinates": [97.9536145, 4.4773423]}}, {"type": "Feature", "properties": {"assignment_id": "6552c120-6528-4656-9872-09be093b5451", "latitude": 4.4651613, "longitude": 97.9882402, "kategori": "G"}, "geometry": {"type": "Point", "coordinates": [97.9882402, 4.4651613]}}, {"type": "Feature", "properties": {"assignment_id": "6a80f7e0-54e6-4d6a-9fe9-d6cfe00dc7fb", "latitude": 4.455578333333333, "longitude": 97.98235500000001, "kategori": "A"}, "geometry": {"type": "Point", "coordinates": [97.98235500000001, 4.455578333333333]}}, {"type": "Feature", "properties": {"assignment_id": "7cc42a0b-12e7-45cb-bacf-5965e83fc85d", "latitude": 4.4924856, "longitude": 97.9449993, "kategori": "G"}, "geometry": {"type": "Point", "coordinates": [97.9449993, 4.4924856]}}, {"type": "Feature", "properties": {"assignment_id": "b2f4dfa0-1f01-414d-8763-9ebda0aa05ca", "latitude": 4.4972612, "longitude": 97.9576025, "kategori": "G"}, "geometry": {"type": "Point", "coordinates": [97.9576025, 4.4972612]}}, {"type": "Feature", "properties": {"assignment_id": "d3c9b74e-2327-4642-9cc9-e5dfa0ce431f", "latitude": 4.4782117, "longitude": 97.9778924, "kategori": "G"}, "geometry": {"type": "Point", "coordinates": [97.9778924, 4.4782117]}}, {"type": "Feature", "properties": {"assignment_id": "dd2168a3-e7d5-4f6c-a167-74050c8cb48c", "latitude": 4.4831825, "longitude": 97.9780119, "kategori": "C"}, "geometry": {"type": "Point", "coordinates": [97.9780119, 4.4831825]}}, {"type": "Feature", "properties": {"assignment_id": "e28fd497-efd2-48a6-8317-56a28824ed98", "latitude": 4.5015887, "longitude": 97.9565932, "kategori": "C"}, "geometry": {"type": "Point", "coordinates": [97.9565932, 4.5015887]}}, {"type": "Feature", "properties": {"assignment_id": "e9a96916-d7ae-495f-9e5f-5b16c6140d96", "latitude": 4.4971293, "longitude": 97.9973819, "kategori": "G"}, "geometry": {"type": "Point", "coordinates": [97.9973819, 4.4971293]}}, {"type": "Feature", "properties": {"assignment_id": "fe229b4f-a5ef-4c1a-a898-05119e2b56af", "latitude": 4.4826317, "longitude": 97.9596967, "kategori": "G"}, "geometry": {"type": "Point", "coordinates": [97.9596967, 4.4826317]}}, {"type": "Feature", "properties": {"assignment_id": "822745a3-3b85-4713-9eea-d2ae363987ba", "latitude": 4.4303717, "longitude": 98.0386683, "kategori": "A"}, "geometry": {"type": "Point", "coordinates": [98.0386683, 4.4303717]}}, {"type": "Feature", "properties": {"assignment_id": "064ef1fb-a27d-4725-bc16-5aa0e7f2c69a", "latitude": 4.4720939, "longitude": 97.9644527, "kategori": "C"}, "geometry": {"type": "Point", "coordinates": [97.9644527, 4.4720939]}}, {"type": "Feature", "properties": {"assignment_id": "33d64111-eca2-4fa4-90b7-1f6ca3c72701", "latitude": 4.4345575, "longitude": 97.9964991, "kategori": "G"}, "geometry": {"type": "Point", "coordinates": [97.9964991, 4.4345575]}}, {"type": "Feature", "properties": {"assignment_id": "416965c1-4c6a-4e87-a983-a255e1122c82", "latitude": 4.443143966666667, "longitude": 98.01592508333333, "kategori": "R"}, "geometry": {"type": "Point", "coordinates": [98.01592508333333, 4.443143966666667]}}, {"type": "Feature", "properties": {"assignment_id": "59639595-12d7-4657-ab6a-9911e8a4a078", "latitude": 4.4788898, "longitude": 97.9804929, "kategori": "A"}, "geometry": {"type": "Point", "coordinates": [97.9804929, 4.4788898]}}, {"type": "Feature", "properties": {"assignment_id": "691106b9-999d-4a9d-9105-038024336c10", "latitude": 4.464704, "longitude": 97.9364797, "kategori": "A"}, "geometry": {"type": "Point", "coordinates": [97.9364797, 4.464704]}}, {"type": "Feature", "properties": {"assignment_id": "7a42a2f9-456b-4646-8f43-ac0bc3604255", "latitude": 4.4730056, "longitude": 97.963757, "kategori": "G"}, "geometry": {"type": "Point", "coordinates": [97.963757, 4.4730056]}}, {"type": "Feature", "properties": {"assignment_id": "7bc3ee5b-7df8-43cf-a7aa-0d967016df82", "latitude": 4.453788933333333, "longitude": 98.01053680000001, "kategori": "A"}, "geometry": {"type": "Point", "coordinates": [98.01053680000001, 4.453788933333333]}}, {"type": "Feature", "properties": {"assignment_id": "acfa0b4b-5bf9-4104-b505-ea8309248783", "latitude": 4.4567559, "longitude": 98.0029138, "kategori": "A"}, "geometry": {"type": "Point", "coordinates": [98.0029138, 4.4567559]}}, {"type": "Feature", "properties": {"assignment_id": "b0813e2d-9c43-4b3a-8564-63ff2e607a63", "latitude": 4.4373533, "longitude": 98.04164, "kategori": "A"}, "geometry": {"type": "Point", "coordinates": [98.04164, 4.4373533]}}, {"type": "Feature", "properties": {"assignment_id": "b9a807fa-db90-49c6-9d26-7055dd57f391", "latitude": 4.466629999999999, "longitude": 97.971485, "kategori": "G"}, "geometry": {"type": "Point", "coordinates": [97.971485, 4.466629999999999]}}, {"type": "Feature", "properties": {"assignment_id": "6f1dcff3-49ef-4c78-8da5-84d4c336be2c", "latitude": 4.4260576, "longitude": 98.0216685, "kategori": "A"}, "geometry": {"type": "Point", "coordinates": [98.0216685, 4.4260576]}}, {"type": "Feature", "properties": {"assignment_id": "b5eb2f82-ec2b-4023-a34b-b1eb3cfc45d1", "latitude": 4.5050329, "longitude": 97.9621519, "kategori": "A"}, "geometry": {"type": "Point", "coordinates": [97.9621519, 4.5050329]}}, {"type": "Feature", "properties": {"assignment_id": "dd6944fd-4bc2-437b-923e-c0005fbbf3ad", "latitude": 4.4717534, "longitude": 97.9703708, "kategori": "G"}, "geometry": {"type": "Point", "coordinates": [97.9703708, 4.4717534]}}, {"type": "Feature", "properties": {"assignment_id": "05c64e59-db6a-49c2-9be5-180329928631", "latitude": 4.4324224, "longitude": 98.0212964, "kategori": "A"}, "geometry": {"type": "Point", "coordinates": [98.0212964, 4.4324224]}}, {"type": "Feature", "properties": {"assignment_id": "18b3e46a-15e8-497f-b9af-d08b05e87c76", "latitude": 4.4963046, "longitude": 97.9742051, "kategori": "A"}, "geometry": {"type": "Point", "coordinates": [97.9742051, 4.4963046]}}, {"type": "Feature", "properties": {"assignment_id": "2025dd31-8947-4061-b1e2-f09f1d0ebe36", "latitude": 4.4716201, "longitude": 97.9570728, "kategori": "C"}, "geometry": {"type": "Point", "coordinates": [97.9570728, 4.4716201]}}, {"type": "Feature", "properties": {"assignment_id": "32a361b6-4f1d-463a-af2d-cc37c8aed3e1", "latitude": 4.478965932503343, "longitude": 97.97893823124468, "kategori": "A"}, "geometry": {"type": "Point", "coordinates": [97.97893823124468, 4.478965932503343]}}, {"type": "Feature", "properties": {"assignment_id": "3fde3be6-af40-43ba-a4ce-f1e43aa115a3", "latitude": 4.469965, "longitude": 97.9597652, "kategori": "C"}, "geometry": {"type": "Point", "coordinates": [97.9597652, 4.469965]}}, {"type": "Feature", "properties": {"assignment_id": "4aa059a4-4bc0-4f18-811d-a6a02ca48b5f", "latitude": 4.4909277, "longitude": 97.9318587, "kategori": "A"}, "geometry": {"type": "Point", "coordinates": [97.9318587, 4.4909277]}}, {"type": "Feature", "properties": {"assignment_id": "557edf8e-bb72-4e31-82af-adf6cc277bf5", "latitude": 4.4861095, "longitude": 97.9644897, "kategori": "A"}, "geometry": {"type": "Point", "coordinates": [97.9644897, 4.4861095]}}, {"type": "Feature", "properties": {"assignment_id": "60c59f34-8b10-48ee-ab9b-e2bccc3d61ae", "latitude": 4.446469, "longitude": 97.9779279, "kategori": "A"}, "geometry": {"type": "Point", "coordinates": [97.9779279, 4.446469]}}, {"type": "Feature", "properties": {"assignment_id": "a3c1036d-9e84-4c53-a0a5-96cbf6d1af5a", "latitude": 4.44795746, "longitude": 98.0292948, "kategori": "A"}, "geometry": {"type": "Point", "coordinates": [98.0292948, 4.44795746]}}, {"type": "Feature", "properties": {"assignment_id": "a3c1036d-9e84-4c53-a0a5-96cbf6d1af5a", "latitude": 4.44795746, "longitude": 98.0292948, "kategori": "F"}, "geometry": {"type": "Point", "coordinates": [98.0292948, 4.44795746]}}, {"type": "Feature", "properties": {"assignment_id": "a80e568f-4f02-41d2-b312-3403d297b098", "latitude": 4.478498833333333, "longitude": 97.98065908333335, "kategori": "A"}, "geometry": {"type": "Point", "coordinates": [97.98065908333335, 4.478498833333333]}}, {"type": "Feature", "properties": {"assignment_id": "e4917cf1-a1ec-4d01-b07b-ea527197c17d", "latitude": 4.4670733, "longitude": 97.9789883, "kategori": "A"}, "geometry": {"type": "Point", "coordinates": [97.9789883, 4.4670733]}}, {"type": "Feature", "properties": {"assignment_id": "e53df240-e865-4a7f-b660-ee373edb21ea", "latitude": 4.455381666666667, "longitude": 97.98078, "kategori": "A"}, "geometry": {"type": "Point", "coordinates": [97.98078, 4.455381666666667]}}, {"type": "Feature", "properties": {"assignment_id": "e53df240-e865-4a7f-b660-ee373edb21ea", "latitude": 4.455381666666667, "longitude": 97.98078, "kategori": "C"}, "geometry": {"type": "Point", "coordinates": [97.98078, 4.455381666666667]}}, {"type": "Feature", "properties": {"assignment_id": "f6359bd8-01f1-4f66-ade0-0f128246df89", "latitude": 4.4918487, "longitude": 97.9556443, "kategori": "G"}, "geometry": {"type": "Point", "coordinates": [97.9556443, 4.4918487]}}, {"type": "Feature", "properties": {"assignment_id": "4f23d61f-c945-4d6f-886a-906255de00fa", "latitude": 4.473543333333334, "longitude": 97.96540333333333, "kategori": "C"}, "geometry": {"type": "Point", "coordinates": [97.96540333333333, 4.473543333333334]}}, {"type": "Feature", "properties": {"assignment_id": "3085abce-ae54-470c-9cc6-f12a893e115f", "latitude": 4.4706129, "longitude": 97.9488294, "kategori": "C"}, "geometry": {"type": "Point", "coordinates": [97.9488294, 4.4706129]}}, {"type": "Feature", "properties": {"assignment_id": "406b9155-2739-4e89-af72-02b0f4ac04f9", "latitude": 4.455065, "longitude": 97.98109833333335, "kategori": "A"}, "geometry": {"type": "Point", "coordinates": [97.98109833333335, 4.455065]}}, {"type": "Feature", "properties": {"assignment_id": "406b9155-2739-4e89-af72-02b0f4ac04f9", "latitude": 4.455065, "longitude": 97.98109833333335, "kategori": "C"}, "geometry": {"type": "Point", "coordinates": [97.98109833333335, 4.455065]}}, {"type": "Feature", "properties": {"assignment_id": "65586f2a-befc-4eb4-8756-30a413c161bd", "latitude": 4.4776044, "longitude": 97.9453858, "kategori": "C"}, "geometry": {"type": "Point", "coordinates": [97.9453858, 4.4776044]}}, {"type": "Feature", "properties": {"assignment_id": "730c0a64-6dc7-43a9-860c-e8513bd5716d", "latitude": 4.4775576, "longitude": 97.9729875, "kategori": "C"}, "geometry": {"type": "Point", "coordinates": [97.9729875, 4.4775576]}}, {"type": "Feature", "properties": {"assignment_id": "8ae1bacd-1ffb-4005-a28c-91103ae4026e", "latitude": 4.5338282, "longitude": 97.9276537, "kategori": "A"}, "geometry": {"type": "Point", "coordinates": [97.9276537, 4.5338282]}}, {"type": "Feature", "properties": {"assignment_id": "9e5bb9ec-8d44-49aa-a972-459b52f26275", "latitude": 4.4552151, "longitude": 98.0044806, "kategori": "A"}, "geometry": {"type": "Point", "coordinates": [98.0044806, 4.4552151]}}, {"type": "Feature", "properties": {"assignment_id": "9e5bb9ec-8d44-49aa-a972-459b52f26275", "latitude": 4.4552151, "longitude": 98.0044806, "kategori": "G"}, "geometry": {"type": "Point", "coordinates": [98.0044806, 4.4552151]}}, {"type": "Feature", "properties": {"assignment_id": "c80397e4-341c-4f63-ac26-160934dbc4a8", "latitude": 4.4506157, "longitude": 98.005091, "kategori": "A"}, "geometry": {"type": "Point", "coordinates": [98.005091, 4.4506157]}}, {"type": "Feature", "properties": {"assignment_id": "d5b40d81-7856-4257-887d-95ba9f0104b6", "latitude": 4.4746383, "longitude": 97.9630548, "kategori": "C"}, "geometry": {"type": "Point", "coordinates": [97.9630548, 4.4746383]}}, {"type": "Feature", "properties": {"assignment_id": "87aa558a-7772-46e2-9972-ded0b89aefb5", "latitude": 4.4562817, "longitude": 97.98977764, "kategori": "A"}, "geometry": {"type": "Point", "coordinates": [97.98977764, 4.4562817]}}, {"type": "Feature", "properties": {"assignment_id": "01dc1d01-1057-4944-9d5a-189efd3ab687", "latitude": 4.47346085, "longitude": 97.97499197, "kategori": "G"}, "geometry": {"type": "Point", "coordinates": [97.97499197, 4.47346085]}}, {"type": "Feature", "properties": {"assignment_id": "0cc32e4b-c7a9-4945-94f7-5a986e4cee7c", "latitude": 4.479125, "longitude": 97.9417504, "kategori": "G"}, "geometry": {"type": "Point", "coordinates": [97.9417504, 4.479125]}}, {"type": "Feature", "properties": {"assignment_id": "57c97cce-225a-41f7-b5a4-f5a2523ff7e3", "latitude": 4.4418887, "longitude": 98.0186945, "kategori": "A"}, "geometry": {"type": "Point", "coordinates": [98.0186945, 4.4418887]}}, {"type": "Feature", "properties": {"assignment_id": "5b0b7152-195c-4ff4-b9e0-aabc9c6c0f64", "latitude": 4.47819762, "longitude": 97.94343521, "kategori": "A"}, "geometry": {"type": "Point", "coordinates": [97.94343521, 4.47819762]}}, {"type": "Feature", "properties": {"assignment_id": "fbf4a7d5-0c30-4d38-81d9-34bd00817dff", "latitude": 4.4627694, "longitude": 97.9645205, "kategori": "A"}, "geometry": {"type": "Point", "coordinates": [97.9645205, 4.4627694]}}, {"type": "Feature", "properties": {"assignment_id": "4fadbbf4-4f96-4359-a21c-b995f850d795", "latitude": 4.46985357, "longitude": 97.97365141, "kategori": "G"}, "geometry": {"type": "Point", "coordinates": [97.97365141, 4.46985357]}}, {"type": "Feature", "properties": {"assignment_id": "f547a427-a9ae-496f-80ca-f0f66783e4d3", "latitude": 4.437971666666667, "longitude": 98.00536166666667, "kategori": "A"}, "geometry": {"type": "Point", "coordinates": [98.00536166666667, 4.437971666666667]}}, {"type": "Feature", "properties": {"assignment_id": "03a494d9-beee-450f-ba5c-b676c12a1578", "latitude": 4.4300983, "longitude": 98.0229238, "kategori": "A"}, "geometry": {"type": "Point", "coordinates": [98.0229238, 4.4300983]}}, {"type": "Feature", "properties": {"assignment_id": "0f67e810-a54a-4afb-8791-1bbfc74e1a5d", "latitude": 4.5032978, "longitude": 97.9662097, "kategori": "A"}, "geometry": {"type": "Point", "coordinates": [97.9662097, 4.5032978]}}, {"type": "Feature", "properties": {"assignment_id": "3d9f1f14-f4af-44b4-b485-0487bb954324", "latitude": 4.5099472, "longitude": 97.9431157, "kategori": "H"}, "geometry": {"type": "Point", "coordinates": [97.9431157, 4.5099472]}}, {"type": "Feature", "properties": {"assignment_id": "50177419-afd3-4022-864c-d4f1122956c3", "latitude": 4.4628593, "longitude": 97.9666711, "kategori": "C"}, "geometry": {"type": "Point", "coordinates": [97.9666711, 4.4628593]}}, {"type": "Feature", "properties": {"assignment_id": "6b4c6c44-809d-487c-bbf3-172d84fcf884", "latitude": 4.456015, "longitude": 97.9815, "kategori": "C"}, "geometry": {"type": "Point", "coordinates": [97.9815, 4.456015]}}, {"type": "Feature", "properties": {"assignment_id": "931d53de-b872-4463-98ea-912e79e3e4e6", "latitude": 4.4584600000000005, "longitude": 97.98267833333333, "kategori": "D"}, "geometry": {"type": "Point", "coordinates": [97.98267833333333, 4.4584600000000005]}}, {"type": "Feature", "properties": {"assignment_id": "a3c99fb7-19e5-44c4-bf7e-1c61f3e8f0ae", "latitude": 4.4303099, "longitude": 98.0243045, "kategori": "A"}, "geometry": {"type": "Point", "coordinates": [98.0243045, 4.4303099]}}, {"type": "Feature", "properties": {"assignment_id": "2fa1f678-f577-4d52-a82f-5ffdc945ecb7", "latitude": 4.4837946, "longitude": 97.981803, "kategori": "A"}, "geometry": {"type": "Point", "coordinates": [97.981803, 4.4837946]}}, {"type": "Feature", "properties": {"assignment_id": "2fa1f678-f577-4d52-a82f-5ffdc945ecb7", "latitude": 4.4837946, "longitude": 97.981803, "kategori": "G"}, "geometry": {"type": "Point", "coordinates": [97.981803, 4.4837946]}}, {"type": "Feature", "properties": {"assignment_id": "8e1cc112-6f85-48dd-b5da-af4ea8e1fbf3", "latitude": 4.492343333333333, "longitude": 97.98859499999999, "kategori": "G"}, "geometry": {"type": "Point", "coordinates": [97.98859499999999, 4.492343333333333]}}, {"type": "Feature", "properties": {"assignment_id": "0b7c3f50-4735-4541-98ad-13d077a484df", "latitude": 4.4880314, "longitude": 97.9576242, "kategori": "C"}, "geometry": {"type": "Point", "coordinates": [97.9576242, 4.4880314]}}, {"type": "Feature", "properties": {"assignment_id": "03f00a4f-6cfa-4e1b-96d2-7ca68c7263b9", "latitude": 4.441568333333334, "longitude": 97.99165666666667, "kategori": "F"}, "geometry": {"type": "Point", "coordinates": [97.99165666666667, 4.441568333333334]}}, {"type": "Feature", "properties": {"assignment_id": "0a4f6358-5bc5-40f9-bcf5-7d560e11948a", "latitude": 4.5527152, "longitude": 98.06500663333333, "kategori": "G"}, "geometry": {"type": "Point", "coordinates": [98.06500663333333, 4.5527152]}}, {"type": "Feature", "properties": {"assignment_id": "27df35e0-93b9-4013-8749-f24f9586afd3", "latitude": 4.4627372, "longitude": 97.9425495, "kategori": "A"}, "geometry": {"type": "Point", "coordinates": [97.9425495, 4.4627372]}}, {"type": "Feature", "properties": {"assignment_id": "3fd36263-92b3-4eec-9561-267630c6dcfe", "latitude": 4.454409999999999, "longitude": 97.97873166666668, "kategori": "A"}, "geometry": {"type": "Point", "coordinates": [97.97873166666668, 4.454409999999999]}}, {"type": "Feature", "properties": {"assignment_id": "430d444d-3d8f-4c87-a97a-eb56dc4a91ff", "latitude": 4.4577047, "longitude": 97.9909552, "kategori": "A"}, "geometry": {"type": "Point", "coordinates": [97.9909552, 4.4577047]}}, {"type": "Feature", "properties": {"assignment_id": "4622f65d-92ca-4cb9-a879-596cd20948eb", "latitude": 4.4467615, "longitude": 98.0084545, "kategori": "G"}, "geometry": {"type": "Point", "coordinates": [98.0084545, 4.4467615]}}, {"type": "Feature", "properties": {"assignment_id": "4622f65d-92ca-4cb9-a879-596cd20948eb", "latitude": 4.4467615, "longitude": 98.0084545, "kategori": "C"}, "geometry": {"type": "Point", "coordinates": [98.0084545, 4.4467615]}}, {"type": "Feature", "properties": {"assignment_id": "4d612e24-1fde-41ea-8b5c-504ce0284179", "latitude": 4.4370356, "longitude": 97.9898739, "kategori": "A"}, "geometry": {"type": "Point", "coordinates": [97.9898739, 4.4370356]}}, {"type": "Feature", "properties": {"assignment_id": "50246fd4-8318-42f8-88a6-0605755200be", "latitude": 4.46678, "longitude": 97.93245499999999, "kategori": "A"}, "geometry": {"type": "Point", "coordinates": [97.93245499999999, 4.46678]}}, {"type": "Feature", "properties": {"assignment_id": "691fd651-6060-498e-9267-15e0ef82178a", "latitude": 4.47312553, "longitude": 97.97546615, "kategori": "G"}, "geometry": {"type": "Point", "coordinates": [97.97546615, 4.47312553]}}, {"type": "Feature", "properties": {"assignment_id": "74b41be1-5584-4787-8690-ca0a83ab92bb", "latitude": 4.4275617, "longitude": 98.0242501, "kategori": "A"}, "geometry": {"type": "Point", "coordinates": [98.0242501, 4.4275617]}}, {"type": "Feature", "properties": {"assignment_id": "9761cd54-78b8-4776-acf7-cf0cde41f387", "latitude": 4.4914384, "longitude": 97.9722617, "kategori": "A"}, "geometry": {"type": "Point", "coordinates": [97.9722617, 4.4914384]}}, {"type": "Feature", "properties": {"assignment_id": "b703d4fd-4d46-4e3d-94a5-d159966ea1a9", "latitude": 4.454955, "longitude": 97.97973166666667, "kategori": "A"}, "geometry": {"type": "Point", "coordinates": [97.97973166666667, 4.454955]}}, {"type": "Feature", "properties": {"assignment_id": "c1cc1801-9e49-4b0b-9412-4d579e91d691", "latitude": 4.4744281, "longitude": 97.9819122, "kategori": "A"}, "geometry": {"type": "Point", "coordinates": [97.9819122, 4.4744281]}}, {"type": "Feature", "properties": {"assignment_id": "ddf1c392-21ea-47e8-bbf3-96dad4d0121f", "latitude": 4.4350974, "longitude": 98.013573, "kategori": "A"}, "geometry": {"type": "Point", "coordinates": [98.013573, 4.4350974]}}, {"type": "Feature", "properties": {"assignment_id": "ed5d7ff0-539c-4c12-bd12-445473da8455", "latitude": 4.5526743, "longitude": 98.0653647, "kategori": "G"}, "geometry": {"type": "Point", "coordinates": [98.0653647, 4.5526743]}}, {"type": "Feature", "properties": {"assignment_id": "21ac681b-8a72-48e8-8469-0852f84d4986", "latitude": 4.4828678, "longitude": 97.9812422, "kategori": "G"}, "geometry": {"type": "Point", "coordinates": [97.9812422, 4.4828678]}}, {"type": "Feature", "properties": {"assignment_id": "67f0134e-196d-4c79-8705-563cdc65e6de", "latitude": 4.4714016, "longitude": 97.9696884, "kategori": "G"}, "geometry": {"type": "Point", "coordinates": [97.9696884, 4.4714016]}}, {"type": "Feature", "properties": {"assignment_id": "2ef56ffa-2b84-4f8f-9c59-c0c21b8bf533", "latitude": 4.4612535, "longitude": 97.9370692, "kategori": "A"}, "geometry": {"type": "Point", "coordinates": [97.9370692, 4.4612535]}}, {"type": "Feature", "properties": {"assignment_id": "4170dd7a-3bdd-4c9a-b649-c8a8172d39d4", "latitude": 4.4646998, "longitude": 97.9630058, "kategori": "I"}, "geometry": {"type": "Point", "coordinates": [97.9630058, 4.4646998]}}, {"type": "Feature", "properties": {"assignment_id": "5bab4994-8326-4940-a0d1-32782d2a10f2", "latitude": 4.465985759161413, "longitude": 97.9615705087781, "kategori": "A"}, "geometry": {"type": "Point", "coordinates": [97.9615705087781, 4.465985759161413]}}, {"type": "Feature", "properties": {"assignment_id": "5bab4994-8326-4940-a0d1-32782d2a10f2", "latitude": 4.465985759161413, "longitude": 97.9615705087781, "kategori": "C"}, "geometry": {"type": "Point", "coordinates": [97.9615705087781, 4.465985759161413]}}, {"type": "Feature", "properties": {"assignment_id": "69ee86ac-ec5d-4d7d-9960-6f0b836ae861", "latitude": 4.4917393, "longitude": 97.9711836, "kategori": "A"}, "geometry": {"type": "Point", "coordinates": [97.9711836, 4.4917393]}}, {"type": "Feature", "properties": {"assignment_id": "7f703f21-e530-4b03-ba17-3a8380679876", "latitude": 4.440341666666667, "longitude": 98.00458333333333, "kategori": "A"}, "geometry": {"type": "Point", "coordinates": [98.00458333333333, 4.440341666666667]}}, {"type": "Feature", "properties": {"assignment_id": "96e39262-beda-451e-a698-4fba660b3788", "latitude": 4.463154, "longitude": 97.9685058, "kategori": "G"}, "geometry": {"type": "Point", "coordinates": [97.9685058, 4.463154]}}, {"type": "Feature", "properties": {"assignment_id": "9847dde2-acd1-4dbc-9314-7e9a9827d7e3", "latitude": 4.440196666666667, "longitude": 98.00136833333333, "kategori": "A"}, "geometry": {"type": "Point", "coordinates": [98.00136833333333, 4.440196666666667]}}, {"type": "Feature", "properties": {"assignment_id": "badc3636-30ce-4d1c-a075-80f40e51f587", "latitude": 4.4308267, "longitude": 98.0408833, "kategori": "G"}, "geometry": {"type": "Point", "coordinates": [98.0408833, 4.4308267]}}, {"type": "Feature", "properties": {"assignment_id": "c693e7d9-c15b-40af-b53d-4732edbd409d", "latitude": 4.4653619, "longitude": 97.975397, "kategori": "A"}, "geometry": {"type": "Point", "coordinates": [97.975397, 4.4653619]}}, {"type": "Feature", "properties": {"assignment_id": "de72483f-f46b-40d8-a1d4-e2ee4932c459", "latitude": 4.467953333333333, "longitude": 97.90281166666666, "kategori": "A"}, "geometry": {"type": "Point", "coordinates": [97.90281166666666, 4.467953333333333]}}, {"type": "Feature", "properties": {"assignment_id": "f7de98f8-1168-4d93-af6c-421ef5d181c9", "latitude": 4.4732514, "longitude": 97.9493473, "kategori": "G"}, "geometry": {"type": "Point", "coordinates": [97.9493473, 4.4732514]}}, {"type": "Feature", "properties": {"assignment_id": "3eb75f9e-ad77-4b5a-b4be-339db8e42e6f", "latitude": 4.5019901, "longitude": 97.9675799, "kategori": "G"}, "geometry": {"type": "Point", "coordinates": [97.9675799, 4.5019901]}}, {"type": "Feature", "properties": {"assignment_id": "46171e70-fea9-46b5-901b-f2f09c66c498", "latitude": 4.443868, "longitude": 97.9769099, "kategori": "A"}, "geometry": {"type": "Point", "coordinates": [97.9769099, 4.443868]}}, {"type": "Feature", "properties": {"assignment_id": "4a079428-085f-43c0-9dfc-067cf8e0b6ff", "latitude": 4.4868849, "longitude": 97.9595659, "kategori": "C"}, "geometry": {"type": "Point", "coordinates": [97.9595659, 4.4868849]}}, {"type": "Feature", "properties": {"assignment_id": "bc827a8e-ac14-42da-a9b7-cd0d49a3d0da", "latitude": 4.441596666666666, "longitude": 97.98768999999999, "kategori": "A"}, "geometry": {"type": "Point", "coordinates": [97.98768999999999, 4.441596666666666]}}, {"type": "Feature", "properties": {"assignment_id": "fe238954-81ce-4393-8478-f3d58a899fac", "latitude": 4.4700554, "longitude": 97.9744359, "kategori": "G"}, "geometry": {"type": "Point", "coordinates": [97.9744359, 4.4700554]}}, {"type": "Feature", "properties": {"assignment_id": "0ad7b281-30b7-4e37-bdf8-e8752558272d", "latitude": 4.47920472, "longitude": 97.96862142, "kategori": "C"}, "geometry": {"type": "Point", "coordinates": [97.96862142, 4.47920472]}}, {"type": "Feature", "properties": {"assignment_id": "0e3bdf93-9638-4a25-b12c-003ca9ee0169", "latitude": 4.4615806, "longitude": 97.9650714, "kategori": "A"}, "geometry": {"type": "Point", "coordinates": [97.9650714, 4.4615806]}}, {"type": "Feature", "properties": {"assignment_id": "0e3bdf93-9638-4a25-b12c-003ca9ee0169", "latitude": 4.4615806, "longitude": 97.9650714, "kategori": "G"}, "geometry": {"type": "Point", "coordinates": [97.9650714, 4.4615806]}}, {"type": "Feature", "properties": {"assignment_id": "3d489e57-7ef6-4ba2-8e4e-e941c7f86a6f", "latitude": 4.4925683, "longitude": 97.9513167, "kategori": "C"}, "geometry": {"type": "Point", "coordinates": [97.9513167, 4.4925683]}}, {"type": "Feature", "properties": {"assignment_id": "4030a274-9a26-4797-92e1-708345f851e9", "latitude": 4.4839071, "longitude": 97.9615251, "kategori": "H"}, "geometry": {"type": "Point", "coordinates": [97.9615251, 4.4839071]}}, {"type": "Feature", "properties": {"assignment_id": "4dc8a041-157b-4318-a02e-d7234b8f76d9", "latitude": 4.453631666666666, "longitude": 97.97656333333335, "kategori": "G"}, "geometry": {"type": "Point", "coordinates": [97.97656333333335, 4.453631666666666]}}, {"type": "Feature", "properties": {"assignment_id": "70fd60f8-0d61-4123-9fae-2086bfd8f27d", "latitude": 4.4667433, "longitude": 97.9557916, "kategori": "C"}, "geometry": {"type": "Point", "coordinates": [97.9557916, 4.4667433]}}, {"type": "Feature", "properties": {"assignment_id": "7537db38-c8d1-4b75-9c8d-47d53a3f32ac", "latitude": 4.4516517, "longitude": 98.0128983, "kategori": "A"}, "geometry": {"type": "Point", "coordinates": [98.0128983, 4.4516517]}}, {"type": "Feature", "properties": {"assignment_id": "8c7917a7-c3cf-46a6-ad15-4b15413a2eaf", "latitude": 4.4657033, "longitude": 97.9773202, "kategori": "C"}, "geometry": {"type": "Point", "coordinates": [97.9773202, 4.4657033]}}, {"type": "Feature", "properties": {"assignment_id": "c0fd7e5e-b12b-4d56-b828-2cb60dd909cd", "latitude": 4.4336174, "longitude": 98.0075944, "kategori": "A"}, "geometry": {"type": "Point", "coordinates": [98.0075944, 4.4336174]}}, {"type": "Feature", "properties": {"assignment_id": "c0fd7e5e-b12b-4d56-b828-2cb60dd909cd", "latitude": 4.4336174, "longitude": 98.0075944, "kategori": "D"}, "geometry": {"type": "Point", "coordinates": [98.0075944, 4.4336174]}}, {"type": "Feature", "properties": {"assignment_id": "ca4f71b2-20e0-4d87-865e-8f3afea2f15b", "latitude": 4.454867, "longitude": 97.975419, "kategori": "A"}, "geometry": {"type": "Point", "coordinates": [97.975419, 4.454867]}}, {"type": "Feature", "properties": {"assignment_id": "cf6a28ce-f9a0-4a01-a9c1-647cd1bbfd16", "latitude": 4.4407749, "longitude": 98.0020084, "kategori": "A"}, "geometry": {"type": "Point", "coordinates": [98.0020084, 4.4407749]}}, {"type": "Feature", "properties": {"assignment_id": "edfa7a8d-632f-4257-addc-ce449afcf336", "latitude": 4.4968162, "longitude": 97.9646468, "kategori": "A"}, "geometry": {"type": "Point", "coordinates": [97.9646468, 4.4968162]}}, {"type": "Feature", "properties": {"assignment_id": "6a1643f0-5781-4cea-8abb-fc81baccd1be", "latitude": 4.4762076, "longitude": 97.9487777, "kategori": "C"}, "geometry": {"type": "Point", "coordinates": [97.9487777, 4.4762076]}}, {"type": "Feature", "properties": {"assignment_id": "8643fc7e-f19f-493a-a161-91d166836273", "latitude": 4.4283997, "longitude": 98.0229686, "kategori": "A"}, "geometry": {"type": "Point", "coordinates": [98.0229686, 4.4283997]}}, {"type": "Feature", "properties": {"assignment_id": "c03fe56f-eb7f-47fb-9347-9e6d3a668ed2", "latitude": 4.4380122, "longitude": 98.0199008, "kategori": "A"}, "geometry": {"type": "Point", "coordinates": [98.0199008, 4.4380122]}}, {"type": "Feature", "properties": {"assignment_id": "c03fe56f-eb7f-47fb-9347-9e6d3a668ed2", "latitude": 4.4380122, "longitude": 98.0199008, "kategori": "F"}, "geometry": {"type": "Point", "coordinates": [98.0199008, 4.4380122]}}, {"type": "Feature", "properties": {"assignment_id": "89d5446f-24f9-4c0c-bac0-d219fefdbe64", "latitude": 4.4805782, "longitude": 97.9421307, "kategori": "C"}, "geometry": {"type": "Point", "coordinates": [97.9421307, 4.4805782]}}, {"type": "Feature", "properties": {"assignment_id": "bbe96a4e-3ce2-4aea-89d1-6c7dd4e9ff23", "latitude": 4.4787015, "longitude": 97.9426055, "kategori": "A"}, "geometry": {"type": "Point", "coordinates": [97.9426055, 4.4787015]}}, {"type": "Feature", "properties": {"assignment_id": "f4379210-1e51-4717-9a79-d2d4cdf57e9b", "latitude": 4.44896, "longitude": 97.9760585, "kategori": "A"}, "geometry": {"type": "Point", "coordinates": [97.9760585, 4.44896]}}, {"type": "Feature", "properties": {"assignment_id": "f4379210-1e51-4717-9a79-d2d4cdf57e9b", "latitude": 4.44896, "longitude": 97.9760585, "kategori": "C"}, "geometry": {"type": "Point", "coordinates": [97.9760585, 4.44896]}}, {"type": "Feature", "properties": {"assignment_id": "4b943c45-e1a8-4126-a41b-910c1e40f63c", "latitude": 4.4547374, "longitude": 98.0081149, "kategori": "C"}, "geometry": {"type": "Point", "coordinates": [98.0081149, 4.4547374]}}, {"type": "Feature", "properties": {"assignment_id": "a9732bd1-5321-4ca3-a2c5-2bed4086dfc0", "latitude": 4.4913175, "longitude": 97.9353846, "kategori": "A"}, "geometry": {"type": "Point", "coordinates": [97.9353846, 4.4913175]}}, {"type": "Feature", "properties": {"assignment_id": "dad24c3a-eb06-447e-84d2-13da7d6c60b6", "latitude": 4.441848333333334, "longitude": 97.98862499999998, "kategori": "A"}, "geometry": {"type": "Point", "coordinates": [97.98862499999998, 4.441848333333334]}}, {"type": "Feature", "properties": {"assignment_id": "ee5908ca-dd55-4a58-b824-c1aaaf382da3", "latitude": 4.4708908, "longitude": 97.9698416, "kategori": "G"}, "geometry": {"type": "Point", "coordinates": [97.9698416, 4.4708908]}}, {"type": "Feature", "properties": {"assignment_id": "f259f3a5-d4b9-43d6-9640-1ac70d9e7151", "latitude": 4.5000544, "longitude": 97.9567345, "kategori": "A"}, "geometry": {"type": "Point", "coordinates": [97.9567345, 4.5000544]}}, {"type": "Feature", "properties": {"assignment_id": "f3b2d551-8a61-4294-a88e-d7f7e7ff356d", "latitude": 4.451825, "longitude": 98.01042, "kategori": "G"}, "geometry": {"type": "Point", "coordinates": [98.01042, 4.451825]}}, {"type": "Feature", "properties": {"assignment_id": "7fad7337-7c5a-4e1b-a9f7-47d56cad26a1", "latitude": 4.4729918, "longitude": 97.9792161, "kategori": "G"}, "geometry": {"type": "Point", "coordinates": [97.9792161, 4.4729918]}}, {"type": "Feature", "properties": {"assignment_id": "19eb3fee-29b8-4b71-94e3-8ba00f1249fb", "latitude": 4.4663808, "longitude": 97.954008, "kategori": "C"}, "geometry": {"type": "Point", "coordinates": [97.954008, 4.4663808]}}, {"type": "Feature", "properties": {"assignment_id": "499c37bd-5fe1-4621-a691-29d46c22e806", "latitude": 4.4735987, "longitude": 97.9645022, "kategori": "G"}, "geometry": {"type": "Point", "coordinates": [97.9645022, 4.4735987]}}, {"type": "Feature", "properties": {"assignment_id": "5b395496-f288-4815-8ee9-c27dda94cb4f", "latitude": 4.49968, "longitude": 97.9596691, "kategori": "A"}, "geometry": {"type": "Point", "coordinates": [97.9596691, 4.49968]}}, {"type": "Feature", "properties": {"assignment_id": "7aa1624c-b0a6-4420-9d15-554e8c71884d", "latitude": 4.45410445, "longitude": 98.0295941, "kategori": "G"}, "geometry": {"type": "Point", "coordinates": [98.0295941, 4.45410445]}}, {"type": "Feature", "properties": {"assignment_id": "7f5a244e-0a83-4f34-b307-3438e808eccf", "latitude": 4.457493333333333, "longitude": 97.88901666666668, "kategori": "A"}, "geometry": {"type": "Point", "coordinates": [97.88901666666668, 4.457493333333333]}}, {"type": "Feature", "properties": {"assignment_id": "975d46c9-d993-435e-965d-4a9fbc9de637", "latitude": 4.4481049, "longitude": 97.979904, "kategori": "A"}, "geometry": {"type": "Point", "coordinates": [97.979904, 4.4481049]}}, {"type": "Feature", "properties": {"assignment_id": "b7b65ee3-c9e1-4a55-a901-fc057b038576", "latitude": 4.4772767, "longitude": 97.9804733, "kategori": "G"}, "geometry": {"type": "Point", "coordinates": [97.9804733, 4.4772767]}}, {"type": "Feature", "properties": {"assignment_id": "da16f710-6bd0-4375-810d-b91237c1d5fd", "latitude": 4.47227621, "longitude": 97.96190007, "kategori": "A"}, "geometry": {"type": "Point", "coordinates": [97.96190007, 4.47227621]}}, {"type": "Feature", "properties": {"assignment_id": "e0970d15-0371-4f14-bba1-46c7b5d63468", "latitude": 4.4798792, "longitude": 97.9686772, "kategori": "A"}, "geometry": {"type": "Point", "coordinates": [97.9686772, 4.4798792]}}, {"type": "Feature", "properties": {"assignment_id": "e8e7b718-2e12-4ca9-8a06-fe2590f9d21d", "latitude": 4.4748171, "longitude": 97.9854402, "kategori": "A"}, "geometry": {"type": "Point", "coordinates": [97.9854402, 4.4748171]}}, {"type": "Feature", "properties": {"assignment_id": "ec7b0efd-2565-4aa7-ad31-b62b44f01629", "latitude": 4.4669828, "longitude": 97.9623923, "kategori": "H"}, "geometry": {"type": "Point", "coordinates": [97.9623923, 4.4669828]}}, {"type": "Feature", "properties": {"assignment_id": "f17e3698-3240-4c2c-b7f4-3c43797e6a7d", "latitude": 4.478176666666667, "longitude": 97.96935666666668, "kategori": "G"}, "geometry": {"type": "Point", "coordinates": [97.96935666666668, 4.478176666666667]}}, {"type": "Feature", "properties": {"assignment_id": "fc94467d-0581-4398-9bbb-f8593be58fd0", "latitude": 4.4714614, "longitude": 97.931881, "kategori": "A"}, "geometry": {"type": "Point", "coordinates": [97.931881, 4.4714614]}}, {"type": "Feature", "properties": {"assignment_id": "a729c756-595b-40eb-939c-93d7e09fe6a3", "latitude": 4.4757533333333335, "longitude": 97.97826666666667, "kategori": "C"}, "geometry": {"type": "Point", "coordinates": [97.97826666666667, 4.4757533333333335]}}, {"type": "Feature", "properties": {"assignment_id": "8f3d506c-ffc5-4bc8-8b29-49e3e556f7ee", "latitude": 4.4693493, "longitude": 97.9615113, "kategori": "C"}, "geometry": {"type": "Point", "coordinates": [97.9615113, 4.4693493]}}, {"type": "Feature", "properties": {"assignment_id": "def0d557-f787-472f-a3ba-af73bbc8c36f", "latitude": 4.439051666666667, "longitude": 97.98987166666666, "kategori": "A"}, "geometry": {"type": "Point", "coordinates": [97.98987166666666, 4.439051666666667]}}, {"type": "Feature", "properties": {"assignment_id": "def0d557-f787-472f-a3ba-af73bbc8c36f", "latitude": 4.439051666666667, "longitude": 97.98987166666666, "kategori": "C"}, "geometry": {"type": "Point", "coordinates": [97.98987166666666, 4.439051666666667]}}, {"type": "Feature", "properties": {"assignment_id": "150f53b1-90b2-4c59-aa5c-4a0186b1089f", "latitude": 4.419735, "longitude": 98.02816333333334, "kategori": "A"}, "geometry": {"type": "Point", "coordinates": [98.02816333333334, 4.419735]}}, {"type": "Feature", "properties": {"assignment_id": "150f53b1-90b2-4c59-aa5c-4a0186b1089f", "latitude": 4.419735, "longitude": 98.02816333333334, "kategori": "F"}, "geometry": {"type": "Point", "coordinates": [98.02816333333334, 4.419735]}}, {"type": "Feature", "properties": {"assignment_id": "150f53b1-90b2-4c59-aa5c-4a0186b1089f", "latitude": 4.419735, "longitude": 98.02816333333334, "kategori": "C"}, "geometry": {"type": "Point", "coordinates": [98.02816333333334, 4.419735]}}, {"type": "Feature", "properties": {"assignment_id": "65369771-f568-4f12-8891-8d182432ea69", "latitude": 4.490011666666666, "longitude": 97.96998166666665, "kategori": "A"}, "geometry": {"type": "Point", "coordinates": [97.96998166666665, 4.490011666666666]}}, {"type": "Feature", "properties": {"assignment_id": "f02e2056-cd96-445a-9f0f-a6f476079c30", "latitude": 4.438128066666667, "longitude": 98.02118391666666, "kategori": "A"}, "geometry": {"type": "Point", "coordinates": [98.02118391666666, 4.438128066666667]}}, {"type": "Feature", "properties": {"assignment_id": "0794cb19-299d-478c-aa19-d85dbeb523d6", "latitude": 4.4860774, "longitude": 97.9649457, "kategori": "A"}, "geometry": {"type": "Point", "coordinates": [97.9649457, 4.4860774]}}, {"type": "Feature", "properties": {"assignment_id": "631e4be6-172c-4b72-a260-df12e03c56a2", "latitude": 4.512211666666667, "longitude": 98.01134833333332, "kategori": "G"}, "geometry": {"type": "Point", "coordinates": [98.01134833333332, 4.512211666666667]}}, {"type": "Feature", "properties": {"assignment_id": "82de864b-650e-45dc-8ff6-fe1c4a3cf23b", "latitude": 4.4955542, "longitude": 97.9426951, "kategori": "G"}, "geometry": {"type": "Point", "coordinates": [97.9426951, 4.4955542]}}, {"type": "Feature", "properties": {"assignment_id": "b0852bbf-4b3d-4660-9667-e80668b11208", "latitude": 4.474895, "longitude": 97.95704833333333, "kategori": "A"}, "geometry": {"type": "Point", "coordinates": [97.95704833333333, 4.474895]}}, {"type": "Feature", "properties": {"assignment_id": "bb5d670c-4d8e-45ea-9af3-260441c6f756", "latitude": 4.4503227, "longitude": 98.0045368, "kategori": "G"}, "geometry": {"type": "Point", "coordinates": [98.0045368, 4.4503227]}}, {"type": "Feature", "properties": {"assignment_id": "d8c83f0a-e470-499d-a854-c15c50d74277", "latitude": 4.467810533333333, "longitude": 97.95307316666667, "kategori": "F"}, "geometry": {"type": "Point", "coordinates": [97.95307316666667, 4.467810533333333]}}, {"type": "Feature", "properties": {"assignment_id": "ea9e56d7-d341-4369-96b5-d5695d93bc05", "latitude": 4.4664383333333335, "longitude": 97.95114166666666, "kategori": "A"}, "geometry": {"type": "Point", "coordinates": [97.95114166666666, 4.4664383333333335]}}, {"type": "Feature", "properties": {"assignment_id": "fea74168-9e9c-4c1a-9233-4c8318aab959", "latitude": 4.4777175, "longitude": 97.9451994, "kategori": "C"}, "geometry": {"type": "Point", "coordinates": [97.9451994, 4.4777175]}}, {"type": "Feature", "properties": {"assignment_id": "abbb0009-734f-4910-badf-e6f336ceb7da", "latitude": 4.4461602, "longitude": 98.0075706, "kategori": "A"}, "geometry": {"type": "Point", "coordinates": [98.0075706, 4.4461602]}}, {"type": "Feature", "properties": {"assignment_id": "aa17b167-8d1e-42f2-96ed-43fe54959830", "latitude": 4.5053939, "longitude": 97.965995, "kategori": "C"}, "geometry": {"type": "Point", "coordinates": [97.965995, 4.5053939]}}, {"type": "Feature", "properties": {"assignment_id": "15bf57eb-bbb1-462e-b1e5-c00954da8559", "latitude": 4.475501666666667, "longitude": 97.980955, "kategori": "G"}, "geometry": {"type": "Point", "coordinates": [97.980955, 4.475501666666667]}}, {"type": "Feature", "properties": {"assignment_id": "19161d0a-32d0-43bf-a1e1-fcb12a6f6fd7", "latitude": 4.4756743, "longitude": 97.95961, "kategori": "G"}, "geometry": {"type": "Point", "coordinates": [97.95961, 4.4756743]}}, {"type": "Feature", "properties": {"assignment_id": "20b1a872-4fbe-48f1-b419-20a66f42bd05", "latitude": 4.47684, "longitude": 97.9449783, "kategori": "G"}, "geometry": {"type": "Point", "coordinates": [97.9449783, 4.47684]}}, {"type": "Feature", "properties": {"assignment_id": "56df9315-14cd-491e-a95d-7e92d5dee5ca", "latitude": 4.4695057, "longitude": 97.9759018, "kategori": "H"}, "geometry": {"type": "Point", "coordinates": [97.9759018, 4.4695057]}}, {"type": "Feature", "properties": {"assignment_id": "625d46f0-3760-4f9d-a7b4-6b3116cfaefe", "latitude": 4.45864332, "longitude": 97.99201977, "kategori": "G"}, "geometry": {"type": "Point", "coordinates": [97.99201977, 4.45864332]}}, {"type": "Feature", "properties": {"assignment_id": "8a5697fc-77be-417e-934d-c7c5def37924", "latitude": 4.43695, "longitude": 98.0419533, "kategori": "A"}, "geometry": {"type": "Point", "coordinates": [98.0419533, 4.43695]}}, {"type": "Feature", "properties": {"assignment_id": "b99249d9-7ce6-4bde-b520-d4763c7d6372", "latitude": 4.478917988017201, "longitude": 97.97890495508909, "kategori": "A"}, "geometry": {"type": "Point", "coordinates": [97.97890495508909, 4.478917988017201]}}, {"type": "Feature", "properties": {"assignment_id": "6eea46c2-5bfa-4eb2-ab3b-de820aa98e32", "latitude": 4.4713337, "longitude": 97.9738384, "kategori": "G"}, "geometry": {"type": "Point", "coordinates": [97.9738384, 4.4713337]}}, {"type": "Feature", "properties": {"assignment_id": "01158190-500e-4964-a805-0847b09a7eaf", "latitude": 4.491558633333333, "longitude": 97.95276360000001, "kategori": "C"}, "geometry": {"type": "Point", "coordinates": [97.95276360000001, 4.491558633333333]}}, {"type": "Feature", "properties": {"assignment_id": "149e7c6b-4815-4ec4-8f5e-f3e3e61e0e4e", "latitude": 4.4381843, "longitude": 98.0171256, "kategori": "H"}, "geometry": {"type": "Point", "coordinates": [98.0171256, 4.4381843]}}, {"type": "Feature", "properties": {"assignment_id": "21d1cdab-e3e5-4a20-820e-78826957a243", "latitude": 4.4429783333333335, "longitude": 97.98916499999999, "kategori": "A"}, "geometry": {"type": "Point", "coordinates": [97.98916499999999, 4.4429783333333335]}}, {"type": "Feature", "properties": {"assignment_id": "3ba45641-11de-4582-9d0b-1f30efa18066", "latitude": 4.4892936, "longitude": 97.9733559, "kategori": "A"}, "geometry": {"type": "Point", "coordinates": [97.9733559, 4.4892936]}}, {"type": "Feature", "properties": {"assignment_id": "4da9d89e-2063-4d85-ac16-d8425cc10186", "latitude": 4.4725241, "longitude": 97.9372864, "kategori": "G"}, "geometry": {"type": "Point", "coordinates": [97.9372864, 4.4725241]}}, {"type": "Feature", "properties": {"assignment_id": "8a165c67-db74-43de-b61c-6da6ea1f2fa2", "latitude": 4.457465, "longitude": 97.97530166666665, "kategori": "A"}, "geometry": {"type": "Point", "coordinates": [97.97530166666665, 4.457465]}}, {"type": "Feature", "properties": {"assignment_id": "9aa0e89b-14db-4385-98d6-09c502bce60e", "latitude": 4.432051666666666, "longitude": 98.00318, "kategori": "A"}, "geometry": {"type": "Point", "coordinates": [98.00318, 4.432051666666666]}}, {"type": "Feature", "properties": {"assignment_id": "a47ba5e7-8bd8-4741-a8db-a61ead4f02a7", "latitude": 4.52562456, "longitude": 97.93624092, "kategori": "A"}, "geometry": {"type": "Point", "coordinates": [97.93624092, 4.52562456]}}, {"type": "Feature", "properties": {"assignment_id": "ad53e31e-a918-4711-9c52-92a9a04a99a3", "latitude": 4.4690885, "longitude": 97.9840581, "kategori": "C"}, "geometry": {"type": "Point", "coordinates": [97.9840581, 4.4690885]}}, {"type": "Feature", "properties": {"assignment_id": "ddd6945a-0320-422c-a399-bb84b2ca881a", "latitude": 4.4603674, "longitude": 97.9901718, "kategori": "A"}, "geometry": {"type": "Point", "coordinates": [97.9901718, 4.4603674]}}, {"type": "Feature", "properties": {"assignment_id": "fd718453-0812-4920-bdd0-0879ed102ac5", "latitude": 4.4801326, "longitude": 97.979672, "kategori": "C"}, "geometry": {"type": "Point", "coordinates": [97.979672, 4.4801326]}}, {"type": "Feature", "properties": {"assignment_id": "88440cba-1726-4b23-a01b-ae39dec5ad98", "latitude": 4.4866361, "longitude": 97.9270685, "kategori": "A"}, "geometry": {"type": "Point", "coordinates": [97.9270685, 4.4866361]}}, {"type": "Feature", "properties": {"assignment_id": "9483515f-c2f6-4ffe-86c2-85afe5fdd6f3", "latitude": 4.4550679, "longitude": 97.9298699, "kategori": "A"}, "geometry": {"type": "Point", "coordinates": [97.9298699, 4.4550679]}}, {"type": "Feature", "properties": {"assignment_id": "10d1d19f-f92f-460d-aeed-bfc259d71bdb", "latitude": 4.479902083333333, "longitude": 97.97986046666668, "kategori": "C"}, "geometry": {"type": "Point", "coordinates": [97.97986046666668, 4.479902083333333]}}, {"type": "Feature", "properties": {"assignment_id": "17248c4c-4dfa-43ff-bcea-a8a9fea1ec50", "latitude": 4.46998201, "longitude": 97.98511404, "kategori": "A"}, "geometry": {"type": "Point", "coordinates": [97.98511404, 4.46998201]}}, {"type": "Feature", "properties": {"assignment_id": "1ec5301e-1f8f-442f-96a9-6486a336f26a", "latitude": 4.4588062, "longitude": 97.9797082, "kategori": "G"}, "geometry": {"type": "Point", "coordinates": [97.9797082, 4.4588062]}}, {"type": "Feature", "properties": {"assignment_id": "41064a5e-c78f-4a5b-8362-ea58e35c4545", "latitude": 4.464545, "longitude": 97.97324, "kategori": "C"}, "geometry": {"type": "Point", "coordinates": [97.97324, 4.464545]}}, {"type": "Feature", "properties": {"assignment_id": "4585f378-3242-483d-b0f6-7f0c8eb00472", "latitude": 4.5518417, "longitude": 98.0653061, "kategori": "F"}, "geometry": {"type": "Point", "coordinates": [98.0653061, 4.5518417]}}, {"type": "Feature", "properties": {"assignment_id": "69aa16e3-071f-42bf-a704-077be458748a", "latitude": 4.436581666666667, "longitude": 98.01093999999999, "kategori": "A"}, "geometry": {"type": "Point", "coordinates": [98.01093999999999, 4.436581666666667]}}, {"type": "Feature", "properties": {"assignment_id": "82f9b932-2bbd-4a8f-b379-3634a24b53db", "latitude": 4.4685333, "longitude": 97.9634492, "kategori": "C"}, "geometry": {"type": "Point", "coordinates": [97.9634492, 4.4685333]}}, {"type": "Feature", "properties": {"assignment_id": "8a74734e-a71a-48e2-9b61-cbfceea0c480", "latitude": 4.469783, "longitude": 97.9460752, "kategori": "G"}, "geometry": {"type": "Point", "coordinates": [97.9460752, 4.469783]}}, {"type": "Feature", "properties": {"assignment_id": "99c79df3-0112-4089-8e04-e577501e018c", "latitude": 4.467560983333333, "longitude": 97.95223075, "kategori": "A"}, "geometry": {"type": "Point", "coordinates": [97.95223075, 4.467560983333333]}}, {"type": "Feature", "properties": {"assignment_id": "99c79df3-0112-4089-8e04-e577501e018c", "latitude": 4.467560983333333, "longitude": 97.95223075, "kategori": "R"}, "geometry": {"type": "Point", "coordinates": [97.95223075, 4.467560983333333]}}, {"type": "Feature", "properties": {"assignment_id": "aed2f91f-8e2c-45fc-82f3-d2005d7e0379", "latitude": 4.4894667, "longitude": 97.956625, "kategori": "C"}, "geometry": {"type": "Point", "coordinates": [97.956625, 4.4894667]}}, {"type": "Feature", "properties": {"assignment_id": "c83f7f5a-cd56-4ff3-a51a-25e104b49bab", "latitude": 4.4687175, "longitude": 97.9722817, "kategori": "C"}, "geometry": {"type": "Point", "coordinates": [97.9722817, 4.4687175]}}, {"type": "Feature", "properties": {"assignment_id": "d531e7e1-0c75-4291-8315-0f4b8b65e10c", "latitude": 4.44865756, "longitude": 98.02762735, "kategori": "A"}, "geometry": {"type": "Point", "coordinates": [98.02762735, 4.44865756]}}, {"type": "Feature", "properties": {"assignment_id": "d9ed3de5-8078-4376-b939-d1c5751b0e34", "latitude": 4.46429422, "longitude": 97.95658171, "kategori": "G"}, "geometry": {"type": "Point", "coordinates": [97.95658171, 4.46429422]}}, {"type": "Feature", "properties": {"assignment_id": "dd358157-4f74-4882-b430-5f2315b41d23", "latitude": 4.43439, "longitude": 98.0133327, "kategori": "G"}, "geometry": {"type": "Point", "coordinates": [98.0133327, 4.43439]}}, {"type": "Feature", "properties": {"assignment_id": "df6663a7-30b6-49ce-aa1f-ff04976e9ec0", "latitude": 4.4731826, "longitude": 97.9852402, "kategori": "A"}, "geometry": {"type": "Point", "coordinates": [97.9852402, 4.4731826]}}, {"type": "Feature", "properties": {"assignment_id": "f268ac97-9728-4162-906e-587c18c5b4a1", "latitude": 4.4455944, "longitude": 97.9795984, "kategori": "A"}, "geometry": {"type": "Point", "coordinates": [97.9795984, 4.4455944]}}, {"type": "Feature", "properties": {"assignment_id": "0bdeec22-a596-45e3-8c8b-7882b00df04a", "latitude": 4.5327859, "longitude": 97.936068, "kategori": "A"}, "geometry": {"type": "Point", "coordinates": [97.936068, 4.5327859]}}, {"type": "Feature", "properties": {"assignment_id": "36b4f69a-6bc1-4fd7-b026-4eb5d7daaad2", "latitude": 4.50633, "longitude": 98.01087333333335, "kategori": "G"}, "geometry": {"type": "Point", "coordinates": [98.01087333333335, 4.50633]}}, {"type": "Feature", "properties": {"assignment_id": "3f7a966c-2947-4b75-a917-2e303f45e6eb", "latitude": 4.5304302, "longitude": 97.9354463, "kategori": "C"}, "geometry": {"type": "Point", "coordinates": [97.9354463, 4.5304302]}}, {"type": "Feature", "properties": {"assignment_id": "4d645657-181e-414a-9624-786045a7d005", "latitude": 4.4964904, "longitude": 97.9676248, "kategori": "A"}, "geometry": {"type": "Point", "coordinates": [97.9676248, 4.4964904]}}, {"type": "Feature", "properties": {"assignment_id": "a89af49b-50e6-43ef-8ee7-98beccf1c609", "latitude": 4.4794117, "longitude": 97.983376, "kategori": "A"}, "geometry": {"type": "Point", "coordinates": [97.983376, 4.4794117]}}, {"type": "Feature", "properties": {"assignment_id": "a89af49b-50e6-43ef-8ee7-98beccf1c609", "latitude": 4.4794117, "longitude": 97.983376, "kategori": "G"}, "geometry": {"type": "Point", "coordinates": [97.983376, 4.4794117]}}, {"type": "Feature", "properties": {"assignment_id": "bc6c9e7c-69b1-49f2-a930-e88e975b57b3", "latitude": 4.50511, "longitude": 97.9637967, "kategori": "A"}, "geometry": {"type": "Point", "coordinates": [97.9637967, 4.50511]}}, {"type": "Feature", "properties": {"assignment_id": "bc6c9e7c-69b1-49f2-a930-e88e975b57b3", "latitude": 4.50511, "longitude": 97.9637967, "kategori": "F"}, "geometry": {"type": "Point", "coordinates": [97.9637967, 4.50511]}}, {"type": "Feature", "properties": {"assignment_id": "c1d4312d-4552-4372-a6ea-879eef4e0648", "latitude": 4.4847434, "longitude": 97.9761861, "kategori": "C"}, "geometry": {"type": "Point", "coordinates": [97.9761861, 4.4847434]}}, {"type": "Feature", "properties": {"assignment_id": "e6c8730f-295c-4b01-9d3c-c22f523938f2", "latitude": 4.4230733, "longitude": 98.0216967, "kategori": "A"}, "geometry": {"type": "Point", "coordinates": [98.0216967, 4.4230733]}}, {"type": "Feature", "properties": {"assignment_id": "e8b41c74-ba2e-4e91-8a2f-87eaa0fb764d", "latitude": 4.5306955, "longitude": 97.9322114, "kategori": "A"}, "geometry": {"type": "Point", "coordinates": [97.9322114, 4.5306955]}}, {"type": "Feature", "properties": {"assignment_id": "7a3070df-c52f-4e63-a838-b8af809c2658", "latitude": 4.444920133333333, "longitude": 97.94052269999999, "kategori": "A"}, "geometry": {"type": "Point", "coordinates": [97.94052269999999, 4.444920133333333]}}, {"type": "Feature", "properties": {"assignment_id": "a38f44a5-3da9-4b7a-b7ef-16f7379ff0bc", "latitude": 4.4454633333333335, "longitude": 97.98861000000001, "kategori": "C"}, "geometry": {"type": "Point", "coordinates": [97.98861000000001, 4.4454633333333335]}}, {"type": "Feature", "properties": {"assignment_id": "1e06efb7-362d-4d2f-bd5f-b36a158515fb", "latitude": 4.4310036, "longitude": 98.0250879, "kategori": "A"}, "geometry": {"type": "Point", "coordinates": [98.0250879, 4.4310036]}}, {"type": "Feature", "properties": {"assignment_id": "2b111f7d-a9fd-47f3-a1ac-b80c214cb7a3", "latitude": 4.505611541680992, "longitude": 98.01047807559371, "kategori": "G"}, "geometry": {"type": "Point", "coordinates": [98.01047807559371, 4.505611541680992]}}, {"type": "Feature", "properties": {"assignment_id": "312551f5-7b48-4abd-a750-3f3cb2379f09", "latitude": 4.441136666666667, "longitude": 97.98334333333332, "kategori": "A"}, "geometry": {"type": "Point", "coordinates": [97.98334333333332, 4.441136666666667]}}, {"type": "Feature", "properties": {"assignment_id": "33434e23-db94-4b9d-a617-bf8e9041c5b4", "latitude": 4.4743993, "longitude": 97.9867232, "kategori": "C"}, "geometry": {"type": "Point", "coordinates": [97.9867232, 4.4743993]}}, {"type": "Feature", "properties": {"assignment_id": "46e54344-e6e0-4a5a-a55e-aa926eb72d84", "latitude": 4.4784794, "longitude": 97.9424313, "kategori": "C"}, "geometry": {"type": "Point", "coordinates": [97.9424313, 4.4784794]}}, {"type": "Feature", "properties": {"assignment_id": "8ac943dc-be36-4fcf-87e6-371052ad53f6", "latitude": 4.4578693, "longitude": 97.9328291, "kategori": "A"}, "geometry": {"type": "Point", "coordinates": [97.9328291, 4.4578693]}}, {"type": "Feature", "properties": {"assignment_id": "a7e9a797-e9df-4288-83df-902a0e8879a2", "latitude": 4.5522628, "longitude": 98.0640596, "kategori": "G"}, "geometry": {"type": "Point", "coordinates": [98.0640596, 4.5522628]}}, {"type": "Feature", "properties": {"assignment_id": "ccbfaee5-66fe-4cda-b090-b8cc62803cad", "latitude": 4.4397095, "longitude": 98.0130303, "kategori": "A"}, "geometry": {"type": "Point", "coordinates": [98.0130303, 4.4397095]}}, {"type": "Feature", "properties": {"assignment_id": "d6e77a05-93b1-46e1-b24d-252aa74353a2", "latitude": 4.4341167, "longitude": 98.0225983, "kategori": "A"}, "geometry": {"type": "Point", "coordinates": [98.0225983, 4.4341167]}}, {"type": "Feature", "properties": {"assignment_id": "e344430c-6223-402b-8c34-09130ddbc37c", "latitude": 4.4657738, "longitude": 97.9744687, "kategori": "C"}, "geometry": {"type": "Point", "coordinates": [97.9744687, 4.4657738]}}, {"type": "Feature", "properties": {"assignment_id": "fac2feb2-9daa-4abd-a57f-80accfc5d321", "latitude": 4.4551976, "longitude": 97.9284103, "kategori": "A"}, "geometry": {"type": "Point", "coordinates": [97.9284103, 4.4551976]}}, {"type": "Feature", "properties": {"assignment_id": "9d8ecc4d-d740-42a9-bb78-cddb9dadeb93", "latitude": 4.45913, "longitude": 97.9693267, "kategori": "G"}, "geometry": {"type": "Point", "coordinates": [97.9693267, 4.45913]}}, {"type": "Feature", "properties": {"assignment_id": "6a03b080-ddc7-4a30-a563-7664674740fa", "latitude": 4.4688978, "longitude": 97.9755354, "kategori": "G"}, "geometry": {"type": "Point", "coordinates": [97.9755354, 4.4688978]}}, {"type": "Feature", "properties": {"assignment_id": "83ab68d8-d763-41eb-8220-be5d0e29c4c1", "latitude": 4.458055, "longitude": 97.9796647, "kategori": "A"}, "geometry": {"type": "Point", "coordinates": [97.9796647, 4.458055]}}, {"type": "Feature", "properties": {"assignment_id": "a20d86a0-4082-440b-9401-17199558034a", "latitude": 4.4668463, "longitude": 97.9361359, "kategori": "A"}, "geometry": {"type": "Point", "coordinates": [97.9361359, 4.4668463]}}, {"type": "Feature", "properties": {"assignment_id": "e2a995bf-3a62-4f47-aa26-6512dc6716d3", "latitude": 4.4786833, "longitude": 97.9808195, "kategori": "A"}, "geometry": {"type": "Point", "coordinates": [97.9808195, 4.4786833]}}, {"type": "Feature", "properties": {"assignment_id": "e2a995bf-3a62-4f47-aa26-6512dc6716d3", "latitude": 4.4786833, "longitude": 97.9808195, "kategori": "G"}, "geometry": {"type": "Point", "coordinates": [97.9808195, 4.4786833]}}, {"type": "Feature", "properties": {"assignment_id": "ee6bf249-a10e-4577-9b53-b62086ab3f6a", "latitude": 4.465451454743743, "longitude": 97.95846031978726, "kategori": "G"}, "geometry": {"type": "Point", "coordinates": [97.95846031978726, 4.465451454743743]}}, {"type": "Feature", "properties": {"assignment_id": "edea576b-4092-4f97-859c-012228c5c25b", "latitude": 4.4809639, "longitude": 97.9434454, "kategori": "C"}, "geometry": {"type": "Point", "coordinates": [97.9434454, 4.4809639]}}, {"type": "Feature", "properties": {"assignment_id": "4ab43671-53b1-48eb-ace3-cc170868b35d", "latitude": 4.465173333333333, "longitude": 97.97118166666665, "kategori": "G"}, "geometry": {"type": "Point", "coordinates": [97.97118166666665, 4.465173333333333]}}, {"type": "Feature", "properties": {"assignment_id": "76ab8d27-287e-4eff-ad6a-857c090b30ff", "latitude": 4.421291666666666, "longitude": 98.02641833333334, "kategori": "A"}, "geometry": {"type": "Point", "coordinates": [98.02641833333334, 4.421291666666666]}}, {"type": "Feature", "properties": {"assignment_id": "917febe3-edfd-4ccb-8f63-8fea8999017a", "latitude": 4.4547052, "longitude": 98.0079462, "kategori": "Q"}, "geometry": {"type": "Point", "coordinates": [98.0079462, 4.4547052]}}, {"type": "Feature", "properties": {"assignment_id": "d9c0f94b-98f1-4978-9c7b-2534d96f2001", "latitude": 4.47276096, "longitude": 97.98322386, "kategori": "C"}, "geometry": {"type": "Point", "coordinates": [97.98322386, 4.47276096]}}, {"type": "Feature", "properties": {"assignment_id": "14c525e4-9784-4b9d-9052-e1cb367d7802", "latitude": 4.465575, "longitude": 97.93604833333332, "kategori": "A"}, "geometry": {"type": "Point", "coordinates": [97.93604833333332, 4.465575]}}, {"type": "Feature", "properties": {"assignment_id": "418a0303-e1e6-4836-9f59-5993bf17fdce", "latitude": 4.4679521, "longitude": 97.9763141, "kategori": "G"}, "geometry": {"type": "Point", "coordinates": [97.9763141, 4.4679521]}}, {"type": "Feature", "properties": {"assignment_id": "4937d223-daea-44cd-a579-744adcaaf3d5", "latitude": 4.4652202, "longitude": 97.9785959, "kategori": "G"}, "geometry": {"type": "Point", "coordinates": [97.9785959, 4.4652202]}}, {"type": "Feature", "properties": {"assignment_id": "4ec1f174-8d4e-4ec6-bef0-5023cd900af2", "latitude": 4.4469342, "longitude": 98.0031982, "kategori": "A"}, "geometry": {"type": "Point", "coordinates": [98.0031982, 4.4469342]}}, {"type": "Feature", "properties": {"assignment_id": "90f2db2d-1085-4e78-be4c-d64a2790d644", "latitude": 4.4740432, "longitude": 97.9382581, "kategori": "A"}, "geometry": {"type": "Point", "coordinates": [97.9382581, 4.4740432]}}, {"type": "Feature", "properties": {"assignment_id": "b1965a79-308a-4440-b94c-e35c4308ec59", "latitude": 4.490142906967146, "longitude": 97.96018547572952, "kategori": "C"}, "geometry": {"type": "Point", "coordinates": [97.96018547572952, 4.490142906967146]}}, {"type": "Feature", "properties": {"assignment_id": "e96849b3-0850-45f1-bb9a-2f374b45b219", "latitude": 4.4461884, "longitude": 98.0088953, "kategori": "A"}, "geometry": {"type": "Point", "coordinates": [98.0088953, 4.4461884]}}, {"type": "Feature", "properties": {"assignment_id": "eb9b056c-5f5c-418f-bb14-198ca264c8b7", "latitude": 4.441506666666667, "longitude": 97.98924833333334, "kategori": "G"}, "geometry": {"type": "Point", "coordinates": [97.98924833333334, 4.441506666666667]}}, {"type": "Feature", "properties": {"assignment_id": "f6722332-1507-40bc-a914-321727356b51", "latitude": 4.5350649, "longitude": 97.9268315, "kategori": "E"}, "geometry": {"type": "Point", "coordinates": [97.9268315, 4.5350649]}}, {"type": "Feature", "properties": {"assignment_id": "9b8adbd7-6b21-448f-a321-4d217a43de52", "latitude": 4.4674819, "longitude": 97.9671147, "kategori": "C"}, "geometry": {"type": "Point", "coordinates": [97.9671147, 4.4674819]}}, {"type": "Feature", "properties": {"assignment_id": "740e2bfc-d147-40d4-bff5-89b2ea3b74b7", "latitude": 4.4867243, "longitude": 97.9270381, "kategori": "A"}, "geometry": {"type": "Point", "coordinates": [97.9270381, 4.4867243]}}, {"type": "Feature", "properties": {"assignment_id": "074b884a-4ef4-426e-8177-548b8098069f", "latitude": 4.47008315, "longitude": 97.97499789, "kategori": "G"}, "geometry": {"type": "Point", "coordinates": [97.97499789, 4.47008315]}}, {"type": "Feature", "properties": {"assignment_id": "3b7e8c30-3bf9-45fc-b609-f8b59469b789", "latitude": 4.4728252, "longitude": 97.9375671, "kategori": "A"}, "geometry": {"type": "Point", "coordinates": [97.9375671, 4.4728252]}}, {"type": "Feature", "properties": {"assignment_id": "529f40a3-95ed-429b-be96-8c296608f3f9", "latitude": 4.510593912564218, "longitude": 97.94408870860934, "kategori": "A"}, "geometry": {"type": "Point", "coordinates": [97.94408870860934, 4.510593912564218]}}, {"type": "Feature", "properties": {"assignment_id": "529f40a3-95ed-429b-be96-8c296608f3f9", "latitude": 4.510593912564218, "longitude": 97.94408870860934, "kategori": "G"}, "geometry": {"type": "Point", "coordinates": [97.94408870860934, 4.510593912564218]}}, {"type": "Feature", "properties": {"assignment_id": "bbe42c19-7e9b-4d83-8849-9b9b983630b5", "latitude": 4.467152, "longitude": 97.962332, "kategori": "G"}, "geometry": {"type": "Point", "coordinates": [97.962332, 4.467152]}}, {"type": "Feature", "properties": {"assignment_id": "bc7bcfae-e60c-403a-a0db-a33cbe052273", "latitude": 4.4457609, "longitude": 97.9428012, "kategori": "A"}, "geometry": {"type": "Point", "coordinates": [97.9428012, 4.4457609]}}, {"type": "Feature", "properties": {"assignment_id": "cfd2cb60-7c9a-4e2e-b869-7641c84cf83c", "latitude": 4.4602335, "longitude": 97.9811651, "kategori": "A"}, "geometry": {"type": "Point", "coordinates": [97.9811651, 4.4602335]}}, {"type": "Feature", "properties": {"assignment_id": "f1d56aed-83c3-43e1-8dc1-a56655a43c95", "latitude": 4.495024, "longitude": 97.9700555, "kategori": "A"}, "geometry": {"type": "Point", "coordinates": [97.9700555, 4.495024]}}, {"type": "Feature", "properties": {"assignment_id": "1202a469-625a-42b1-835d-c80f9b1ea681", "latitude": 4.4483617, "longitude": 98.0130367, "kategori": "C"}, "geometry": {"type": "Point", "coordinates": [98.0130367, 4.4483617]}}, {"type": "Feature", "properties": {"assignment_id": "7d4c49c5-a480-479a-b158-db2c7b098196", "latitude": 4.4360258, "longitude": 97.9975558, "kategori": "A"}, "geometry": {"type": "Point", "coordinates": [97.9975558, 4.4360258]}}, {"type": "Feature", "properties": {"assignment_id": "e0ef5508-8aaa-4b5f-98e4-d6d96b7d57b5", "latitude": 4.453846666666666, "longitude": 98.0131, "kategori": "A"}, "geometry": {"type": "Point", "coordinates": [98.0131, 4.453846666666666]}}, {"type": "Feature", "properties": {"assignment_id": "90fbe642-fe06-4d77-b0f6-09e3a17dbebb", "latitude": 4.4624268, "longitude": 97.9662516, "kategori": "C"}, "geometry": {"type": "Point", "coordinates": [97.9662516, 4.4624268]}}, {"type": "Feature", "properties": {"assignment_id": "fbfb7f9e-81a7-4716-92ac-b6baeeea5d3a", "latitude": 4.4293234, "longitude": 98.0241483, "kategori": "A"}, "geometry": {"type": "Point", "coordinates": [98.0241483, 4.4293234]}}, {"type": "Feature", "properties": {"assignment_id": "fc94c574-be1a-4d48-85e1-5f0cd52536be", "latitude": 4.4461848, "longitude": 98.0084185, "kategori": "A"}, "geometry": {"type": "Point", "coordinates": [98.0084185, 4.4461848]}}, {"type": "Feature", "properties": {"assignment_id": "75bc88c0-77f4-48fe-9c46-8794d7628d63", "latitude": 4.45879778, "longitude": 97.99210686, "kategori": "C"}, "geometry": {"type": "Point", "coordinates": [97.99210686, 4.45879778]}}, {"type": "Feature", "properties": {"assignment_id": "f30c53ba-c80e-4bae-b54a-9fb1d30290d0", "latitude": 4.4646927, "longitude": 97.9439494, "kategori": "A"}, "geometry": {"type": "Point", "coordinates": [97.9439494, 4.4646927]}}, {"type": "Feature", "properties": {"assignment_id": "f30c53ba-c80e-4bae-b54a-9fb1d30290d0", "latitude": 4.4646927, "longitude": 97.9439494, "kategori": "C"}, "geometry": {"type": "Point", "coordinates": [97.9439494, 4.4646927]}}, {"type": "Feature", "properties": {"assignment_id": "2c59e522-bfcc-4aa1-af6b-e0827f1379da", "latitude": 4.449195, "longitude": 98.0299721, "kategori": "A"}, "geometry": {"type": "Point", "coordinates": [98.0299721, 4.449195]}}, {"type": "Feature", "properties": {"assignment_id": "a7981689-0619-4b6b-bfca-7dfb20c5a811", "latitude": 4.472689, "longitude": 97.9643842, "kategori": "G"}, "geometry": {"type": "Point", "coordinates": [97.9643842, 4.472689]}}, {"type": "Feature", "properties": {"assignment_id": "08cdb9eb-4038-4020-b36e-a5d852c5cc8c", "latitude": 4.445388333333333, "longitude": 97.98513999999999, "kategori": "A"}, "geometry": {"type": "Point", "coordinates": [97.98513999999999, 4.445388333333333]}}, {"type": "Feature", "properties": {"assignment_id": "4a7583b6-5d4a-4f6f-ab61-b27b40503802", "latitude": 4.4308922, "longitude": 98.01368, "kategori": "A"}, "geometry": {"type": "Point", "coordinates": [98.01368, 4.4308922]}}, {"type": "Feature", "properties": {"assignment_id": "7de086ca-a863-44f4-b907-c92a6129fd9c", "latitude": 4.4929799, "longitude": 97.9724259, "kategori": "A"}, "geometry": {"type": "Point", "coordinates": [97.9724259, 4.4929799]}}, {"type": "Feature", "properties": {"assignment_id": "807bdb44-7973-44e8-8634-e9b96fe655a2", "latitude": 4.4783513, "longitude": 97.9693084, "kategori": "A"}, "geometry": {"type": "Point", "coordinates": [97.9693084, 4.4783513]}}, {"type": "Feature", "properties": {"assignment_id": "91b7eedb-5bf2-4801-bd76-2c8a0ca04560", "latitude": 4.4579526, "longitude": 97.9885306, "kategori": "A"}, "geometry": {"type": "Point", "coordinates": [97.9885306, 4.4579526]}}, {"type": "Feature", "properties": {"assignment_id": "9c95e7b1-075c-42d3-a73b-48b2d6d51286", "latitude": 4.4605911, "longitude": 97.9642632, "kategori": "G"}, "geometry": {"type": "Point", "coordinates": [97.9642632, 4.4605911]}}, {"type": "Feature", "properties": {"assignment_id": "a561a9df-f892-40d9-8bff-7bb576389ee1", "latitude": 4.4668101, "longitude": 97.9566167, "kategori": "G"}, "geometry": {"type": "Point", "coordinates": [97.9566167, 4.4668101]}}, {"type": "Feature", "properties": {"assignment_id": "d3303837-587e-43f6-bd57-9acfa8622db7", "latitude": 4.458246666666667, "longitude": 97.982505, "kategori": "C"}, "geometry": {"type": "Point", "coordinates": [97.982505, 4.458246666666667]}}, {"type": "Feature", "properties": {"assignment_id": "d57f0933-5bb4-4560-a2c7-415b002fec59", "latitude": 4.4367046, "longitude": 98.0176666, "kategori": "A"}, "geometry": {"type": "Point", "coordinates": [98.0176666, 4.4367046]}}, {"type": "Feature", "properties": {"assignment_id": "dca8cd48-80df-4010-8e19-c16bf77cc850", "latitude": 4.4777828, "longitude": 97.9443569, "kategori": "C"}, "geometry": {"type": "Point", "coordinates": [97.9443569, 4.4777828]}}, {"type": "Feature", "properties": {"assignment_id": "e7f59684-2481-454a-86a1-1cc3c53c103b", "latitude": 4.4998433, "longitude": 97.9589, "kategori": "C"}, "geometry": {"type": "Point", "coordinates": [97.9589, 4.4998433]}}, {"type": "Feature", "properties": {"assignment_id": "c196ba99-dc3d-430a-b734-aac823ffd884", "latitude": 4.4588416, "longitude": 97.9912837, "kategori": "A"}, "geometry": {"type": "Point", "coordinates": [97.9912837, 4.4588416]}}, {"type": "Feature", "properties": {"assignment_id": "4efc86e0-f5d7-4a51-86f9-91f6911affde", "latitude": 4.4749067, "longitude": 97.9482195, "kategori": "G"}, "geometry": {"type": "Point", "coordinates": [97.9482195, 4.4749067]}}, {"type": "Feature", "properties": {"assignment_id": "5fc0aa96-3971-4457-b1ef-18e64ff9d63a", "latitude": 4.4597424, "longitude": 97.9815084, "kategori": "G"}, "geometry": {"type": "Point", "coordinates": [97.9815084, 4.4597424]}}, {"type": "Feature", "properties": {"assignment_id": "91ae75c9-686d-430d-a34f-e8011a599c9e", "latitude": 4.49472, "longitude": 97.97421000000001, "kategori": "A"}, "geometry": {"type": "Point", "coordinates": [97.97421000000001, 4.49472]}}, {"type": "Feature", "properties": {"assignment_id": "91ae75c9-686d-430d-a34f-e8011a599c9e", "latitude": 4.49472, "longitude": 97.97421000000001, "kategori": "H"}, "geometry": {"type": "Point", "coordinates": [97.97421000000001, 4.49472]}}, {"type": "Feature", "properties": {"assignment_id": "ad97fc38-c9e1-4eba-abab-3b1b4ed78a69", "latitude": 4.4589267, "longitude": 97.9673117, "kategori": "G"}, "geometry": {"type": "Point", "coordinates": [97.9673117, 4.4589267]}}, {"type": "Feature", "properties": {"assignment_id": "bd0bd5bc-3004-4dc9-a7ee-d487cbc2730e", "latitude": 4.4670547, "longitude": 97.9423278, "kategori": "A"}, "geometry": {"type": "Point", "coordinates": [97.9423278, 4.4670547]}}, {"type": "Feature", "properties": {"assignment_id": "beefe162-fdfa-4a4e-b3ed-c93c35fb934d", "latitude": 4.4577057, "longitude": 97.9909529, "kategori": "G"}, "geometry": {"type": "Point", "coordinates": [97.9909529, 4.4577057]}}, {"type": "Feature", "properties": {"assignment_id": "c9d0a3bf-d45f-4fc1-a9d2-bf259afba93e", "latitude": 4.4565191, "longitude": 98.0083143, "kategori": "C"}, "geometry": {"type": "Point", "coordinates": [98.0083143, 4.4565191]}}, {"type": "Feature", "properties": {"assignment_id": "ccc72ed5-bc62-476b-b75a-d55967e2a845", "latitude": 4.466444999999999, "longitude": 97.97086166666668, "kategori": "G"}, "geometry": {"type": "Point", "coordinates": [97.97086166666668, 4.466444999999999]}}, {"type": "Feature", "properties": {"assignment_id": "d349a21f-06d9-4fa7-91ab-65f0fa91ea8c", "latitude": 4.4934257, "longitude": 97.950232, "kategori": "C"}, "geometry": {"type": "Point", "coordinates": [97.950232, 4.4934257]}}, {"type": "Feature", "properties": {"assignment_id": "d56295cb-97e5-419b-b1ee-14466bbd9472", "latitude": 4.4886089, "longitude": 97.9584767, "kategori": "G"}, "geometry": {"type": "Point", "coordinates": [97.9584767, 4.4886089]}}, {"type": "Feature", "properties": {"assignment_id": "d9be099c-5515-4a9d-a81a-e6350c19514d", "latitude": 4.496343, "longitude": 97.9537147, "kategori": "C"}, "geometry": {"type": "Point", "coordinates": [97.9537147, 4.496343]}}, {"type": "Feature", "properties": {"assignment_id": "f8ad5899-012e-43a4-af1e-cfd28bba98c8", "latitude": 4.4537777, "longitude": 98.02865233333333, "kategori": "F"}, "geometry": {"type": "Point", "coordinates": [98.02865233333333, 4.4537777]}}, {"type": "Feature", "properties": {"assignment_id": "abdd933e-8398-4102-acc2-dfe105a1126e", "latitude": 4.4620476, "longitude": 97.9792102, "kategori": "H"}, "geometry": {"type": "Point", "coordinates": [97.9792102, 4.4620476]}}, {"type": "Feature", "properties": {"assignment_id": "c0f9adf3-dadb-451f-8516-eb10215fd4f4", "latitude": 4.446388, "longitude": 97.9770149, "kategori": "A"}, "geometry": {"type": "Point", "coordinates": [97.9770149, 4.446388]}}, {"type": "Feature", "properties": {"assignment_id": "44619f58-50a9-4903-83ab-b76cbe9dd354", "latitude": 4.4344928, "longitude": 98.0217012, "kategori": "A"}, "geometry": {"type": "Point", "coordinates": [98.0217012, 4.4344928]}}, {"type": "Feature", "properties": {"assignment_id": "8ee96b5d-1480-457a-8d96-a568dfbfcb62", "latitude": 4.46496235, "longitude": 97.96222781, "kategori": "G"}, "geometry": {"type": "Point", "coordinates": [97.96222781, 4.46496235]}}, {"type": "Feature", "properties": {"assignment_id": "a451978b-f5eb-4087-85f3-35e7f4e88ec4", "latitude": 4.433032, "longitude": 98.0141289, "kategori": "A"}, "geometry": {"type": "Point", "coordinates": [98.0141289, 4.433032]}}, {"type": "Feature", "properties": {"assignment_id": "a46b4cd5-cc5d-466f-9704-8becd652808c", "latitude": 4.4410779, "longitude": 98.0164493, "kategori": "G"}, "geometry": {"type": "Point", "coordinates": [98.0164493, 4.4410779]}}, {"type": "Feature", "properties": {"assignment_id": "f7d88cb5-e8a4-40a1-9e8f-e4c06b33eb5b", "latitude": 4.469475, "longitude": 97.9597004, "kategori": "A"}, "geometry": {"type": "Point", "coordinates": [97.9597004, 4.469475]}}, {"type": "Feature", "properties": {"assignment_id": "f7d88cb5-e8a4-40a1-9e8f-e4c06b33eb5b", "latitude": 4.469475, "longitude": 97.9597004, "kategori": "G"}, "geometry": {"type": "Point", "coordinates": [97.9597004, 4.469475]}}, {"type": "Feature", "properties": {"assignment_id": "fec13272-34bc-42a6-8c20-efdf1520bf59", "latitude": 4.4692883, "longitude": 97.9713483, "kategori": "C"}, "geometry": {"type": "Point", "coordinates": [97.9713483, 4.4692883]}}, {"type": "Feature", "properties": {"assignment_id": "06f7a1ec-fbb8-4eea-910d-91a05e018daf", "latitude": 4.471433333333334, "longitude": 97.95800333333334, "kategori": "G"}, "geometry": {"type": "Point", "coordinates": [97.95800333333334, 4.471433333333334]}}, {"type": "Feature", "properties": {"assignment_id": "5bbdfc05-e186-4b9c-980c-c9a65da9b9b0", "latitude": 4.45620362, "longitude": 97.99067872, "kategori": "G"}, "geometry": {"type": "Point", "coordinates": [97.99067872, 4.45620362]}}, {"type": "Feature", "properties": {"assignment_id": "627fef41-bad9-477d-a71a-cbdcc7853c2f", "latitude": 4.5077107, "longitude": 97.9497656, "kategori": "C"}, "geometry": {"type": "Point", "coordinates": [97.9497656, 4.5077107]}}, {"type": "Feature", "properties": {"assignment_id": "fea837c5-b75c-4111-b9bc-8c2506451785", "latitude": 4.5066209, "longitude": 97.9661145, "kategori": "A"}, "geometry": {"type": "Point", "coordinates": [97.9661145, 4.5066209]}}, {"type": "Feature", "properties": {"assignment_id": "c6258e21-b7b1-4357-a3cd-0919a2adbaed", "latitude": 4.4718997, "longitude": 97.9640124, "kategori": "O"}, "geometry": {"type": "Point", "coordinates": [97.9640124, 4.4718997]}}, {"type": "Feature", "properties": {"assignment_id": "0fd55fc5-93de-43b8-bcc3-87772b1decc3", "latitude": 4.45619174, "longitude": 97.99646971, "kategori": "A"}, "geometry": {"type": "Point", "coordinates": [97.99646971, 4.45619174]}}, {"type": "Feature", "properties": {"assignment_id": "23cf009d-2820-4c6a-a645-193686cb71bc", "latitude": 4.4969876, "longitude": 98.0012182, "kategori": "C"}, "geometry": {"type": "Point", "coordinates": [98.0012182, 4.4969876]}}, {"type": "Feature", "properties": {"assignment_id": "3653d20f-6d4d-4f79-a28f-2392beb66a73", "latitude": 4.4540953666666665, "longitude": 98.01453304999998, "kategori": "A"}, "geometry": {"type": "Point", "coordinates": [98.01453304999998, 4.4540953666666665]}}, {"type": "Feature", "properties": {"assignment_id": "57eb8c86-2761-404e-b21c-b96b6def6662", "latitude": 4.4995878, "longitude": 97.9560371, "kategori": "A"}, "geometry": {"type": "Point", "coordinates": [97.9560371, 4.4995878]}}, {"type": "Feature", "properties": {"assignment_id": "712cc044-081d-410b-9118-233a4e9505c3", "latitude": 4.4335633, "longitude": 98.0411783, "kategori": "A"}, "geometry": {"type": "Point", "coordinates": [98.0411783, 4.4335633]}}, {"type": "Feature", "properties": {"assignment_id": "b11e05cb-00b4-4521-8789-c7766cbe23cc", "latitude": 4.4471883, "longitude": 97.9972896, "kategori": "A"}, "geometry": {"type": "Point", "coordinates": [97.9972896, 4.4471883]}}, {"type": "Feature", "properties": {"assignment_id": "b47a9f73-1f30-463a-8ab7-fc754f12f6f0", "latitude": 4.476489, "longitude": 97.9527061, "kategori": "C"}, "geometry": {"type": "Point", "coordinates": [97.9527061, 4.476489]}}, {"type": "Feature", "properties": {"assignment_id": "e7bc07d4-5087-41f0-9194-e0ae6219a9ba", "latitude": 4.4711306, "longitude": 97.9719133, "kategori": "G"}, "geometry": {"type": "Point", "coordinates": [97.9719133, 4.4711306]}}, {"type": "Feature", "properties": {"assignment_id": "0c602dfd-5e13-4394-96da-6b2d6dab7150", "latitude": 4.45648412, "longitude": 97.98983879, "kategori": "A"}, "geometry": {"type": "Point", "coordinates": [97.98983879, 4.45648412]}}, {"type": "Feature", "properties": {"assignment_id": "813307cf-9c9d-4c43-a8ad-4a30312615ad", "latitude": 4.470067, "longitude": 97.9744289, "kategori": "G"}, "geometry": {"type": "Point", "coordinates": [97.9744289, 4.470067]}}, {"type": "Feature", "properties": {"assignment_id": "fd302130-8481-42f1-aae7-d74bc0267f13", "latitude": 4.46444, "longitude": 97.96992999999999, "kategori": "C"}, "geometry": {"type": "Point", "coordinates": [97.96992999999999, 4.46444]}}, {"type": "Feature", "properties": {"assignment_id": "47b9c750-306a-4b95-8ca0-15ed1cc878ab", "latitude": 4.4696695, "longitude": 97.9741899, "kategori": "G"}, "geometry": {"type": "Point", "coordinates": [97.9741899, 4.4696695]}}, {"type": "Feature", "properties": {"assignment_id": "17fe3761-ec71-4477-8071-b7f2f26d2da4", "latitude": 4.45003855, "longitude": 98.03017945, "kategori": "A"}, "geometry": {"type": "Point", "coordinates": [98.03017945, 4.45003855]}}, {"type": "Feature", "properties": {"assignment_id": "1b6c253a-a61e-43f3-9740-8ac2f0b85e7a", "latitude": 4.4307496, "longitude": 98.0242651, "kategori": "A"}, "geometry": {"type": "Point", "coordinates": [98.0242651, 4.4307496]}}, {"type": "Feature", "properties": {"assignment_id": "5502a7a6-e1c5-4723-ba73-4381bdb418a6", "latitude": 4.4410009, "longitude": 97.9741909, "kategori": "A"}, "geometry": {"type": "Point", "coordinates": [97.9741909, 4.4410009]}}, {"type": "Feature", "properties": {"assignment_id": "5502a7a6-e1c5-4723-ba73-4381bdb418a6", "latitude": 4.4410009, "longitude": 97.9741909, "kategori": "C"}, "geometry": {"type": "Point", "coordinates": [97.9741909, 4.4410009]}}, {"type": "Feature", "properties": {"assignment_id": "68716561-b8f6-4c46-ac9d-79bf85c945b0", "latitude": 4.51954004, "longitude": 97.94112264, "kategori": "A"}, "geometry": {"type": "Point", "coordinates": [97.94112264, 4.51954004]}}, {"type": "Feature", "properties": {"assignment_id": "68716561-b8f6-4c46-ac9d-79bf85c945b0", "latitude": 4.51954004, "longitude": 97.94112264, "kategori": "E"}, "geometry": {"type": "Point", "coordinates": [97.94112264, 4.51954004]}}, {"type": "Feature", "properties": {"assignment_id": "68716561-b8f6-4c46-ac9d-79bf85c945b0", "latitude": 4.51954004, "longitude": 97.94112264, "kategori": "G"}, "geometry": {"type": "Point", "coordinates": [97.94112264, 4.51954004]}}, {"type": "Feature", "properties": {"assignment_id": "775dbe80-0b28-4612-bcb8-5097177a2103", "latitude": 4.4384058, "longitude": 98.0179608, "kategori": "G"}, "geometry": {"type": "Point", "coordinates": [98.0179608, 4.4384058]}}, {"type": "Feature", "properties": {"assignment_id": "77e2cb31-def5-402b-9567-77d2eab70266", "latitude": 4.4348633, "longitude": 98.02266, "kategori": "A"}, "geometry": {"type": "Point", "coordinates": [98.02266, 4.4348633]}}, {"type": "Feature", "properties": {"assignment_id": "7e8c9650-9ed4-4206-b78e-7c7b28bf08ce", "latitude": 4.466696293093264, "longitude": 97.9590043053031, "kategori": "A"}, "geometry": {"type": "Point", "coordinates": [97.9590043053031, 4.466696293093264]}}, {"type": "Feature", "properties": {"assignment_id": "7e8c9650-9ed4-4206-b78e-7c7b28bf08ce", "latitude": 4.466696293093264, "longitude": 97.9590043053031, "kategori": "G"}, "geometry": {"type": "Point", "coordinates": [97.9590043053031, 4.466696293093264]}}, {"type": "Feature", "properties": {"assignment_id": "a17615a0-fcd3-4b8a-b950-2f82dcbe605d", "latitude": 4.478821666666667, "longitude": 97.98508333333332, "kategori": "G"}, "geometry": {"type": "Point", "coordinates": [97.98508333333332, 4.478821666666667]}}, {"type": "Feature", "properties": {"assignment_id": "ac28e84a-bd3a-434b-b805-b6e18574814c", "latitude": 4.47281231, "longitude": 97.98216573, "kategori": "C"}, "geometry": {"type": "Point", "coordinates": [97.98216573, 4.47281231]}}, {"type": "Feature", "properties": {"assignment_id": "eb712ba7-1f91-436a-bc3d-e60fac8d2d09", "latitude": 4.4604828, "longitude": 97.9890129, "kategori": "A"}, "geometry": {"type": "Point", "coordinates": [97.9890129, 4.4604828]}}, {"type": "Feature", "properties": {"assignment_id": "f216a93d-dbe5-4498-b7b5-4a3c4310913a", "latitude": 4.4988674, "longitude": 97.9560562, "kategori": "A"}, "geometry": {"type": "Point", "coordinates": [97.9560562, 4.4988674]}}, {"type": "Feature", "properties": {"assignment_id": "380ba2ae-e0e0-4460-b318-097ea6c739a5", "latitude": 4.47144, "longitude": 97.951975, "kategori": "A"}, "geometry": {"type": "Point", "coordinates": [97.951975, 4.47144]}}, {"type": "Feature", "properties": {"assignment_id": "a9907de9-11dc-41a4-9bdf-afc7032f1d99", "latitude": 4.484233333333333, "longitude": 97.98287499999999, "kategori": "H"}, "geometry": {"type": "Point", "coordinates": [97.98287499999999, 4.484233333333333]}}, {"type": "Feature", "properties": {"assignment_id": "c3c1508d-c2ae-4593-a6db-372ed4de897f", "latitude": 4.4805953, "longitude": 97.9426986, "kategori": "O"}, "geometry": {"type": "Point", "coordinates": [97.9426986, 4.4805953]}}, {"type": "Feature", "properties": {"assignment_id": "a1db702b-62dd-4da0-84aa-ba7d6b6daa25", "latitude": 4.5321993, "longitude": 97.9362493, "kategori": "G"}, "geometry": {"type": "Point", "coordinates": [97.9362493, 4.5321993]}}, {"type": "Feature", "properties": {"assignment_id": "d75387a3-c030-4542-8c8b-316db6c11bb9", "latitude": 4.4726678, "longitude": 97.9359817, "kategori": "H"}, "geometry": {"type": "Point", "coordinates": [97.9359817, 4.4726678]}}, {"type": "Feature", "properties": {"assignment_id": "10b9f5f0-505c-4211-a41c-f5807c752ca1", "latitude": 4.4659369, "longitude": 97.9644139, "kategori": "H"}, "geometry": {"type": "Point", "coordinates": [97.9644139, 4.4659369]}}, {"type": "Feature", "properties": {"assignment_id": "1290fce4-9f26-41b5-8e5c-4a3ebf596da6", "latitude": 4.4460264, "longitude": 97.9414639, "kategori": "A"}, "geometry": {"type": "Point", "coordinates": [97.9414639, 4.4460264]}}, {"type": "Feature", "properties": {"assignment_id": "855cf228-4f93-4121-9c61-459165bc4fd4", "latitude": 4.5124444, "longitude": 97.9402855, "kategori": "A"}, "geometry": {"type": "Point", "coordinates": [97.9402855, 4.5124444]}}, {"type": "Feature", "properties": {"assignment_id": "855cf228-4f93-4121-9c61-459165bc4fd4", "latitude": 4.5124444, "longitude": 97.9402855, "kategori": "G"}, "geometry": {"type": "Point", "coordinates": [97.9402855, 4.5124444]}}, {"type": "Feature", "properties": {"assignment_id": "8dd039bf-47bc-4184-aef4-4bb52bed0aca", "latitude": 4.4737186, "longitude": 97.9750932, "kategori": "G"}, "geometry": {"type": "Point", "coordinates": [97.9750932, 4.4737186]}}, {"type": "Feature", "properties": {"assignment_id": "abcf0df8-1d42-4497-be3c-8baea8a06f8d", "latitude": 4.4959637, "longitude": 97.9446437, "kategori": "G"}, "geometry": {"type": "Point", "coordinates": [97.9446437, 4.4959637]}}, {"type": "Feature", "properties": {"assignment_id": "db13c827-874b-450e-87e3-51bcc11767e6", "latitude": 4.4957674, "longitude": 97.9458371, "kategori": "C"}, "geometry": {"type": "Point", "coordinates": [97.9458371, 4.4957674]}}, {"type": "Feature", "properties": {"assignment_id": "f29133c4-244c-46e5-a793-9402779e1c7c", "latitude": 4.4280035, "longitude": 98.0235785, "kategori": "A"}, "geometry": {"type": "Point", "coordinates": [98.0235785, 4.4280035]}}, {"type": "Feature", "properties": {"assignment_id": "fb023dc2-d7d4-469d-a3b6-0aad3619f9ac", "latitude": 4.4690128, "longitude": 97.974042, "kategori": "S"}, "geometry": {"type": "Point", "coordinates": [97.974042, 4.4690128]}}, {"type": "Feature", "properties": {"assignment_id": "54a49389-44d6-4a5b-8666-6d6c14112f3b", "latitude": 4.5021452, "longitude": 97.9476364, "kategori": "F"}, "geometry": {"type": "Point", "coordinates": [97.9476364, 4.5021452]}}, {"type": "Feature", "properties": {"assignment_id": "6e06e3c2-584e-4def-b3f7-9cd7e9bdd97c", "latitude": 4.44814, "longitude": 98.0137433, "kategori": "A"}, "geometry": {"type": "Point", "coordinates": [98.0137433, 4.44814]}}, {"type": "Feature", "properties": {"assignment_id": "7117cd9f-2cff-4a86-abcb-88ba336ded55", "latitude": 4.4496254, "longitude": 97.97764226666668, "kategori": "C"}, "geometry": {"type": "Point", "coordinates": [97.97764226666668, 4.4496254]}}, {"type": "Feature", "properties": {"assignment_id": "2abb5d33-57d4-4be2-84e5-4d68d96398d2", "latitude": 4.4652984, "longitude": 97.9586425, "kategori": "A"}, "geometry": {"type": "Point", "coordinates": [97.9586425, 4.4652984]}}, {"type": "Feature", "properties": {"assignment_id": "bd674e14-b896-46a0-a4d6-ff4cc1636176", "latitude": 4.4804762, "longitude": 97.9448985, "kategori": "C"}, "geometry": {"type": "Point", "coordinates": [97.9448985, 4.4804762]}}, {"type": "Feature", "properties": {"assignment_id": "00912e11-74e7-45b0-9045-e46ab3a41c8b", "latitude": 4.47810827, "longitude": 97.9693731, "kategori": "H"}, "geometry": {"type": "Point", "coordinates": [97.9693731, 4.47810827]}}, {"type": "Feature", "properties": {"assignment_id": "23f5cc0d-f531-45c7-b932-e956373a533a", "latitude": 4.5027246, "longitude": 97.9639522, "kategori": "S"}, "geometry": {"type": "Point", "coordinates": [97.9639522, 4.5027246]}}, {"type": "Feature", "properties": {"assignment_id": "357c4846-d132-4ae6-9621-3d0ace3dac13", "latitude": 4.504625, "longitude": 97.95226941666667, "kategori": "G"}, "geometry": {"type": "Point", "coordinates": [97.95226941666667, 4.504625]}}, {"type": "Feature", "properties": {"assignment_id": "4fca3875-6bb0-4c98-80a6-e2e7813f1f51", "latitude": 4.4742394, "longitude": 97.9825986, "kategori": "G"}, "geometry": {"type": "Point", "coordinates": [97.9825986, 4.4742394]}}, {"type": "Feature", "properties": {"assignment_id": "8bf5308e-a0e8-49f2-80b3-06d872070b44", "latitude": 4.507336666666667, "longitude": 98.01167166666667, "kategori": "A"}, "geometry": {"type": "Point", "coordinates": [98.01167166666667, 4.507336666666667]}}, {"type": "Feature", "properties": {"assignment_id": "d17a0d92-ef94-4e0e-b361-ae4d6fc9b369", "latitude": 4.475627, "longitude": 97.9838968, "kategori": "C"}, "geometry": {"type": "Point", "coordinates": [97.9838968, 4.475627]}}, {"type": "Feature", "properties": {"assignment_id": "d39b664c-2a66-4bec-a879-a830535ecc92", "latitude": 4.4925411, "longitude": 97.9713706, "kategori": "A"}, "geometry": {"type": "Point", "coordinates": [97.9713706, 4.4925411]}}, {"type": "Feature", "properties": {"assignment_id": "f2837809-bb44-4759-af8e-6c8ddefe4e1b", "latitude": 4.4666882, "longitude": 97.9542874, "kategori": "A"}, "geometry": {"type": "Point", "coordinates": [97.9542874, 4.4666882]}}, {"type": "Feature", "properties": {"assignment_id": "22bd93ac-4a5b-4ef0-9431-7c780837584e", "latitude": 4.4478372, "longitude": 98.0035305, "kategori": "Q"}, "geometry": {"type": "Point", "coordinates": [98.0035305, 4.4478372]}}, {"type": "Feature", "properties": {"assignment_id": "e4ac5573-e3e6-47c9-a747-5fef39485ea7", "latitude": 4.4501972, "longitude": 97.9216624, "kategori": "A"}, "geometry": {"type": "Point", "coordinates": [97.9216624, 4.4501972]}}, {"type": "Feature", "properties": {"assignment_id": "8774aeb8-b4b5-486d-bc46-1dcee0829a84", "latitude": 4.4358838, "longitude": 98.0360052, "kategori": "A"}, "geometry": {"type": "Point", "coordinates": [98.0360052, 4.4358838]}}, {"type": "Feature", "properties": {"assignment_id": "1545fb9c-f77d-400f-a0ab-6941f58ef41b", "latitude": 4.4519761, "longitude": 98.0132917, "kategori": "A"}, "geometry": {"type": "Point", "coordinates": [98.0132917, 4.4519761]}}, {"type": "Feature", "properties": {"assignment_id": "2577c731-8df5-42f4-bc4d-8acba74e7c5e", "latitude": 4.4362542, "longitude": 98.015509, "kategori": "C"}, "geometry": {"type": "Point", "coordinates": [98.015509, 4.4362542]}}, {"type": "Feature", "properties": {"assignment_id": "83b0f709-9850-487e-84d8-cb443262b345", "latitude": 4.4762871, "longitude": 97.975708, "kategori": "A"}, "geometry": {"type": "Point", "coordinates": [97.975708, 4.4762871]}}, {"type": "Feature", "properties": {"assignment_id": "ae6f94b9-56e0-42d1-a73f-9d0a30631e40", "latitude": 4.455471666666667, "longitude": 97.98246666666667, "kategori": "A"}, "geometry": {"type": "Point", "coordinates": [97.98246666666667, 4.455471666666667]}}, {"type": "Feature", "properties": {"assignment_id": "eded31da-a179-400f-8b01-991f847bd629", "latitude": 4.4306345, "longitude": 98.012903, "kategori": "A"}, "geometry": {"type": "Point", "coordinates": [98.012903, 4.4306345]}}, {"type": "Feature", "properties": {"assignment_id": "f267160c-db11-46fa-8d47-186a5dfaeb9e", "latitude": 4.4728683333333334, "longitude": 97.93537666666667, "kategori": "A"}, "geometry": {"type": "Point", "coordinates": [97.93537666666667, 4.4728683333333334]}}, {"type": "Feature", "properties": {"assignment_id": "f267160c-db11-46fa-8d47-186a5dfaeb9e", "latitude": 4.4728683333333334, "longitude": 97.93537666666667, "kategori": "C"}, "geometry": {"type": "Point", "coordinates": [97.93537666666667, 4.4728683333333334]}}, {"type": "Feature", "properties": {"assignment_id": "c7e1146a-9949-46c0-b601-3a919eca9982", "latitude": 4.4697191, "longitude": 97.9742898, "kategori": "G"}, "geometry": {"type": "Point", "coordinates": [97.9742898, 4.4697191]}}, {"type": "Feature", "properties": {"assignment_id": "109d60f5-5443-484f-bd43-807fbfe96511", "latitude": 4.47078614, "longitude": 97.98088775, "kategori": "G"}, "geometry": {"type": "Point", "coordinates": [97.98088775, 4.47078614]}}, {"type": "Feature", "properties": {"assignment_id": "1a304969-6a42-4144-8c39-2f8a29c098f2", "latitude": 4.4942965, "longitude": 97.9610128, "kategori": "C"}, "geometry": {"type": "Point", "coordinates": [97.9610128, 4.4942965]}}, {"type": "Feature", "properties": {"assignment_id": "387097ba-5ffc-4768-8e22-aa31d148f35d", "latitude": 4.4865346, "longitude": 97.9578953, "kategori": "H"}, "geometry": {"type": "Point", "coordinates": [97.9578953, 4.4865346]}}, {"type": "Feature", "properties": {"assignment_id": "4c69d9fa-ce7a-4002-b6d2-61771852d214", "latitude": 4.4964421, "longitude": 97.9956834, "kategori": "C"}, "geometry": {"type": "Point", "coordinates": [97.9956834, 4.4964421]}}, {"type": "Feature", "properties": {"assignment_id": "65b3349a-099f-4af1-9eb3-64523f32c6bf", "latitude": 4.4933441, "longitude": 97.950309, "kategori": "C"}, "geometry": {"type": "Point", "coordinates": [97.950309, 4.4933441]}}, {"type": "Feature", "properties": {"assignment_id": "885e1375-9962-4825-9c70-cec7dae7659c", "latitude": 4.47353814, "longitude": 97.95865958, "kategori": "G"}, "geometry": {"type": "Point", "coordinates": [97.95865958, 4.47353814]}}, {"type": "Feature", "properties": {"assignment_id": "93f17b7a-5bc8-4778-9e58-53e2381d8648", "latitude": 4.468086666666666, "longitude": 97.932735, "kategori": "A"}, "geometry": {"type": "Point", "coordinates": [97.932735, 4.468086666666666]}}, {"type": "Feature", "properties": {"assignment_id": "93f17b7a-5bc8-4778-9e58-53e2381d8648", "latitude": 4.468086666666666, "longitude": 97.932735, "kategori": "C"}, "geometry": {"type": "Point", "coordinates": [97.932735, 4.468086666666666]}}, {"type": "Feature", "properties": {"assignment_id": "93f17b7a-5bc8-4778-9e58-53e2381d8648", "latitude": 4.468086666666666, "longitude": 97.932735, "kategori": "F"}, "geometry": {"type": "Point", "coordinates": [97.932735, 4.468086666666666]}}, {"type": "Feature", "properties": {"assignment_id": "c50843ab-1dba-4bfe-9994-1e5e8124c442", "latitude": 4.4704915, "longitude": 97.9803106, "kategori": "G"}, "geometry": {"type": "Point", "coordinates": [97.9803106, 4.4704915]}}, {"type": "Feature", "properties": {"assignment_id": "eaa61e3f-8f6f-4c65-b80c-bc752b1d5fc0", "latitude": 4.4786488, "longitude": 97.9566228, "kategori": "G"}, "geometry": {"type": "Point", "coordinates": [97.9566228, 4.4786488]}}, {"type": "Feature", "properties": {"assignment_id": "05343bd2-c7e0-47cb-8692-c360a0144f0a", "latitude": 4.4980816, "longitude": 97.9672226, "kategori": "G"}, "geometry": {"type": "Point", "coordinates": [97.9672226, 4.4980816]}}, {"type": "Feature", "properties": {"assignment_id": "8fe76751-b0f7-408a-9585-bfd933309d70", "latitude": 4.478475, "longitude": 97.983855, "kategori": "A"}, "geometry": {"type": "Point", "coordinates": [97.983855, 4.478475]}}, {"type": "Feature", "properties": {"assignment_id": "aa70c9f9-4232-48cf-b9e5-e5da972e3d50", "latitude": 4.4412473, "longitude": 98.0193556, "kategori": "A"}, "geometry": {"type": "Point", "coordinates": [98.0193556, 4.4412473]}}, {"type": "Feature", "properties": {"assignment_id": "319055d1-59df-486e-aa38-bed3bf1c3e17", "latitude": 4.4674292, "longitude": 97.9669387, "kategori": "G"}, "geometry": {"type": "Point", "coordinates": [97.9669387, 4.4674292]}}, {"type": "Feature", "properties": {"assignment_id": "dc1d98a0-a3cb-41f4-809a-af108dae8c7c", "latitude": 4.5009533, "longitude": 97.9723355, "kategori": "A"}, "geometry": {"type": "Point", "coordinates": [97.9723355, 4.5009533]}}, {"type": "Feature", "properties": {"assignment_id": "033ee5be-eb4d-41ff-a4fb-acc869a8af2b", "latitude": 4.4855953, "longitude": 97.9610671, "kategori": "F"}, "geometry": {"type": "Point", "coordinates": [97.9610671, 4.4855953]}}, {"type": "Feature", "properties": {"assignment_id": "04626d46-b802-41b1-a3c0-08d7ec719ff3", "latitude": 4.4794157, "longitude": 97.9797917, "kategori": "G"}, "geometry": {"type": "Point", "coordinates": [97.9797917, 4.4794157]}}, {"type": "Feature", "properties": {"assignment_id": "14280efe-8f60-4bae-b883-029b3b660cad", "latitude": 4.447742, "longitude": 98.0033522, "kategori": "A"}, "geometry": {"type": "Point", "coordinates": [98.0033522, 4.447742]}}, {"type": "Feature", "properties": {"assignment_id": "28d30f8b-7530-4c39-8e72-37e7603c86a9", "latitude": 4.463992, "longitude": 97.9552762, "kategori": "C"}, "geometry": {"type": "Point", "coordinates": [97.9552762, 4.463992]}}, {"type": "Feature", "properties": {"assignment_id": "2b1b7576-5988-44a7-8ecd-0cd296cc5dae", "latitude": 4.4719472, "longitude": 97.9584167, "kategori": "R"}, "geometry": {"type": "Point", "coordinates": [97.9584167, 4.4719472]}}, {"type": "Feature", "properties": {"assignment_id": "3d26b657-4f9f-46b0-b754-10a89e06ef7f", "latitude": 4.48024651966989, "longitude": 97.97743124887347, "kategori": "C"}, "geometry": {"type": "Point", "coordinates": [97.97743124887347, 4.48024651966989]}}, {"type": "Feature", "properties": {"assignment_id": "541e3f05-834e-4af8-b2c2-8ba76923d8dc", "latitude": 4.454033333333333, "longitude": 98.01367666666665, "kategori": "A"}, "geometry": {"type": "Point", "coordinates": [98.01367666666665, 4.454033333333333]}}, {"type": "Feature", "properties": {"assignment_id": "57c5e64f-ebfd-4259-baa6-d3e4f8cdb5ce", "latitude": 4.481148883333334, "longitude": 97.97922891666667, "kategori": "A"}, "geometry": {"type": "Point", "coordinates": [97.97922891666667, 4.481148883333334]}}, {"type": "Feature", "properties": {"assignment_id": "59b33d9c-5f34-4e37-ab93-de52ce86cead", "latitude": 4.4414259, "longitude": 97.9766981, "kategori": "A"}, "geometry": {"type": "Point", "coordinates": [97.9766981, 4.4414259]}}, {"type": "Feature", "properties": {"assignment_id": "6da13823-9602-43f5-affe-5cce9a5cafae", "latitude": 4.4957811, "longitude": 97.9548746, "kategori": "C"}, "geometry": {"type": "Point", "coordinates": [97.9548746, 4.4957811]}}, {"type": "Feature", "properties": {"assignment_id": "8574fcef-c6ce-4afd-980b-b870303716ef", "latitude": 4.4355109, "longitude": 97.9892138, "kategori": "A"}, "geometry": {"type": "Point", "coordinates": [97.9892138, 4.4355109]}}, {"type": "Feature", "properties": {"assignment_id": "8574fcef-c6ce-4afd-980b-b870303716ef", "latitude": 4.4355109, "longitude": 97.9892138, "kategori": "G"}, "geometry": {"type": "Point", "coordinates": [97.9892138, 4.4355109]}}, {"type": "Feature", "properties": {"assignment_id": "b4b3b4bc-1142-45bd-abcc-1a2fe6f33b3c", "latitude": 4.4803033333333335, "longitude": 97.97033833333334, "kategori": "H"}, "geometry": {"type": "Point", "coordinates": [97.97033833333334, 4.4803033333333335]}}, {"type": "Feature", "properties": {"assignment_id": "b85117e0-7d03-423b-965d-288fade8ba14", "latitude": 4.4558945, "longitude": 97.9296481, "kategori": "A"}, "geometry": {"type": "Point", "coordinates": [97.9296481, 4.4558945]}}, {"type": "Feature", "properties": {"assignment_id": "54d931fc-b91b-4aba-836a-0275f41f4e85", "latitude": 4.5047509, "longitude": 97.9508856, "kategori": "A"}, "geometry": {"type": "Point", "coordinates": [97.9508856, 4.5047509]}}, {"type": "Feature", "properties": {"assignment_id": "dce97431-91ec-4fb9-b77d-bb63aeb61792", "latitude": 4.45544583, "longitude": 97.99014816, "kategori": "A"}, "geometry": {"type": "Point", "coordinates": [97.99014816, 4.45544583]}}, {"type": "Feature", "properties": {"assignment_id": "24aff33a-2133-44a1-b355-3d47b2cb34a1", "latitude": 4.4683579, "longitude": 97.95331693333334, "kategori": "A"}, "geometry": {"type": "Point", "coordinates": [97.95331693333334, 4.4683579]}}, {"type": "Feature", "properties": {"assignment_id": "29945cdb-defe-43b9-9f96-858f3f1c13c3", "latitude": 4.427999, "longitude": 98.0247296, "kategori": "A"}, "geometry": {"type": "Point", "coordinates": [98.0247296, 4.427999]}}, {"type": "Feature", "properties": {"assignment_id": "37f87f4f-196e-4f04-90d7-75e0f9a30d3f", "latitude": 4.4353222, "longitude": 97.9887663, "kategori": "A"}, "geometry": {"type": "Point", "coordinates": [97.9887663, 4.4353222]}}, {"type": "Feature", "properties": {"assignment_id": "b3369eef-6c48-4e8a-a914-b6bfab9a414b", "latitude": 4.474816666666666, "longitude": 97.95781833333334, "kategori": "A"}, "geometry": {"type": "Point", "coordinates": [97.95781833333334, 4.474816666666666]}}, {"type": "Feature", "properties": {"assignment_id": "b4e7d6eb-d381-47b2-82b2-88c4c5280e13", "latitude": 4.47657196, "longitude": 97.96159969, "kategori": "G"}, "geometry": {"type": "Point", "coordinates": [97.96159969, 4.47657196]}}, {"type": "Feature", "properties": {"assignment_id": "d4b81d26-06ce-4822-85ca-81f93a7d1d2e", "latitude": 4.4418824, "longitude": 97.9881348, "kategori": "A"}, "geometry": {"type": "Point", "coordinates": [97.9881348, 4.4418824]}}, {"type": "Feature", "properties": {"assignment_id": "d4b81d26-06ce-4822-85ca-81f93a7d1d2e", "latitude": 4.4418824, "longitude": 97.9881348, "kategori": "C"}, "geometry": {"type": "Point", "coordinates": [97.9881348, 4.4418824]}}, {"type": "Feature", "properties": {"assignment_id": "f09e0f96-4ab6-40bd-9ce7-8e3eb563e274", "latitude": 4.4605472, "longitude": 97.9895427, "kategori": "A"}, "geometry": {"type": "Point", "coordinates": [97.9895427, 4.4605472]}}, {"type": "Feature", "properties": {"assignment_id": "fa74714c-a3fa-41b6-b82f-9200224f89e6", "latitude": 4.498596666666667, "longitude": 97.97230999999998, "kategori": "C"}, "geometry": {"type": "Point", "coordinates": [97.97230999999998, 4.498596666666667]}}, {"type": "Feature", "properties": {"assignment_id": "27c6a539-1b3f-4e04-ac04-51cd2b846fee", "latitude": 4.460212, "longitude": 98.0042082, "kategori": "A"}, "geometry": {"type": "Point", "coordinates": [98.0042082, 4.460212]}}, {"type": "Feature", "properties": {"assignment_id": "3800332f-f343-49c4-aa4f-5eb9ce74a853", "latitude": 4.4335067, "longitude": 98.007935, "kategori": "A"}, "geometry": {"type": "Point", "coordinates": [98.007935, 4.4335067]}}, {"type": "Feature", "properties": {"assignment_id": "448c5588-874c-40e0-a749-2b52b21872fa", "latitude": 4.4667365, "longitude": 97.9406854, "kategori": "A"}, "geometry": {"type": "Point", "coordinates": [97.9406854, 4.4667365]}}, {"type": "Feature", "properties": {"assignment_id": "52e3a10c-37f3-4cf0-8e1e-2224dd053252", "latitude": 4.495585, "longitude": 97.964615, "kategori": "A"}, "geometry": {"type": "Point", "coordinates": [97.964615, 4.495585]}}, {"type": "Feature", "properties": {"assignment_id": "90242812-3a57-4983-a166-a06a136b9f88", "latitude": 4.47213163, "longitude": 97.96710287, "kategori": "F"}, "geometry": {"type": "Point", "coordinates": [97.96710287, 4.47213163]}}, {"type": "Feature", "properties": {"assignment_id": "a04b89b0-6ab8-4bbd-9c83-9d248de10bd0", "latitude": 4.481015, "longitude": 97.970165, "kategori": "C"}, "geometry": {"type": "Point", "coordinates": [97.970165, 4.481015]}}, {"type": "Feature", "properties": {"assignment_id": "b99fa408-979f-4001-be1a-658ce66102c5", "latitude": 4.4360041, "longitude": 97.9898673, "kategori": "A"}, "geometry": {"type": "Point", "coordinates": [97.9898673, 4.4360041]}}, {"type": "Feature", "properties": {"assignment_id": "b99fa408-979f-4001-be1a-658ce66102c5", "latitude": 4.4360041, "longitude": 97.9898673, "kategori": "G"}, "geometry": {"type": "Point", "coordinates": [97.9898673, 4.4360041]}}, {"type": "Feature", "properties": {"assignment_id": "c1ad8afb-8f2f-4da5-9030-cb6ca72feddd", "latitude": 4.4731567, "longitude": 97.9855733, "kategori": "H"}, "geometry": {"type": "Point", "coordinates": [97.9855733, 4.4731567]}}, {"type": "Feature", "properties": {"assignment_id": "d8eaa5be-faee-4bbb-a4ae-0f0f60b508c9", "latitude": 4.465036666666666, "longitude": 97.95102333333334, "kategori": "G"}, "geometry": {"type": "Point", "coordinates": [97.95102333333334, 4.465036666666666]}}, {"type": "Feature", "properties": {"assignment_id": "e7ecda22-3f6a-4021-adad-f49e07e826bc", "latitude": 4.475185, "longitude": 97.94817333333334, "kategori": "G"}, "geometry": {"type": "Point", "coordinates": [97.94817333333334, 4.475185]}}, {"type": "Feature", "properties": {"assignment_id": "9d2d92d1-60a0-4e12-97d5-4203c087c7d3", "latitude": 4.4664406, "longitude": 97.9661788, "kategori": "F"}, "geometry": {"type": "Point", "coordinates": [97.9661788, 4.4664406]}}, {"type": "Feature", "properties": {"assignment_id": "976e11cb-c60d-45a2-811a-2bfb0591764d", "latitude": 4.4696807, "longitude": 97.9745448, "kategori": "G"}, "geometry": {"type": "Point", "coordinates": [97.9745448, 4.4696807]}}, {"type": "Feature", "properties": {"assignment_id": "c2b94f08-30f8-4e28-9a95-3b04f4e7df34", "latitude": 4.4696689, "longitude": 97.9742454, "kategori": "G"}, "geometry": {"type": "Point", "coordinates": [97.9742454, 4.4696689]}}, {"type": "Feature", "properties": {"assignment_id": "5c05a896-6700-44c6-a0fd-1d35adf3612f", "latitude": 4.4864883, "longitude": 97.956715, "kategori": "A"}, "geometry": {"type": "Point", "coordinates": [97.956715, 4.4864883]}}, {"type": "Feature", "properties": {"assignment_id": "5c05a896-6700-44c6-a0fd-1d35adf3612f", "latitude": 4.4864883, "longitude": 97.956715, "kategori": "G"}, "geometry": {"type": "Point", "coordinates": [97.956715, 4.4864883]}}, {"type": "Feature", "properties": {"assignment_id": "68230cde-d687-4bc5-bad3-902e993e9cb2", "latitude": 4.435192, "longitude": 98.0086548, "kategori": "G"}, "geometry": {"type": "Point", "coordinates": [98.0086548, 4.435192]}}, {"type": "Feature", "properties": {"assignment_id": "69f20fa5-d492-4251-869b-008ebb4abadd", "latitude": 4.4804203, "longitude": 97.9454975, "kategori": "F"}, "geometry": {"type": "Point", "coordinates": [97.9454975, 4.4804203]}}, {"type": "Feature", "properties": {"assignment_id": "886e0caa-e84f-4a5e-be90-d51e5129b71e", "latitude": 4.5337574, "longitude": 97.9350346, "kategori": "A"}, "geometry": {"type": "Point", "coordinates": [97.9350346, 4.5337574]}}, {"type": "Feature", "properties": {"assignment_id": "886e0caa-e84f-4a5e-be90-d51e5129b71e", "latitude": 4.5337574, "longitude": 97.9350346, "kategori": "G"}, "geometry": {"type": "Point", "coordinates": [97.9350346, 4.5337574]}}, {"type": "Feature", "properties": {"assignment_id": "9243f64b-e11c-4b56-94f7-6b74d1faa621", "latitude": 4.4824051, "longitude": 97.979719, "kategori": "H"}, "geometry": {"type": "Point", "coordinates": [97.979719, 4.4824051]}}, {"type": "Feature", "properties": {"assignment_id": "b2d1350d-da39-4933-8d6a-c184e44cd17a", "latitude": 4.476639870554209, "longitude": 97.98644808121026, "kategori": "A"}, "geometry": {"type": "Point", "coordinates": [97.98644808121026, 4.476639870554209]}}, {"type": "Feature", "properties": {"assignment_id": "c279e287-7339-45be-8479-e591c30d06c9", "latitude": 4.4646734, "longitude": 97.9762664, "kategori": "C"}, "geometry": {"type": "Point", "coordinates": [97.9762664, 4.4646734]}}, {"type": "Feature", "properties": {"assignment_id": "f72bde5e-44e2-482b-80a6-f58083a2ddee", "latitude": 4.46048055, "longitude": 97.97283392, "kategori": "C"}, "geometry": {"type": "Point", "coordinates": [97.97283392, 4.46048055]}}, {"type": "Feature", "properties": {"assignment_id": "20cd9044-233e-4a00-851a-a6f08e1ebca0", "latitude": 4.486533030867577, "longitude": 97.97244234010577, "kategori": "G"}, "geometry": {"type": "Point", "coordinates": [97.97244234010577, 4.486533030867577]}}, {"type": "Feature", "properties": {"assignment_id": "3439e7e5-5a7e-4e9a-97a9-1b252d676412", "latitude": 4.4812888, "longitude": 97.9623731, "kategori": "A"}, "geometry": {"type": "Point", "coordinates": [97.9623731, 4.4812888]}}, {"type": "Feature", "properties": {"assignment_id": "3dfccebc-fd8f-41a8-b087-0ba53ea89543", "latitude": 4.467268333333333, "longitude": 97.96776833333334, "kategori": "A"}, "geometry": {"type": "Point", "coordinates": [97.96776833333334, 4.467268333333333]}}, {"type": "Feature", "properties": {"assignment_id": "3fe21c54-85ad-4b7d-aacb-47bde4e0ef4f", "latitude": 4.4787368, "longitude": 97.9566456, "kategori": "G"}, "geometry": {"type": "Point", "coordinates": [97.9566456, 4.4787368]}}, {"type": "Feature", "properties": {"assignment_id": "5dd85fd0-8b39-4dfe-81e0-bb75ae8642b8", "latitude": 4.469598333333334, "longitude": 97.93588999999999, "kategori": "A"}, "geometry": {"type": "Point", "coordinates": [97.93588999999999, 4.469598333333334]}}, {"type": "Feature", "properties": {"assignment_id": "5dd85fd0-8b39-4dfe-81e0-bb75ae8642b8", "latitude": 4.469598333333334, "longitude": 97.93588999999999, "kategori": "G"}, "geometry": {"type": "Point", "coordinates": [97.93588999999999, 4.469598333333334]}}, {"type": "Feature", "properties": {"assignment_id": "7819f31a-4aa2-429d-9d33-1fe037ceb6a6", "latitude": 4.4561983, "longitude": 97.977815, "kategori": "A"}, "geometry": {"type": "Point", "coordinates": [97.977815, 4.4561983]}}, {"type": "Feature", "properties": {"assignment_id": "856cd75e-9f6a-4659-a653-22038038a4ec", "latitude": 4.4579562, "longitude": 97.978876, "kategori": "G"}, "geometry": {"type": "Point", "coordinates": [97.978876, 4.4579562]}}, {"type": "Feature", "properties": {"assignment_id": "87b921e0-d1d6-4c60-bf3a-a7e2c18a2b1c", "latitude": 4.5047211, "longitude": 97.9598791, "kategori": "A"}, "geometry": {"type": "Point", "coordinates": [97.9598791, 4.5047211]}}, {"type": "Feature", "properties": {"assignment_id": "98540f46-3a79-4cc5-803a-a7292ce5cb7e", "latitude": 4.4557166666666665, "longitude": 97.97605, "kategori": "A"}, "geometry": {"type": "Point", "coordinates": [97.97605, 4.4557166666666665]}}, {"type": "Feature", "properties": {"assignment_id": "f477d92d-f0c0-4cac-8bce-278689f7ca6f", "latitude": 4.4741697, "longitude": 97.9748097, "kategori": "C"}, "geometry": {"type": "Point", "coordinates": [97.9748097, 4.4741697]}}, {"type": "Feature", "properties": {"assignment_id": "ddbcc1a7-7e36-46d6-a93d-e12f0a69b6e0", "latitude": 4.4820306, "longitude": 97.9501834, "kategori": "C"}, "geometry": {"type": "Point", "coordinates": [97.9501834, 4.4820306]}}, {"type": "Feature", "properties": {"assignment_id": "f73c2d41-3f95-4ac1-a8bb-e59fc6f9c19c", "latitude": 4.4631517, "longitude": 97.9800717, "kategori": "G"}, "geometry": {"type": "Point", "coordinates": [97.9800717, 4.4631517]}}, {"type": "Feature", "properties": {"assignment_id": "324dc132-a81c-42f1-b210-6f85bfcc73f8", "latitude": 4.4781881, "longitude": 97.9461535, "kategori": "C"}, "geometry": {"type": "Point", "coordinates": [97.9461535, 4.4781881]}}, {"type": "Feature", "properties": {"assignment_id": "50e482b7-fb78-408e-adf7-a04f194a578c", "latitude": 4.4696243, "longitude": 97.95712275, "kategori": "A"}, "geometry": {"type": "Point", "coordinates": [97.95712275, 4.4696243]}}, {"type": "Feature", "properties": {"assignment_id": "50e482b7-fb78-408e-adf7-a04f194a578c", "latitude": 4.4696243, "longitude": 97.95712275, "kategori": "H"}, "geometry": {"type": "Point", "coordinates": [97.95712275, 4.4696243]}}, {"type": "Feature", "properties": {"assignment_id": "74f65c9b-e4d1-4ccc-ae50-fd77f6ae4ad7", "latitude": 4.497428333333334, "longitude": 97.96055999999999, "kategori": "A"}, "geometry": {"type": "Point", "coordinates": [97.96055999999999, 4.497428333333334]}}, {"type": "Feature", "properties": {"assignment_id": "8a695e95-d6fa-4078-b3a7-f8cddb626065", "latitude": 4.4342642, "longitude": 97.987491, "kategori": "A"}, "geometry": {"type": "Point", "coordinates": [97.987491, 4.4342642]}}, {"type": "Feature", "properties": {"assignment_id": "8e16fdd5-bf63-4881-8421-e177d478c2e9", "latitude": 4.494355, "longitude": 97.97432166666667, "kategori": "A"}, "geometry": {"type": "Point", "coordinates": [97.97432166666667, 4.494355]}}, {"type": "Feature", "properties": {"assignment_id": "e95c78f1-0344-4119-a107-aaca1b81ca37", "latitude": 4.5004985, "longitude": 97.9594228, "kategori": "A"}, "geometry": {"type": "Point", "coordinates": [97.9594228, 4.5004985]}}, {"type": "Feature", "properties": {"assignment_id": "02bfe259-ceeb-44da-8b5e-f10d0febe347", "latitude": 4.47155, "longitude": 97.9578057, "kategori": "C"}, "geometry": {"type": "Point", "coordinates": [97.9578057, 4.47155]}}, {"type": "Feature", "properties": {"assignment_id": "0d72a511-db8d-4bbe-97b8-45037b6a370f", "latitude": 4.4319346, "longitude": 98.0137023, "kategori": "A"}, "geometry": {"type": "Point", "coordinates": [98.0137023, 4.4319346]}}, {"type": "Feature", "properties": {"assignment_id": "2a9e601e-f67d-49fa-9c6f-2163f41e56ab", "latitude": 4.4620796, "longitude": 97.9379684, "kategori": "A"}, "geometry": {"type": "Point", "coordinates": [97.9379684, 4.4620796]}}, {"type": "Feature", "properties": {"assignment_id": "2a9e601e-f67d-49fa-9c6f-2163f41e56ab", "latitude": 4.4620796, "longitude": 97.9379684, "kategori": "S"}, "geometry": {"type": "Point", "coordinates": [97.9379684, 4.4620796]}}, {"type": "Feature", "properties": {"assignment_id": "49dd1d6d-ef4a-4615-866c-4be9f6a00ae2", "latitude": 4.4674876, "longitude": 97.9557107, "kategori": "A"}, "geometry": {"type": "Point", "coordinates": [97.9557107, 4.4674876]}}, {"type": "Feature", "properties": {"assignment_id": "64f52c6a-b4fa-4b40-8a00-70327077e3b3", "latitude": 4.4525059, "longitude": 98.0099694, "kategori": "G"}, "geometry": {"type": "Point", "coordinates": [98.0099694, 4.4525059]}}, {"type": "Feature", "properties": {"assignment_id": "752767a1-13f5-4662-896c-7054ccc7fee2", "latitude": 4.4934224, "longitude": 97.9782746, "kategori": "C"}, "geometry": {"type": "Point", "coordinates": [97.9782746, 4.4934224]}}, {"type": "Feature", "properties": {"assignment_id": "78a61b5b-9287-4122-875c-8a97fbb70221", "latitude": 4.5050686, "longitude": 97.9640027, "kategori": "A"}, "geometry": {"type": "Point", "coordinates": [97.9640027, 4.5050686]}}, {"type": "Feature", "properties": {"assignment_id": "850c22ca-67dc-4325-bb43-7c1171c1af3f", "latitude": 4.4618938, "longitude": 97.9784088, "kategori": "A"}, "geometry": {"type": "Point", "coordinates": [97.9784088, 4.4618938]}}, {"type": "Feature", "properties": {"assignment_id": "c4814941-31ea-4e53-b448-860f5d076290", "latitude": 4.467225, "longitude": 97.93183166666668, "kategori": "A"}, "geometry": {"type": "Point", "coordinates": [97.93183166666668, 4.467225]}}, {"type": "Feature", "properties": {"assignment_id": "d57b85a8-0b21-493d-994b-914602f057b1", "latitude": 4.4991319, "longitude": 97.9399496, "kategori": "C"}, "geometry": {"type": "Point", "coordinates": [97.9399496, 4.4991319]}}, {"type": "Feature", "properties": {"assignment_id": "db74226a-69f0-4298-9f18-aa8d5bef2e4d", "latitude": 4.47891216, "longitude": 97.96733918, "kategori": "G"}, "geometry": {"type": "Point", "coordinates": [97.96733918, 4.47891216]}}, {"type": "Feature", "properties": {"assignment_id": "edf44e56-9080-4747-9e24-ec59d1ccf386", "latitude": 4.534117, "longitude": 97.9269209, "kategori": "H"}, "geometry": {"type": "Point", "coordinates": [97.9269209, 4.534117]}}, {"type": "Feature", "properties": {"assignment_id": "23f71d3f-b5a7-46fe-8f2d-3abf4c0e67c6", "latitude": 4.4953492, "longitude": 97.9682635, "kategori": "G"}, "geometry": {"type": "Point", "coordinates": [97.9682635, 4.4953492]}}, {"type": "Feature", "properties": {"assignment_id": "7237b9a9-4f0e-494a-b889-267f0c7aca8b", "latitude": 4.489996666666667, "longitude": 97.969895, "kategori": "A"}, "geometry": {"type": "Point", "coordinates": [97.969895, 4.489996666666667]}}, {"type": "Feature", "properties": {"assignment_id": "7237b9a9-4f0e-494a-b889-267f0c7aca8b", "latitude": 4.489996666666667, "longitude": 97.969895, "kategori": "F"}, "geometry": {"type": "Point", "coordinates": [97.969895, 4.489996666666667]}}, {"type": "Feature", "properties": {"assignment_id": "b518a28d-303f-4b59-98fe-b5c7666504a7", "latitude": 4.4560873, "longitude": 98.0068079, "kategori": "A"}, "geometry": {"type": "Point", "coordinates": [98.0068079, 4.4560873]}}, {"type": "Feature", "properties": {"assignment_id": "eb4792a3-c969-4661-8269-099316fced53", "latitude": 4.452636683333334, "longitude": 98.01536310000002, "kategori": "A"}, "geometry": {"type": "Point", "coordinates": [98.01536310000002, 4.452636683333334]}}, {"type": "Feature", "properties": {"assignment_id": "2428ac9a-3437-4369-94a9-4e3ba5c620ca", "latitude": 4.48638475, "longitude": 97.96396008333335, "kategori": "A"}, "geometry": {"type": "Point", "coordinates": [97.96396008333335, 4.48638475]}}, {"type": "Feature", "properties": {"assignment_id": "2b80e61e-571e-47c2-8430-27a2a94a530f", "latitude": 4.4585661, "longitude": 97.981692, "kategori": "H"}, "geometry": {"type": "Point", "coordinates": [97.981692, 4.4585661]}}, {"type": "Feature", "properties": {"assignment_id": "502c6885-46bf-4851-bead-c3783c049d10", "latitude": 4.465197, "longitude": 97.9577674, "kategori": "F"}, "geometry": {"type": "Point", "coordinates": [97.9577674, 4.465197]}}, {"type": "Feature", "properties": {"assignment_id": "653385ec-6c32-477e-b446-5ab138ab0530", "latitude": 4.4356349, "longitude": 98.0143476, "kategori": "A"}, "geometry": {"type": "Point", "coordinates": [98.0143476, 4.4356349]}}, {"type": "Feature", "properties": {"assignment_id": "653385ec-6c32-477e-b446-5ab138ab0530", "latitude": 4.4356349, "longitude": 98.0143476, "kategori": "G"}, "geometry": {"type": "Point", "coordinates": [98.0143476, 4.4356349]}}, {"type": "Feature", "properties": {"assignment_id": "94deec77-40f2-4934-8f9f-581fbb7c2074", "latitude": 4.45823307, "longitude": 97.99724889, "kategori": "A"}, "geometry": {"type": "Point", "coordinates": [97.99724889, 4.45823307]}}, {"type": "Feature", "properties": {"assignment_id": "c59952c3-c288-4a82-ac62-d34a456323cf", "latitude": 4.471943333333333, "longitude": 97.94807333333334, "kategori": "F"}, "geometry": {"type": "Point", "coordinates": [97.94807333333334, 4.471943333333333]}}, {"type": "Feature", "properties": {"assignment_id": "ca264cfa-25fb-4afd-a336-6ce182bb96ab", "latitude": 4.4637682, "longitude": 97.9566231, "kategori": "A"}, "geometry": {"type": "Point", "coordinates": [97.9566231, 4.4637682]}}, {"type": "Feature", "properties": {"assignment_id": "ce45f95a-a7a5-418e-b794-311e3e314439", "latitude": 4.468365, "longitude": 97.90258166666666, "kategori": "A"}, "geometry": {"type": "Point", "coordinates": [97.90258166666666, 4.468365]}}, {"type": "Feature", "properties": {"assignment_id": "fa3ac24d-ea7b-4c72-a703-11df686f0ef3", "latitude": 4.455831666666667, "longitude": 97.97450500000001, "kategori": "C"}, "geometry": {"type": "Point", "coordinates": [97.97450500000001, 4.455831666666667]}}, {"type": "Feature", "properties": {"assignment_id": "aa4db644-995c-4081-a99d-2976b79b9d5d", "latitude": 4.44198, "longitude": 97.98706500000002, "kategori": "A"}, "geometry": {"type": "Point", "coordinates": [97.98706500000002, 4.44198]}}, {"type": "Feature", "properties": {"assignment_id": "e2980113-17a2-4e1e-82d2-6f0123347766", "latitude": 4.5048287333333334, "longitude": 97.9494101, "kategori": "A"}, "geometry": {"type": "Point", "coordinates": [97.9494101, 4.5048287333333334]}}, {"type": "Feature", "properties": {"assignment_id": "2bf8f47a-2a5f-406e-ab8b-2d05fc031eb2", "latitude": 4.49370855, "longitude": 97.95531741666667, "kategori": "G"}, "geometry": {"type": "Point", "coordinates": [97.95531741666667, 4.49370855]}}, {"type": "Feature", "properties": {"assignment_id": "2d6b45d7-cd9f-4498-b9b0-561db9f3d10c", "latitude": 4.4599695, "longitude": 97.990676, "kategori": "A"}, "geometry": {"type": "Point", "coordinates": [97.990676, 4.4599695]}}, {"type": "Feature", "properties": {"assignment_id": "32f8bfa0-ed75-42a0-95e6-65b4735ea4db", "latitude": 4.4800822, "longitude": 97.9417504, "kategori": "C"}, "geometry": {"type": "Point", "coordinates": [97.9417504, 4.4800822]}}, {"type": "Feature", "properties": {"assignment_id": "41cf6ffd-81b9-4009-b5dc-311de8c99238", "latitude": 4.4319613, "longitude": 98.0133887, "kategori": "A"}, "geometry": {"type": "Point", "coordinates": [98.0133887, 4.4319613]}}, {"type": "Feature", "properties": {"assignment_id": "6cb9a763-ac8f-4b64-80f8-b4dd1302b400", "latitude": 4.5008945, "longitude": 97.9538923, "kategori": "A"}, "geometry": {"type": "Point", "coordinates": [97.9538923, 4.5008945]}}, {"type": "Feature", "properties": {"assignment_id": "75763a80-bda3-4a2c-9daf-8292037e27c9", "latitude": 4.5288964, "longitude": 97.9488697, "kategori": "A"}, "geometry": {"type": "Point", "coordinates": [97.9488697, 4.5288964]}}, {"type": "Feature", "properties": {"assignment_id": "7f5fc785-3715-4e5f-a61d-9e163aa3b047", "latitude": 4.497058, "longitude": 98.0011165, "kategori": "C"}, "geometry": {"type": "Point", "coordinates": [98.0011165, 4.497058]}}, {"type": "Feature", "properties": {"assignment_id": "ad63c930-e51a-459c-b7fd-cf8db15977a2", "latitude": 4.4947325, "longitude": 97.977392, "kategori": "G"}, "geometry": {"type": "Point", "coordinates": [97.977392, 4.4947325]}}, {"type": "Feature", "properties": {"assignment_id": "be3240c3-b824-4c0a-94c3-edd9ee27fbff", "latitude": 4.4692342, "longitude": 97.9763978, "kategori": "G"}, "geometry": {"type": "Point", "coordinates": [97.9763978, 4.4692342]}}, {"type": "Feature", "properties": {"assignment_id": "f620a620-ba60-4ef5-8dfe-32bc2617ee5d", "latitude": 4.465607944875956, "longitude": 97.9569597914815, "kategori": "H"}, "geometry": {"type": "Point", "coordinates": [97.9569597914815, 4.465607944875956]}}, {"type": "Feature", "properties": {"assignment_id": "323eb0ec-a214-45f8-8e03-b961c2df1514", "latitude": 4.456175, "longitude": 97.98264499999999, "kategori": "G"}, "geometry": {"type": "Point", "coordinates": [97.98264499999999, 4.456175]}}, {"type": "Feature", "properties": {"assignment_id": "230d5264-5772-46d1-a66a-fa594dbc42cb", "latitude": 4.4710997, "longitude": 97.9693977, "kategori": "G"}, "geometry": {"type": "Point", "coordinates": [97.9693977, 4.4710997]}}, {"type": "Feature", "properties": {"assignment_id": "8215414f-756b-4a83-924a-2ea6ababc196", "latitude": 4.474348, "longitude": 97.9593527, "kategori": "A"}, "geometry": {"type": "Point", "coordinates": [97.9593527, 4.474348]}}, {"type": "Feature", "properties": {"assignment_id": "8215414f-756b-4a83-924a-2ea6ababc196", "latitude": 4.474348, "longitude": 97.9593527, "kategori": "H"}, "geometry": {"type": "Point", "coordinates": [97.9593527, 4.474348]}}, {"type": "Feature", "properties": {"assignment_id": "8215414f-756b-4a83-924a-2ea6ababc196", "latitude": 4.474348, "longitude": 97.9593527, "kategori": "F"}, "geometry": {"type": "Point", "coordinates": [97.9593527, 4.474348]}}, {"type": "Feature", "properties": {"assignment_id": "f1cf9f5c-ef66-4442-a8b4-abc6060b3c86", "latitude": 4.443560016666667, "longitude": 98.01651228333334, "kategori": "A"}, "geometry": {"type": "Point", "coordinates": [98.01651228333334, 4.443560016666667]}}, {"type": "Feature", "properties": {"assignment_id": "2d2465d5-d2e8-4c4f-9b9a-e19c18dbd64f", "latitude": 4.503865, "longitude": 97.9637367, "kategori": "A"}, "geometry": {"type": "Point", "coordinates": [97.9637367, 4.503865]}}, {"type": "Feature", "properties": {"assignment_id": "8746c198-1143-43db-9614-2976ba51b6d8", "latitude": 4.4470571, "longitude": 97.9372275, "kategori": "A"}, "geometry": {"type": "Point", "coordinates": [97.9372275, 4.4470571]}}, {"type": "Feature", "properties": {"assignment_id": "a7b180b1-84d0-4ba1-a6cf-f848b0b6100b", "latitude": 4.4566743, "longitude": 97.9817566, "kategori": "A"}, "geometry": {"type": "Point", "coordinates": [97.9817566, 4.4566743]}}, {"type": "Feature", "properties": {"assignment_id": "cf59efb1-198d-4d5a-8983-5628db879ec2", "latitude": 4.4789316, "longitude": 97.9643127, "kategori": "A"}, "geometry": {"type": "Point", "coordinates": [97.9643127, 4.4789316]}}, {"type": "Feature", "properties": {"assignment_id": "cf59efb1-198d-4d5a-8983-5628db879ec2", "latitude": 4.4789316, "longitude": 97.9643127, "kategori": "G"}, "geometry": {"type": "Point", "coordinates": [97.9643127, 4.4789316]}}, {"type": "Feature", "properties": {"assignment_id": "d2496f6d-9430-477c-8778-f67656422a7d", "latitude": 4.464571666666667, "longitude": 97.935395, "kategori": "A"}, "geometry": {"type": "Point", "coordinates": [97.935395, 4.464571666666667]}}, {"type": "Feature", "properties": {"assignment_id": "fbbeac34-2c35-411c-99b6-79b346ba711a", "latitude": 4.45789714, "longitude": 97.99743582, "kategori": "A"}, "geometry": {"type": "Point", "coordinates": [97.99743582, 4.45789714]}}, {"type": "Feature", "properties": {"assignment_id": "39ca6d2b-262c-4f62-bb0f-62696f2253bd", "latitude": 4.458204, "longitude": 97.9855036, "kategori": "C"}, "geometry": {"type": "Point", "coordinates": [97.9855036, 4.458204]}}, {"type": "Feature", "properties": {"assignment_id": "75401f57-9fd8-4b0f-b561-9e1a41208d7a", "latitude": 4.4419218, "longitude": 98.0027156, "kategori": "A"}, "geometry": {"type": "Point", "coordinates": [98.0027156, 4.4419218]}}, {"type": "Feature", "properties": {"assignment_id": "76e1cee8-25bc-4112-bc72-25fbef75f291", "latitude": 4.4554758, "longitude": 97.9564423, "kategori": "G"}, "geometry": {"type": "Point", "coordinates": [97.9564423, 4.4554758]}}, {"type": "Feature", "properties": {"assignment_id": "232fd27b-f8ef-49ef-9bf3-ed006c8d6b9c", "latitude": 4.44795533, "longitude": 98.02990332, "kategori": "A"}, "geometry": {"type": "Point", "coordinates": [98.02990332, 4.44795533]}}, {"type": "Feature", "properties": {"assignment_id": "3003dd8f-fc82-4185-84ce-2bf1687ccf90", "latitude": 4.4378412, "longitude": 98.0166864, "kategori": "A"}, "geometry": {"type": "Point", "coordinates": [98.0166864, 4.4378412]}}, {"type": "Feature", "properties": {"assignment_id": "3003dd8f-fc82-4185-84ce-2bf1687ccf90", "latitude": 4.4378412, "longitude": 98.0166864, "kategori": "C"}, "geometry": {"type": "Point", "coordinates": [98.0166864, 4.4378412]}}, {"type": "Feature", "properties": {"assignment_id": "4f124820-710a-4c88-a0f9-7a61eb737812", "latitude": 4.4680404, "longitude": 97.9728278, "kategori": "A"}, "geometry": {"type": "Point", "coordinates": [97.9728278, 4.4680404]}}, {"type": "Feature", "properties": {"assignment_id": "91caa423-7dda-4df9-92d6-2479eb26c1b4", "latitude": 4.473746, "longitude": 97.9798393, "kategori": "G"}, "geometry": {"type": "Point", "coordinates": [97.9798393, 4.473746]}}, {"type": "Feature", "properties": {"assignment_id": "cbefa727-46bb-4c1d-8319-3ae0d5906e55", "latitude": 4.4560876, "longitude": 97.9572707, "kategori": "A"}, "geometry": {"type": "Point", "coordinates": [97.9572707, 4.4560876]}}, {"type": "Feature", "properties": {"assignment_id": "d4d333bf-f8a2-47b6-9f31-366ce1248fd7", "latitude": 4.4465693, "longitude": 97.9434527, "kategori": "A"}, "geometry": {"type": "Point", "coordinates": [97.9434527, 4.4465693]}}, {"type": "Feature", "properties": {"assignment_id": "3b66bf5c-7459-4f9e-93f0-cbc40905e4cd", "latitude": 4.4878618999999995, "longitude": 97.98047774999999, "kategori": "G"}, "geometry": {"type": "Point", "coordinates": [97.98047774999999, 4.4878618999999995]}}, {"type": "Feature", "properties": {"assignment_id": "56bcdd03-400e-4dd2-9145-18675811ab52", "latitude": 4.4419849, "longitude": 97.9735709, "kategori": "A"}, "geometry": {"type": "Point", "coordinates": [97.9735709, 4.4419849]}}, {"type": "Feature", "properties": {"assignment_id": "6d941d19-72ab-4f82-b1a4-d54649f8cbf4", "latitude": 4.4699347, "longitude": 97.97388054, "kategori": "G"}, "geometry": {"type": "Point", "coordinates": [97.97388054, 4.4699347]}}, {"type": "Feature", "properties": {"assignment_id": "1c91de38-38a6-4f09-ad30-8253a55d2b6e", "latitude": 4.47294274, "longitude": 97.97481436, "kategori": "G"}, "geometry": {"type": "Point", "coordinates": [97.97481436, 4.47294274]}}, {"type": "Feature", "properties": {"assignment_id": "633fc389-f563-4f45-8ad0-47128243c4da", "latitude": 4.4717739, "longitude": 97.9727958, "kategori": "G"}, "geometry": {"type": "Point", "coordinates": [97.9727958, 4.4717739]}}, {"type": "Feature", "properties": {"assignment_id": "97f6fd78-9171-46b6-80e8-91a3a987a46e", "latitude": 4.4544371, "longitude": 97.9786214, "kategori": "C"}, "geometry": {"type": "Point", "coordinates": [97.9786214, 4.4544371]}}, {"type": "Feature", "properties": {"assignment_id": "bbb4f8a2-e76c-4da7-a3dc-1f524d73f09f", "latitude": 4.4919683, "longitude": 97.9730779, "kategori": "O"}, "geometry": {"type": "Point", "coordinates": [97.9730779, 4.4919683]}}, {"type": "Feature", "properties": {"assignment_id": "c70a1a17-9774-49f8-9acf-96055c1e6833", "latitude": 4.478135, "longitude": 97.98398, "kategori": "A"}, "geometry": {"type": "Point", "coordinates": [97.98398, 4.478135]}}, {"type": "Feature", "properties": {"assignment_id": "ca84566f-b49e-41fb-9170-36b322f9e961", "latitude": 4.442786666666667, "longitude": 97.98605833333335, "kategori": "A"}, "geometry": {"type": "Point", "coordinates": [97.98605833333335, 4.442786666666667]}}, {"type": "Feature", "properties": {"assignment_id": "83fea067-0a6e-4384-9cc8-0da39976eafe", "latitude": 4.463012279011309, "longitude": 97.9774767626077, "kategori": "A"}, "geometry": {"type": "Point", "coordinates": [97.9774767626077, 4.463012279011309]}}, {"type": "Feature", "properties": {"assignment_id": "ba6c943d-18e2-41fe-abce-0ec70a15a825", "latitude": 4.4595658, "longitude": 97.934867, "kategori": "A"}, "geometry": {"type": "Point", "coordinates": [97.934867, 4.4595658]}}, {"type": "Feature", "properties": {"assignment_id": "142cd71e-bd8e-4b59-990d-4f763132dae8", "latitude": 4.4603537, "longitude": 97.9768663, "kategori": "G"}, "geometry": {"type": "Point", "coordinates": [97.9768663, 4.4603537]}}, {"type": "Feature", "properties": {"assignment_id": "64c601ec-97f3-4a4c-8968-a92fc4ac86f1", "latitude": 4.47035762, "longitude": 97.97400543, "kategori": "G"}, "geometry": {"type": "Point", "coordinates": [97.97400543, 4.47035762]}}, {"type": "Feature", "properties": {"assignment_id": "71b3a356-b2d3-4b33-acf9-cb55a69316f9", "latitude": 4.5019444, "longitude": 97.9563917, "kategori": "C"}, "geometry": {"type": "Point", "coordinates": [97.9563917, 4.5019444]}}, {"type": "Feature", "properties": {"assignment_id": "a3449d45-7852-4f85-b0a1-0dfeb61fed68", "latitude": 4.4935133333333335, "longitude": 97.96674833333333, "kategori": "C"}, "geometry": {"type": "Point", "coordinates": [97.96674833333333, 4.4935133333333335]}}, {"type": "Feature", "properties": {"assignment_id": "a8cff0db-ec66-4a3b-98c5-20faeb0d8b72", "latitude": 4.46818102, "longitude": 97.98271668, "kategori": "G"}, "geometry": {"type": "Point", "coordinates": [97.98271668, 4.46818102]}}, {"type": "Feature", "properties": {"assignment_id": "b6d33c89-b19f-42e7-873a-ab279a60f03d", "latitude": 4.4727308, "longitude": 97.9640662, "kategori": "N"}, "geometry": {"type": "Point", "coordinates": [97.9640662, 4.4727308]}}, {"type": "Feature", "properties": {"assignment_id": "f5be3fda-47ca-41ee-90c6-89948506c1a9", "latitude": 4.4574472, "longitude": 98.0037261, "kategori": "G"}, "geometry": {"type": "Point", "coordinates": [98.0037261, 4.4574472]}}, {"type": "Feature", "properties": {"assignment_id": "16795488-4ba4-41d6-878e-d8bae17f1f4b", "latitude": 4.489435, "longitude": 97.970525, "kategori": "A"}, "geometry": {"type": "Point", "coordinates": [97.970525, 4.489435]}}, {"type": "Feature", "properties": {"assignment_id": "d997cfc0-4120-4c4a-8c43-12f4ea2855a3", "latitude": 4.4468753, "longitude": 98.0046063, "kategori": "A"}, "geometry": {"type": "Point", "coordinates": [98.0046063, 4.4468753]}}, {"type": "Feature", "properties": {"assignment_id": "f6601e68-f2d2-4d95-8a04-b03cf31f37c4", "latitude": 4.4910008, "longitude": 97.9332033, "kategori": "G"}, "geometry": {"type": "Point", "coordinates": [97.9332033, 4.4910008]}}, {"type": "Feature", "properties": {"assignment_id": "28c91435-e617-4a3f-a27c-4caac84e5f8e", "latitude": 4.4609521, "longitude": 97.9770097, "kategori": "C"}, "geometry": {"type": "Point", "coordinates": [97.9770097, 4.4609521]}}, {"type": "Feature", "properties": {"assignment_id": "4628a117-5986-4d18-8a1f-06a4f260e4a9", "latitude": 4.5032188, "longitude": 97.9523302, "kategori": "C"}, "geometry": {"type": "Point", "coordinates": [97.9523302, 4.5032188]}}, {"type": "Feature", "properties": {"assignment_id": "4910db38-d2ba-454c-8bcd-418aa9c3187d", "latitude": 4.4684799, "longitude": 97.9736389, "kategori": "G"}, "geometry": {"type": "Point", "coordinates": [97.9736389, 4.4684799]}}, {"type": "Feature", "properties": {"assignment_id": "4db22ff2-9456-407e-a662-847d36a8c14a", "latitude": 4.449248566666666, "longitude": 97.97884823333334, "kategori": "A"}, "geometry": {"type": "Point", "coordinates": [97.97884823333334, 4.449248566666666]}}, {"type": "Feature", "properties": {"assignment_id": "9cf9bdd4-0173-40b9-a7b4-27858b569683", "latitude": 4.4444651, "longitude": 98.0155104, "kategori": "A"}, "geometry": {"type": "Point", "coordinates": [98.0155104, 4.4444651]}}, {"type": "Feature", "properties": {"assignment_id": "9e4eac2f-6bb4-428d-af3a-35c876fe52c3", "latitude": 4.4359911, "longitude": 97.9900119, "kategori": "G"}, "geometry": {"type": "Point", "coordinates": [97.9900119, 4.4359911]}}, {"type": "Feature", "properties": {"assignment_id": "bb8742fa-57e3-4fab-8eff-2dc137608f85", "latitude": 4.4652899, "longitude": 97.9585617, "kategori": "C"}, "geometry": {"type": "Point", "coordinates": [97.9585617, 4.4652899]}}, {"type": "Feature", "properties": {"assignment_id": "e2aa76cf-47dd-4125-a7b1-d14f3970677e", "latitude": 4.4373915, "longitude": 97.9896406, "kategori": "A"}, "geometry": {"type": "Point", "coordinates": [97.9896406, 4.4373915]}}, {"type": "Feature", "properties": {"assignment_id": "e2aa76cf-47dd-4125-a7b1-d14f3970677e", "latitude": 4.4373915, "longitude": 97.9896406, "kategori": "G"}, "geometry": {"type": "Point", "coordinates": [97.9896406, 4.4373915]}}, {"type": "Feature", "properties": {"assignment_id": "0632bb34-3bbb-4c25-a558-28919d1da93a", "latitude": 4.445325, "longitude": 97.9807744, "kategori": "A"}, "geometry": {"type": "Point", "coordinates": [97.9807744, 4.445325]}}, {"type": "Feature", "properties": {"assignment_id": "4e3fa6df-90f4-4b03-b963-f98014ca14d3", "latitude": 4.4699618, "longitude": 97.9744044, "kategori": "G"}, "geometry": {"type": "Point", "coordinates": [97.9744044, 4.4699618]}}, {"type": "Feature", "properties": {"assignment_id": "b92e2050-a663-41bc-9ad7-ade58209d604", "latitude": 4.437693816666667, "longitude": 98.02264301666668, "kategori": "A"}, "geometry": {"type": "Point", "coordinates": [98.02264301666668, 4.437693816666667]}}, {"type": "Feature", "properties": {"assignment_id": "0b7a7a96-c7ef-4f46-9da7-1b98431b9579", "latitude": 4.5140803, "longitude": 97.9454808, "kategori": "G"}, "geometry": {"type": "Point", "coordinates": [97.9454808, 4.5140803]}}, {"type": "Feature", "properties": {"assignment_id": "20259cfd-7f3c-4d09-ab2e-73c49b2a4a7d", "latitude": 4.4666302, "longitude": 97.9845818, "kategori": "C"}, "geometry": {"type": "Point", "coordinates": [97.9845818, 4.4666302]}}, {"type": "Feature", "properties": {"assignment_id": "686fab2a-02f5-49d2-b9d6-4a13060b0054", "latitude": 4.4780085, "longitude": 97.9446877, "kategori": "G"}, "geometry": {"type": "Point", "coordinates": [97.9446877, 4.4780085]}}, {"type": "Feature", "properties": {"assignment_id": "727f6fce-ab22-4eb6-a0c8-74e76d1c895a", "latitude": 4.4709938, "longitude": 97.9500083, "kategori": "A"}, "geometry": {"type": "Point", "coordinates": [97.9500083, 4.4709938]}}, {"type": "Feature", "properties": {"assignment_id": "d24300bf-9e47-4f6f-b1a3-1899e25d122f", "latitude": 4.44819, "longitude": 98.0040313, "kategori": "G"}, "geometry": {"type": "Point", "coordinates": [98.0040313, 4.44819]}}, {"type": "Feature", "properties": {"assignment_id": "15fc5c1f-c701-4f95-9cd4-ae508b1f7597", "latitude": 4.495423333333333, "longitude": 97.94972666666666, "kategori": "A"}, "geometry": {"type": "Point", "coordinates": [97.94972666666666, 4.495423333333333]}}, {"type": "Feature", "properties": {"assignment_id": "3a6a085c-025a-4213-9166-a24a7bfbb459", "latitude": 4.5044919, "longitude": 97.9527812, "kategori": "G"}, "geometry": {"type": "Point", "coordinates": [97.9527812, 4.5044919]}}, {"type": "Feature", "properties": {"assignment_id": "60774eae-1b01-41a3-b810-ff5128c45341", "latitude": 4.49989, "longitude": 97.97278166666668, "kategori": "C"}, "geometry": {"type": "Point", "coordinates": [97.97278166666668, 4.49989]}}, {"type": "Feature", "properties": {"assignment_id": "0122dbf3-9733-4af5-8db9-330e82853a13", "latitude": 4.51921624, "longitude": 97.94104915, "kategori": "G"}, "geometry": {"type": "Point", "coordinates": [97.94104915, 4.51921624]}}, {"type": "Feature", "properties": {"assignment_id": "0c4e7816-2f7d-4300-a2b6-8bfe8d9c5596", "latitude": 4.441730000000001, "longitude": 97.990145, "kategori": "C"}, "geometry": {"type": "Point", "coordinates": [97.990145, 4.441730000000001]}}, {"type": "Feature", "properties": {"assignment_id": "368ffe9b-34d3-4391-8e21-b76bef03fe4a", "latitude": 4.4256139, "longitude": 98.0243494, "kategori": "A"}, "geometry": {"type": "Point", "coordinates": [98.0243494, 4.4256139]}}, {"type": "Feature", "properties": {"assignment_id": "392cbb7c-373c-4684-b42f-dff903b9884a", "latitude": 4.4783697, "longitude": 97.9820269, "kategori": "A"}, "geometry": {"type": "Point", "coordinates": [97.9820269, 4.4783697]}}, {"type": "Feature", "properties": {"assignment_id": "392cbb7c-373c-4684-b42f-dff903b9884a", "latitude": 4.4783697, "longitude": 97.9820269, "kategori": "C"}, "geometry": {"type": "Point", "coordinates": [97.9820269, 4.4783697]}}, {"type": "Feature", "properties": {"assignment_id": "4c7f51c9-6f0e-4ab6-9e26-8cf2adc0d3d7", "latitude": 4.488081033333333, "longitude": 97.97020538333332, "kategori": "A"}, "geometry": {"type": "Point", "coordinates": [97.97020538333332, 4.488081033333333]}}, {"type": "Feature", "properties": {"assignment_id": "66d706c3-eb24-467c-86dd-4e697f24d33a", "latitude": 4.4614408, "longitude": 97.9369806, "kategori": "C"}, "geometry": {"type": "Point", "coordinates": [97.9369806, 4.4614408]}}, {"type": "Feature", "properties": {"assignment_id": "9558b17f-87cb-4a93-ba6c-c63164d6ea84", "latitude": 4.4616596, "longitude": 97.9794529, "kategori": "C"}, "geometry": {"type": "Point", "coordinates": [97.9794529, 4.4616596]}}, {"type": "Feature", "properties": {"assignment_id": "ca094d7f-5bec-48f9-bb88-29588245782d", "latitude": 4.4835915, "longitude": 97.9528123, "kategori": "A"}, "geometry": {"type": "Point", "coordinates": [97.9528123, 4.4835915]}}, {"type": "Feature", "properties": {"assignment_id": "e77cb7dc-709b-48fe-94ae-03709d6059c2", "latitude": 4.4417097, "longitude": 98.0164632, "kategori": "A"}, "geometry": {"type": "Point", "coordinates": [98.0164632, 4.4417097]}}, {"type": "Feature", "properties": {"assignment_id": "36dcbdc8-b03a-4b5b-9d95-9e3794536ba4", "latitude": 4.4739796, "longitude": 97.9598218, "kategori": "G"}, "geometry": {"type": "Point", "coordinates": [97.9598218, 4.4739796]}}, {"type": "Feature", "properties": {"assignment_id": "5a58e8c5-0dcb-466f-a0e9-0aa939fd588e", "latitude": 4.4808076, "longitude": 97.9444837, "kategori": "G"}, "geometry": {"type": "Point", "coordinates": [97.9444837, 4.4808076]}}, {"type": "Feature", "properties": {"assignment_id": "a1b02f2f-9c54-4acd-8239-e62e878d9aea", "latitude": 4.487311500000001, "longitude": 97.95231055, "kategori": "H"}, "geometry": {"type": "Point", "coordinates": [97.95231055, 4.487311500000001]}}, {"type": "Feature", "properties": {"assignment_id": "fcba75b0-285e-442c-a3dd-054810d5ceb1", "latitude": 4.4627171, "longitude": 97.9701098, "kategori": "G"}, "geometry": {"type": "Point", "coordinates": [97.9701098, 4.4627171]}}, {"type": "Feature", "properties": {"assignment_id": "05241d87-1639-4d71-8433-d01b7c7db55f", "latitude": 4.4605928, "longitude": 97.9896708, "kategori": "A"}, "geometry": {"type": "Point", "coordinates": [97.9896708, 4.4605928]}}, {"type": "Feature", "properties": {"assignment_id": "05241d87-1639-4d71-8433-d01b7c7db55f", "latitude": 4.4605928, "longitude": 97.9896708, "kategori": "C"}, "geometry": {"type": "Point", "coordinates": [97.9896708, 4.4605928]}}, {"type": "Feature", "properties": {"assignment_id": "538a921f-8a9c-4f9d-a007-54915917f190", "latitude": 4.46226, "longitude": 97.97258666666667, "kategori": "C"}, "geometry": {"type": "Point", "coordinates": [97.97258666666667, 4.46226]}}, {"type": "Feature", "properties": {"assignment_id": "63d52c2e-311d-41e7-89ac-41fea31e9935", "latitude": 4.474186666666666, "longitude": 97.98089833333333, "kategori": "A"}, "geometry": {"type": "Point", "coordinates": [97.98089833333333, 4.474186666666666]}}, {"type": "Feature", "properties": {"assignment_id": "63fb1b56-259f-4c46-961a-ebf3b90c10bf", "latitude": 4.4857206, "longitude": 97.9550906, "kategori": "C"}, "geometry": {"type": "Point", "coordinates": [97.9550906, 4.4857206]}}, {"type": "Feature", "properties": {"assignment_id": "68fcc7df-a44c-487f-88f5-6cb9420f4dea", "latitude": 4.471056, "longitude": 97.9739887, "kategori": "C"}, "geometry": {"type": "Point", "coordinates": [97.9739887, 4.471056]}}, {"type": "Feature", "properties": {"assignment_id": "9409d41f-0e92-4611-a477-468f0509fc94", "latitude": 4.48367348, "longitude": 97.97549075, "kategori": "G"}, "geometry": {"type": "Point", "coordinates": [97.97549075, 4.48367348]}}, {"type": "Feature", "properties": {"assignment_id": "9657451f-f228-4f1d-9349-69210dadd783", "latitude": 4.4664175, "longitude": 97.965443, "kategori": "G"}, "geometry": {"type": "Point", "coordinates": [97.965443, 4.4664175]}}, {"type": "Feature", "properties": {"assignment_id": "985c2f7e-4383-4fba-ba3a-c0d09e964323", "latitude": 4.4417049, "longitude": 98.0164663, "kategori": "A"}, "geometry": {"type": "Point", "coordinates": [98.0164663, 4.4417049]}}, {"type": "Feature", "properties": {"assignment_id": "b42f8f5b-f5f5-4ccc-bfd8-2bf471b1a940", "latitude": 4.45815572, "longitude": 97.9948256, "kategori": "G"}, "geometry": {"type": "Point", "coordinates": [97.9948256, 4.45815572]}}, {"type": "Feature", "properties": {"assignment_id": "d9948c61-350f-4c31-b234-e43bc757d069", "latitude": 4.47303908, "longitude": 97.96007297, "kategori": "C"}, "geometry": {"type": "Point", "coordinates": [97.96007297, 4.47303908]}}, {"type": "Feature", "properties": {"assignment_id": "efe77029-1df8-4dae-84bc-f7d7dbda7766", "latitude": 4.553024316666667, "longitude": 98.06437748333335, "kategori": "G"}, "geometry": {"type": "Point", "coordinates": [98.06437748333335, 4.553024316666667]}}, {"type": "Feature", "properties": {"assignment_id": "f550b158-7717-4f5f-9561-f6c2a2dbffbb", "latitude": 4.478828333333333, "longitude": 97.96949666666666, "kategori": "H"}, "geometry": {"type": "Point", "coordinates": [97.96949666666666, 4.478828333333333]}}, {"type": "Feature", "properties": {"assignment_id": "fb072063-a906-4ab3-a370-47507d9ebbe6", "latitude": 4.4557722, "longitude": 98.0064671, "kategori": "A"}, "geometry": {"type": "Point", "coordinates": [98.0064671, 4.4557722]}}, {"type": "Feature", "properties": {"assignment_id": "fbb8c3a8-2625-42bc-a7af-ea954b1aa018", "latitude": 4.4473168, "longitude": 98.0036646, "kategori": "C"}, "geometry": {"type": "Point", "coordinates": [98.0036646, 4.4473168]}}, {"type": "Feature", "properties": {"assignment_id": "ce8e848f-a881-4bae-9cce-31cce13b69b7", "latitude": 4.442130000000001, "longitude": 97.98705333333334, "kategori": "A"}, "geometry": {"type": "Point", "coordinates": [97.98705333333334, 4.442130000000001]}}, {"type": "Feature", "properties": {"assignment_id": "862b2596-3b19-4f57-aa27-1772b5930784", "latitude": 4.453068333333333, "longitude": 98.01664333333335, "kategori": "A"}, "geometry": {"type": "Point", "coordinates": [98.01664333333335, 4.453068333333333]}}, {"type": "Feature", "properties": {"assignment_id": "0a017a87-5a20-4a89-82fb-a09cbc735274", "latitude": 4.443476666666667, "longitude": 97.98697500000002, "kategori": "G"}, "geometry": {"type": "Point", "coordinates": [97.98697500000002, 4.443476666666667]}}, {"type": "Feature", "properties": {"assignment_id": "3a6eed44-3b96-4ab3-ad50-e1d3ae5ac183", "latitude": 4.445589, "longitude": 98.0023048, "kategori": "A"}, "geometry": {"type": "Point", "coordinates": [98.0023048, 4.445589]}}, {"type": "Feature", "properties": {"assignment_id": "56c07f20-e90b-4c5e-b0cb-da8f2dc0bca4", "latitude": 4.45576845, "longitude": 98.00746446666666, "kategori": "C"}, "geometry": {"type": "Point", "coordinates": [98.00746446666666, 4.45576845]}}, {"type": "Feature", "properties": {"assignment_id": "6a02dbfe-6cbc-4a07-a793-75e47b555e61", "latitude": 4.514281666666666, "longitude": 97.91131333333333, "kategori": "A"}, "geometry": {"type": "Point", "coordinates": [97.91131333333333, 4.514281666666666]}}, {"type": "Feature", "properties": {"assignment_id": "af97bb14-1284-4ce4-9379-75dfdf6dd588", "latitude": 4.4576488, "longitude": 97.9741141, "kategori": "L"}, "geometry": {"type": "Point", "coordinates": [97.9741141, 4.4576488]}}, {"type": "Feature", "properties": {"assignment_id": "d32fa630-748c-44ae-ad1b-596d8d9dcd11", "latitude": 4.4716501, "longitude": 97.9026059, "kategori": "A"}, "geometry": {"type": "Point", "coordinates": [97.9026059, 4.4716501]}}, {"type": "Feature", "properties": {"assignment_id": "d71f56f7-1f30-444e-9dbf-0950ef63ab7d", "latitude": 4.480561666666667, "longitude": 97.96960666666668, "kategori": "C"}, "geometry": {"type": "Point", "coordinates": [97.96960666666668, 4.480561666666667]}}, {"type": "Feature", "properties": {"assignment_id": "1c50aea1-b28e-4c75-b707-943206d4d175", "latitude": 4.464097861200571, "longitude": 97.96593530103564, "kategori": "C"}, "geometry": {"type": "Point", "coordinates": [97.96593530103564, 4.464097861200571]}}, {"type": "Feature", "properties": {"assignment_id": "10165981-8b78-40d2-b802-50aed5c04bb1", "latitude": 4.4655957, "longitude": 97.9536675, "kategori": "G"}, "geometry": {"type": "Point", "coordinates": [97.9536675, 4.4655957]}}, {"type": "Feature", "properties": {"assignment_id": "b178445f-e654-45f1-99ae-83885f67b305", "latitude": 4.477407, "longitude": 97.9437582, "kategori": "R"}, "geometry": {"type": "Point", "coordinates": [97.9437582, 4.477407]}}, {"type": "Feature", "properties": {"assignment_id": "f0348c82-dd51-48b2-aeb9-3dbab89ad231", "latitude": 4.45679, "longitude": 97.98397666666666, "kategori": "A"}, "geometry": {"type": "Point", "coordinates": [97.98397666666666, 4.45679]}}, {"type": "Feature", "properties": {"assignment_id": "27ce5342-fd76-4299-81ed-96418bb6ee0c", "latitude": 4.4307567, "longitude": 98.0382817, "kategori": "A"}, "geometry": {"type": "Point", "coordinates": [98.0382817, 4.4307567]}}, {"type": "Feature", "properties": {"assignment_id": "fb556310-9974-4319-a381-1d4c4a155b9f", "latitude": 4.4768365, "longitude": 97.9433334, "kategori": "A"}, "geometry": {"type": "Point", "coordinates": [97.9433334, 4.4768365]}}, {"type": "Feature", "properties": {"assignment_id": "fb556310-9974-4319-a381-1d4c4a155b9f", "latitude": 4.4768365, "longitude": 97.9433334, "kategori": "F"}, "geometry": {"type": "Point", "coordinates": [97.9433334, 4.4768365]}}, {"type": "Feature", "properties": {"assignment_id": "31415815-fde3-4e4a-a461-dd6c15d2f54a", "latitude": 4.464741666666667, "longitude": 97.93512166666666, "kategori": "A"}, "geometry": {"type": "Point", "coordinates": [97.93512166666666, 4.464741666666667]}}, {"type": "Feature", "properties": {"assignment_id": "31415815-fde3-4e4a-a461-dd6c15d2f54a", "latitude": 4.464741666666667, "longitude": 97.93512166666666, "kategori": "G"}, "geometry": {"type": "Point", "coordinates": [97.93512166666666, 4.464741666666667]}}, {"type": "Feature", "properties": {"assignment_id": "52249b18-21c6-4bfc-b35d-67eea0841a18", "latitude": 4.4460627, "longitude": 97.9977817, "kategori": "A"}, "geometry": {"type": "Point", "coordinates": [97.9977817, 4.4460627]}}, {"type": "Feature", "properties": {"assignment_id": "572a0f1c-9a39-4fd4-a6bf-5dd65436ce96", "latitude": 4.4936117, "longitude": 97.9733523, "kategori": "A"}, "geometry": {"type": "Point", "coordinates": [97.9733523, 4.4936117]}}, {"type": "Feature", "properties": {"assignment_id": "5a152b6c-23ad-4388-81f2-cf832333482d", "latitude": 4.45173448, "longitude": 98.03002882, "kategori": "A"}, "geometry": {"type": "Point", "coordinates": [98.03002882, 4.45173448]}}, {"type": "Feature", "properties": {"assignment_id": "6817b179-84dc-47e3-a737-715e154b4743", "latitude": 4.5527345, "longitude": 98.0649023, "kategori": "A"}, "geometry": {"type": "Point", "coordinates": [98.0649023, 4.5527345]}}, {"type": "Feature", "properties": {"assignment_id": "995a0769-6fbe-48dd-bef8-52c908d94436", "latitude": 4.492381666666666, "longitude": 97.97405333333333, "kategori": "A"}, "geometry": {"type": "Point", "coordinates": [97.97405333333333, 4.492381666666666]}}, {"type": "Feature", "properties": {"assignment_id": "abe81583-0bcb-4793-a2cf-bdfacf676845", "latitude": 4.4484142, "longitude": 97.9185543, "kategori": "A"}, "geometry": {"type": "Point", "coordinates": [97.9185543, 4.4484142]}}, {"type": "Feature", "properties": {"assignment_id": "abe81583-0bcb-4793-a2cf-bdfacf676845", "latitude": 4.4484142, "longitude": 97.9185543, "kategori": "G"}, "geometry": {"type": "Point", "coordinates": [97.9185543, 4.4484142]}}, {"type": "Feature", "properties": {"assignment_id": "af9e7482-abf2-4d87-8482-f2804f291afd", "latitude": 4.446444, "longitude": 97.9781426, "kategori": "A"}, "geometry": {"type": "Point", "coordinates": [97.9781426, 4.446444]}}, {"type": "Feature", "properties": {"assignment_id": "fadc1cdd-afb0-42bf-a0e7-b476be17c1bd", "latitude": 4.454924, "longitude": 98.0100234, "kategori": "C"}, "geometry": {"type": "Point", "coordinates": [98.0100234, 4.454924]}}, {"type": "Feature", "properties": {"assignment_id": "0d6de229-4337-47ac-bcf8-e57dde907ecb", "latitude": 4.5011506, "longitude": 97.9722029, "kategori": "A"}, "geometry": {"type": "Point", "coordinates": [97.9722029, 4.5011506]}}, {"type": "Feature", "properties": {"assignment_id": "dd991e8a-8f79-429d-b7f6-18da27be0829", "latitude": 4.459815000000001, "longitude": 97.97049833333334, "kategori": "C"}, "geometry": {"type": "Point", "coordinates": [97.97049833333334, 4.459815000000001]}}, {"type": "Feature", "properties": {"assignment_id": "f51f942a-6c2c-4271-9736-90baeff49e31", "latitude": 4.4619742, "longitude": 97.9399452, "kategori": "A"}, "geometry": {"type": "Point", "coordinates": [97.9399452, 4.4619742]}}, {"type": "Feature", "properties": {"assignment_id": "87829a9f-7a7e-4f71-b28a-7e7651fa9b52", "latitude": 4.4653607, "longitude": 97.9809757, "kategori": "A"}, "geometry": {"type": "Point", "coordinates": [97.9809757, 4.4653607]}}, {"type": "Feature", "properties": {"assignment_id": "1022d837-706e-4756-9f71-f05f043643d8", "latitude": 4.46641205, "longitude": 97.96322426, "kategori": "G"}, "geometry": {"type": "Point", "coordinates": [97.96322426, 4.46641205]}}, {"type": "Feature", "properties": {"assignment_id": "2ff6999c-ab27-4165-af28-f86203d0469f", "latitude": 4.4325493, "longitude": 98.0085307, "kategori": "A"}, "geometry": {"type": "Point", "coordinates": [98.0085307, 4.4325493]}}, {"type": "Feature", "properties": {"assignment_id": "35eb55f5-c914-44d1-b335-d76bd1f6434a", "latitude": 4.4625095, "longitude": 97.9775391, "kategori": "A"}, "geometry": {"type": "Point", "coordinates": [97.9775391, 4.4625095]}}, {"type": "Feature", "properties": {"assignment_id": "7f8322e3-2468-47ac-927a-f6b3aa9f4ee8", "latitude": 4.4665306, "longitude": 97.9557107, "kategori": "C"}, "geometry": {"type": "Point", "coordinates": [97.9557107, 4.4665306]}}, {"type": "Feature", "properties": {"assignment_id": "81ba8e9b-0eae-4b9a-b86d-2472a19c40c1", "latitude": 4.4300472, "longitude": 98.0235825, "kategori": "A"}, "geometry": {"type": "Point", "coordinates": [98.0235825, 4.4300472]}}, {"type": "Feature", "properties": {"assignment_id": "a6a2104e-5793-4ae9-b602-033b35707b61", "latitude": 4.4670568, "longitude": 97.9604121, "kategori": "C"}, "geometry": {"type": "Point", "coordinates": [97.9604121, 4.4670568]}}, {"type": "Feature", "properties": {"assignment_id": "faa9ee8c-2220-4ef7-8df1-b83cd5f7edd3", "latitude": 4.4687547, "longitude": 97.9741392, "kategori": "H"}, "geometry": {"type": "Point", "coordinates": [97.9741392, 4.4687547]}}, {"type": "Feature", "properties": {"assignment_id": "2fdd8c86-b760-46eb-b98e-f7f8cffcc373", "latitude": 4.4274706, "longitude": 98.0230437, "kategori": "A"}, "geometry": {"type": "Point", "coordinates": [98.0230437, 4.4274706]}}, {"type": "Feature", "properties": {"assignment_id": "4806a67a-b6d0-44d7-adf2-94d5294e2a9e", "latitude": 4.45690658, "longitude": 97.99066466, "kategori": "A"}, "geometry": {"type": "Point", "coordinates": [97.99066466, 4.45690658]}}, {"type": "Feature", "properties": {"assignment_id": "87cb7796-fedb-4470-9e26-6940dc2775aa", "latitude": 4.465588708408177, "longitude": 97.95821590349078, "kategori": "G"}, "geometry": {"type": "Point", "coordinates": [97.95821590349078, 4.465588708408177]}}, {"type": "Feature", "properties": {"assignment_id": "c3b2008c-9d33-42f1-9e72-c8f7f3e2c63a", "latitude": 4.494988333333334, "longitude": 97.94991, "kategori": "A"}, "geometry": {"type": "Point", "coordinates": [97.94991, 4.494988333333334]}}, {"type": "Feature", "properties": {"assignment_id": "868638b9-4497-4d29-a08e-67bfec1c0ea9", "latitude": 4.488626666666667, "longitude": 97.98662, "kategori": "A"}, "geometry": {"type": "Point", "coordinates": [97.98662, 4.488626666666667]}}, {"type": "Feature", "properties": {"assignment_id": "e3522a6d-af17-4886-84a3-32d18dc41c5f", "latitude": 4.4367957, "longitude": 98.0207472, "kategori": "A"}, "geometry": {"type": "Point", "coordinates": [98.0207472, 4.4367957]}}, {"type": "Feature", "properties": {"assignment_id": "097b2949-884b-4b24-a896-69531c865f06", "latitude": 4.4341474, "longitude": 97.9874172, "kategori": "A"}, "geometry": {"type": "Point", "coordinates": [97.9874172, 4.4341474]}}, {"type": "Feature", "properties": {"assignment_id": "396ed7b0-0638-43c7-a25f-4b29e21c6dbe", "latitude": 4.444519, "longitude": 98.0149868, "kategori": "A"}, "geometry": {"type": "Point", "coordinates": [98.0149868, 4.444519]}}, {"type": "Feature", "properties": {"assignment_id": "a6712a91-f8c8-4237-b1c0-c1c56c55613c", "latitude": 4.4996038, "longitude": 97.942259, "kategori": "G"}, "geometry": {"type": "Point", "coordinates": [97.942259, 4.4996038]}}, {"type": "Feature", "properties": {"assignment_id": "e179a0a4-5aed-4250-8545-6d304fcd0dbf", "latitude": 4.4719836, "longitude": 97.98444088, "kategori": "A"}, "geometry": {"type": "Point", "coordinates": [97.98444088, 4.4719836]}}, {"type": "Feature", "properties": {"assignment_id": "fdf6736a-e76b-4a49-8e4c-aee2f5154c18", "latitude": 4.4455226, "longitude": 97.9784493, "kategori": "A"}, "geometry": {"type": "Point", "coordinates": [97.9784493, 4.4455226]}}, {"type": "Feature", "properties": {"assignment_id": "e6f34546-1ad1-4cb1-8305-d33e89c8277d", "latitude": 4.4624036, "longitude": 97.9402151, "kategori": "A"}, "geometry": {"type": "Point", "coordinates": [97.9402151, 4.4624036]}}, {"type": "Feature", "properties": {"assignment_id": "20775e58-7084-4eb7-a580-5f2ffe2ae7f5", "latitude": 4.433369, "longitude": 98.0355614, "kategori": "A"}, "geometry": {"type": "Point", "coordinates": [98.0355614, 4.433369]}}, {"type": "Feature", "properties": {"assignment_id": "20775e58-7084-4eb7-a580-5f2ffe2ae7f5", "latitude": 4.433369, "longitude": 98.0355614, "kategori": "C"}, "geometry": {"type": "Point", "coordinates": [98.0355614, 4.433369]}}, {"type": "Feature", "properties": {"assignment_id": "42d196c4-22bd-439a-9b33-2216ba2dc2b0", "latitude": 4.460025, "longitude": 97.977365, "kategori": "O"}, "geometry": {"type": "Point", "coordinates": [97.977365, 4.460025]}}, {"type": "Feature", "properties": {"assignment_id": "5f1e285a-a534-4d5c-ba02-e05247b62d2d", "latitude": 4.4670276, "longitude": 97.966648, "kategori": "G"}, "geometry": {"type": "Point", "coordinates": [97.966648, 4.4670276]}}, {"type": "Feature", "properties": {"assignment_id": "9d97bbaa-bf74-4ee6-83aa-eb86c907561a", "latitude": 4.4788632, "longitude": 97.9527977, "kategori": "C"}, "geometry": {"type": "Point", "coordinates": [97.9527977, 4.4788632]}}, {"type": "Feature", "properties": {"assignment_id": "befdbdfd-1bab-4818-89cc-e22d484198e3", "latitude": 4.4690455, "longitude": 97.9435582, "kategori": "C"}, "geometry": {"type": "Point", "coordinates": [97.9435582, 4.4690455]}}, {"type": "Feature", "properties": {"assignment_id": "0b316bbd-6ff8-4c8f-b0ee-c85c5cceb51f", "latitude": 4.4952912, "longitude": 97.9529956, "kategori": "A"}, "geometry": {"type": "Point", "coordinates": [97.9529956, 4.4952912]}}, {"type": "Feature", "properties": {"assignment_id": "1d30b6bc-4f2c-4b87-9371-f411165ee9eb", "latitude": 4.431375, "longitude": 98.0147939, "kategori": "A"}, "geometry": {"type": "Point", "coordinates": [98.0147939, 4.431375]}}, {"type": "Feature", "properties": {"assignment_id": "1d30b6bc-4f2c-4b87-9371-f411165ee9eb", "latitude": 4.431375, "longitude": 98.0147939, "kategori": "F"}, "geometry": {"type": "Point", "coordinates": [98.0147939, 4.431375]}}, {"type": "Feature", "properties": {"assignment_id": "3ee5b057-fc30-4fad-b0df-699652d3304c", "latitude": 4.4722988, "longitude": 97.953327, "kategori": "A"}, "geometry": {"type": "Point", "coordinates": [97.953327, 4.4722988]}}, {"type": "Feature", "properties": {"assignment_id": "677810e1-a904-48fe-9605-7bf524042e5b", "latitude": 4.441468333333333, "longitude": 97.99146, "kategori": "F"}, "geometry": {"type": "Point", "coordinates": [97.99146, 4.441468333333333]}}, {"type": "Feature", "properties": {"assignment_id": "a41ab6b8-58ad-4d2f-9192-e53722a29ac4", "latitude": 4.5093521, "longitude": 97.9382966, "kategori": "A"}, "geometry": {"type": "Point", "coordinates": [97.9382966, 4.5093521]}}, {"type": "Feature", "properties": {"assignment_id": "ac7fd05a-8f32-4b58-ba9b-823ba3c0906a", "latitude": 4.484635, "longitude": 97.97585333333333, "kategori": "G"}, "geometry": {"type": "Point", "coordinates": [97.97585333333333, 4.484635]}}, {"type": "Feature", "properties": {"assignment_id": "d6b3b0f8-bca8-4ce4-b602-2fcfa45b18ed", "latitude": 4.47092377, "longitude": 97.98395229, "kategori": "C"}, "geometry": {"type": "Point", "coordinates": [97.98395229, 4.47092377]}}, {"type": "Feature", "properties": {"assignment_id": "e63e0b79-c41c-40bf-af65-f90720228a9a", "latitude": 4.4999528, "longitude": 97.9407981, "kategori": "G"}, "geometry": {"type": "Point", "coordinates": [97.9407981, 4.4999528]}}, {"type": "Feature", "properties": {"assignment_id": "6be2740d-48d1-4963-a6a1-1067bb003f79", "latitude": 4.4971546, "longitude": 98.0016411, "kategori": "G"}, "geometry": {"type": "Point", "coordinates": [98.0016411, 4.4971546]}}, {"type": "Feature", "properties": {"assignment_id": "7388e2ac-1d61-45bc-9da2-894041c031eb", "latitude": 4.4337333333333335, "longitude": 98.00732500000001, "kategori": "A"}, "geometry": {"type": "Point", "coordinates": [98.00732500000001, 4.4337333333333335]}}, {"type": "Feature", "properties": {"assignment_id": "7388e2ac-1d61-45bc-9da2-894041c031eb", "latitude": 4.4337333333333335, "longitude": 98.00732500000001, "kategori": "G"}, "geometry": {"type": "Point", "coordinates": [98.00732500000001, 4.4337333333333335]}}, {"type": "Feature", "properties": {"assignment_id": "a908415d-2294-4056-a04f-b76a0499f309", "latitude": 4.489533333333333, "longitude": 97.97014833333333, "kategori": "A"}, "geometry": {"type": "Point", "coordinates": [97.97014833333333, 4.489533333333333]}}, {"type": "Feature", "properties": {"assignment_id": "0e8f7dd0-046e-489e-8fb3-b9035b977aa7", "latitude": 4.464642, "longitude": 97.9724757, "kategori": "F"}, "geometry": {"type": "Point", "coordinates": [97.9724757, 4.464642]}}, {"type": "Feature", "properties": {"assignment_id": "1fc2248f-f741-492d-830c-b4b75556a0f4", "latitude": 4.448554, "longitude": 97.9183926, "kategori": "A"}, "geometry": {"type": "Point", "coordinates": [97.9183926, 4.448554]}}, {"type": "Feature", "properties": {"assignment_id": "31c2e819-f820-4ac5-aa04-474821e0b400", "latitude": 4.4784494, "longitude": 97.9419814, "kategori": "A"}, "geometry": {"type": "Point", "coordinates": [97.9419814, 4.4784494]}}, {"type": "Feature", "properties": {"assignment_id": "3911e7fc-8a64-4f92-8709-7128d0ce3d64", "latitude": 4.4960775, "longitude": 97.99449, "kategori": "C"}, "geometry": {"type": "Point", "coordinates": [97.99449, 4.4960775]}}, {"type": "Feature", "properties": {"assignment_id": "819b136d-d266-4ea3-96c2-7b651bd32d1d", "latitude": 4.477401666666666, "longitude": 97.986205, "kategori": "G"}, "geometry": {"type": "Point", "coordinates": [97.986205, 4.477401666666666]}}, {"type": "Feature", "properties": {"assignment_id": "84bb0f35-0a01-48fd-a1cb-534de3587bc6", "latitude": 4.447163, "longitude": 97.9968744, "kategori": "A"}, "geometry": {"type": "Point", "coordinates": [97.9968744, 4.447163]}}, {"type": "Feature", "properties": {"assignment_id": "85c151fb-c29d-4cf1-91ef-3f602ff3350e", "latitude": 4.4388844, "longitude": 98.0149901, "kategori": "A"}, "geometry": {"type": "Point", "coordinates": [98.0149901, 4.4388844]}}, {"type": "Feature", "properties": {"assignment_id": "9caee95a-ec24-404d-9482-9b0e3b791ef7", "latitude": 4.4471163, "longitude": 97.9435317, "kategori": "A"}, "geometry": {"type": "Point", "coordinates": [97.9435317, 4.4471163]}}, {"type": "Feature", "properties": {"assignment_id": "b6b5b204-0b17-42c0-82c6-f477127429c0", "latitude": 4.4782467, "longitude": 97.94724, "kategori": "A"}, "geometry": {"type": "Point", "coordinates": [97.94724, 4.4782467]}}, {"type": "Feature", "properties": {"assignment_id": "dece9e77-64ef-419e-af2e-c19cc84d709f", "latitude": 4.4672634126618505, "longitude": 97.95771759934723, "kategori": "A"}, "geometry": {"type": "Point", "coordinates": [97.95771759934723, 4.4672634126618505]}}, {"type": "Feature", "properties": {"assignment_id": "dece9e77-64ef-419e-af2e-c19cc84d709f", "latitude": 4.4672634126618505, "longitude": 97.95771759934723, "kategori": "C"}, "geometry": {"type": "Point", "coordinates": [97.95771759934723, 4.4672634126618505]}}, {"type": "Feature", "properties": {"assignment_id": "ec6eaa1c-3583-42a0-b1f4-7530ee4e41d0", "latitude": 4.4968301, "longitude": 97.944482, "kategori": "G"}, "geometry": {"type": "Point", "coordinates": [97.944482, 4.4968301]}}, {"type": "Feature", "properties": {"assignment_id": "fc7384d9-6728-4647-abc2-f34e4b585429", "latitude": 4.47183668, "longitude": 97.98185114, "kategori": "A"}, "geometry": {"type": "Point", "coordinates": [97.98185114, 4.47183668]}}, {"type": "Feature", "properties": {"assignment_id": "fc7384d9-6728-4647-abc2-f34e4b585429", "latitude": 4.47183668, "longitude": 97.98185114, "kategori": "G"}, "geometry": {"type": "Point", "coordinates": [97.98185114, 4.47183668]}}, {"type": "Feature", "properties": {"assignment_id": "297a90bc-4a29-474f-9ae0-5d657de52d3f", "latitude": 4.4967076, "longitude": 97.9971868, "kategori": "C"}, "geometry": {"type": "Point", "coordinates": [97.9971868, 4.4967076]}}, {"type": "Feature", "properties": {"assignment_id": "bc513b94-277a-476e-9311-bf9280aafbb5", "latitude": 4.451436016666666, "longitude": 97.9741437, "kategori": "A"}, "geometry": {"type": "Point", "coordinates": [97.9741437, 4.451436016666666]}}, {"type": "Feature", "properties": {"assignment_id": "d37c5d5f-fa93-411b-8845-a45379f29e1c", "latitude": 4.45584067, "longitude": 97.98746111, "kategori": "A"}, "geometry": {"type": "Point", "coordinates": [97.98746111, 4.45584067]}}, {"type": "Feature", "properties": {"assignment_id": "20d4a35a-1fa5-41a7-afdb-299c929371a2", "latitude": 4.4825745, "longitude": 97.9532198, "kategori": "I"}, "geometry": {"type": "Point", "coordinates": [97.9532198, 4.4825745]}}, {"type": "Feature", "properties": {"assignment_id": "391574c8-7bba-41a4-92ef-6bf2b450e5a9", "latitude": 4.4931849999999995, "longitude": 97.9549, "kategori": "T"}, "geometry": {"type": "Point", "coordinates": [97.9549, 4.4931849999999995]}}, {"type": "Feature", "properties": {"assignment_id": "391574c8-7bba-41a4-92ef-6bf2b450e5a9", "latitude": 4.4931849999999995, "longitude": 97.9549, "kategori": "G"}, "geometry": {"type": "Point", "coordinates": [97.9549, 4.4931849999999995]}}, {"type": "Feature", "properties": {"assignment_id": "be62cdd0-d204-4b6b-b121-038ae3cce87b", "latitude": 4.4698206, "longitude": 97.9742782, "kategori": "G"}, "geometry": {"type": "Point", "coordinates": [97.9742782, 4.4698206]}}, {"type": "Feature", "properties": {"assignment_id": "eb4b3a1d-508d-4aff-beb2-b1f45bb2c70a", "latitude": 4.470640233333333, "longitude": 97.93798450000001, "kategori": "A"}, "geometry": {"type": "Point", "coordinates": [97.93798450000001, 4.470640233333333]}}, {"type": "Feature", "properties": {"assignment_id": "33c2fd16-52b6-4992-b185-c45d961edf6e", "latitude": 4.440024, "longitude": 97.9746401, "kategori": "A"}, "geometry": {"type": "Point", "coordinates": [97.9746401, 4.440024]}}, {"type": "Feature", "properties": {"assignment_id": "33c2fd16-52b6-4992-b185-c45d961edf6e", "latitude": 4.440024, "longitude": 97.9746401, "kategori": "F"}, "geometry": {"type": "Point", "coordinates": [97.9746401, 4.440024]}}, {"type": "Feature", "properties": {"assignment_id": "39f51718-2d9b-4ae7-bb5c-0a8c80a848dc", "latitude": 4.4640093, "longitude": 97.9734111, "kategori": "G"}, "geometry": {"type": "Point", "coordinates": [97.9734111, 4.4640093]}}, {"type": "Feature", "properties": {"assignment_id": "3fbd9d1a-bc99-48bc-af45-6383d7218d1e", "latitude": 4.46588, "longitude": 97.93708833333334, "kategori": "A"}, "geometry": {"type": "Point", "coordinates": [97.93708833333334, 4.46588]}}, {"type": "Feature", "properties": {"assignment_id": "5718a743-49f1-44ee-acba-897fb0ea8a48", "latitude": 4.4617283, "longitude": 97.9682257, "kategori": "A"}, "geometry": {"type": "Point", "coordinates": [97.9682257, 4.4617283]}}, {"type": "Feature", "properties": {"assignment_id": "5af87ca5-3ef2-4460-a718-343318357ace", "latitude": 4.44918573, "longitude": 98.01741375, "kategori": "A"}, "geometry": {"type": "Point", "coordinates": [98.01741375, 4.44918573]}}, {"type": "Feature", "properties": {"assignment_id": "5af87ca5-3ef2-4460-a718-343318357ace", "latitude": 4.44918573, "longitude": 98.01741375, "kategori": "F"}, "geometry": {"type": "Point", "coordinates": [98.01741375, 4.44918573]}}, {"type": "Feature", "properties": {"assignment_id": "69a42317-e3ab-4b02-b6df-33a1c961ff88", "latitude": 4.4522336, "longitude": 98.0096653, "kategori": "G"}, "geometry": {"type": "Point", "coordinates": [98.0096653, 4.4522336]}}, {"type": "Feature", "properties": {"assignment_id": "aff4e0d4-eced-4040-93bf-c972aabf5dc2", "latitude": 4.4547223, "longitude": 98.0005607, "kategori": "C"}, "geometry": {"type": "Point", "coordinates": [98.0005607, 4.4547223]}}, {"type": "Feature", "properties": {"assignment_id": "ccd000e9-50a5-4175-a176-d24decbb4fbe", "latitude": 4.4299387, "longitude": 98.0234351, "kategori": "A"}, "geometry": {"type": "Point", "coordinates": [98.0234351, 4.4299387]}}, {"type": "Feature", "properties": {"assignment_id": "cecb2ca8-73cf-4e73-ba5a-c2d99cf1867f", "latitude": 4.4546037, "longitude": 98.0170978, "kategori": "A"}, "geometry": {"type": "Point", "coordinates": [98.0170978, 4.4546037]}}, {"type": "Feature", "properties": {"assignment_id": "781fd12e-5837-4bf9-a8f1-7211a2ef4527", "latitude": 4.4769023, "longitude": 97.9852454, "kategori": "G"}, "geometry": {"type": "Point", "coordinates": [97.9852454, 4.4769023]}}, {"type": "Feature", "properties": {"assignment_id": "86596039-0292-499a-8fe0-b553eb137c5f", "latitude": 4.4466054, "longitude": 97.9449181, "kategori": "A"}, "geometry": {"type": "Point", "coordinates": [97.9449181, 4.4466054]}}, {"type": "Feature", "properties": {"assignment_id": "aa3ba059-878f-4f57-82ec-fee1f568b321", "latitude": 4.470618333333333, "longitude": 97.93354166666668, "kategori": "A"}, "geometry": {"type": "Point", "coordinates": [97.93354166666668, 4.470618333333333]}}, {"type": "Feature", "properties": {"assignment_id": "aa3ba059-878f-4f57-82ec-fee1f568b321", "latitude": 4.470618333333333, "longitude": 97.93354166666668, "kategori": "F"}, "geometry": {"type": "Point", "coordinates": [97.93354166666668, 4.470618333333333]}}, {"type": "Feature", "properties": {"assignment_id": "4d890e1e-c5e9-4679-869b-e39e71a12c2e", "latitude": 4.4665178, "longitude": 97.9846218, "kategori": "G"}, "geometry": {"type": "Point", "coordinates": [97.9846218, 4.4665178]}}, {"type": "Feature", "properties": {"assignment_id": "b1792cc7-04ff-4a7e-92ab-379e5708d3a0", "latitude": 4.4652039, "longitude": 97.9574376, "kategori": "G"}, "geometry": {"type": "Point", "coordinates": [97.9574376, 4.4652039]}}, {"type": "Feature", "properties": {"assignment_id": "fcaff63d-67a5-4861-8d4b-117c28dd198d", "latitude": 4.4399238, "longitude": 97.9700235, "kategori": "C"}, "geometry": {"type": "Point", "coordinates": [97.9700235, 4.4399238]}}, {"type": "Feature", "properties": {"assignment_id": "2b4d55b7-c745-486c-b201-5d1139aca141", "latitude": 4.4535361, "longitude": 98.03012612, "kategori": "A"}, "geometry": {"type": "Point", "coordinates": [98.03012612, 4.4535361]}}, {"type": "Feature", "properties": {"assignment_id": "b9a9a8c2-1c08-409a-9102-f36c9f13053b", "latitude": 4.5030714, "longitude": 97.9697827, "kategori": "C"}, "geometry": {"type": "Point", "coordinates": [97.9697827, 4.5030714]}}, {"type": "Feature", "properties": {"assignment_id": "07f25a40-0703-44d7-a690-01c42300937a", "latitude": 4.4443712, "longitude": 98.0155498, "kategori": "A"}, "geometry": {"type": "Point", "coordinates": [98.0155498, 4.4443712]}}, {"type": "Feature", "properties": {"assignment_id": "2c609163-27d6-4b2b-bf20-7059ac7cbc6d", "latitude": 4.47780469, "longitude": 97.9430848, "kategori": "A"}, "geometry": {"type": "Point", "coordinates": [97.9430848, 4.47780469]}}, {"type": "Feature", "properties": {"assignment_id": "6a7df65a-3289-43b8-9a51-a82daf02e019", "latitude": 4.4802349999999995, "longitude": 97.96356333333333, "kategori": "A"}, "geometry": {"type": "Point", "coordinates": [97.96356333333333, 4.4802349999999995]}}, {"type": "Feature", "properties": {"assignment_id": "6b322d10-2274-47cb-8775-4df377ba3c0d", "latitude": 4.461285, "longitude": 97.976995, "kategori": "H"}, "geometry": {"type": "Point", "coordinates": [97.976995, 4.461285]}}, {"type": "Feature", "properties": {"assignment_id": "96796220-b21d-4b49-92e2-e5a0682192c1", "latitude": 4.4464569, "longitude": 98.0080377, "kategori": "A"}, "geometry": {"type": "Point", "coordinates": [98.0080377, 4.4464569]}}, {"type": "Feature", "properties": {"assignment_id": "96796220-b21d-4b49-92e2-e5a0682192c1", "latitude": 4.4464569, "longitude": 98.0080377, "kategori": "C"}, "geometry": {"type": "Point", "coordinates": [98.0080377, 4.4464569]}}, {"type": "Feature", "properties": {"assignment_id": "97892781-410b-4063-be8c-a84eff124d5e", "latitude": 4.4388408, "longitude": 98.012457, "kategori": "G"}, "geometry": {"type": "Point", "coordinates": [98.012457, 4.4388408]}}, {"type": "Feature", "properties": {"assignment_id": "6078af1a-ba75-45d6-9eb9-0173ba381be9", "latitude": 4.4867138, "longitude": 97.9270436, "kategori": "A"}, "geometry": {"type": "Point", "coordinates": [97.9270436, 4.4867138]}}, {"type": "Feature", "properties": {"assignment_id": "f613c9e4-2968-4f45-9055-25bbfcca58ff", "latitude": 4.472624, "longitude": 97.9644312, "kategori": "G"}, "geometry": {"type": "Point", "coordinates": [97.9644312, 4.472624]}}, {"type": "Feature", "properties": {"assignment_id": "08216a3e-f61a-4319-8a03-d60aee13165b", "latitude": 4.502485, "longitude": 97.9637783, "kategori": "G"}, "geometry": {"type": "Point", "coordinates": [97.9637783, 4.502485]}}, {"type": "Feature", "properties": {"assignment_id": "1b0cefcc-3661-46b9-aace-71a6674f9e56", "latitude": 4.4979383, "longitude": 97.9450967, "kategori": "G"}, "geometry": {"type": "Point", "coordinates": [97.9450967, 4.4979383]}}, {"type": "Feature", "properties": {"assignment_id": "4c987dc9-9bb5-4a43-a89a-258c78744906", "latitude": 4.46540306, "longitude": 97.96293186, "kategori": "G"}, "geometry": {"type": "Point", "coordinates": [97.96293186, 4.46540306]}}, {"type": "Feature", "properties": {"assignment_id": "5f3f2196-4798-4268-8e69-ecf135df343b", "latitude": 4.4641687, "longitude": 97.9043565, "kategori": "A"}, "geometry": {"type": "Point", "coordinates": [97.9043565, 4.4641687]}}, {"type": "Feature", "properties": {"assignment_id": "699bb79e-95f3-4188-aa02-ad7a055e7b60", "latitude": 4.51827314, "longitude": 97.94100526, "kategori": "A"}, "geometry": {"type": "Point", "coordinates": [97.94100526, 4.51827314]}}, {"type": "Feature", "properties": {"assignment_id": "69c9794e-3b20-4ac8-964d-7d01fa3ee9a6", "latitude": 4.4735788, "longitude": 97.9666797, "kategori": "G"}, "geometry": {"type": "Point", "coordinates": [97.9666797, 4.4735788]}}, {"type": "Feature", "properties": {"assignment_id": "92dd6a60-eae9-48f1-9fc1-07a956324c94", "latitude": 4.5222217, "longitude": 97.9399967, "kategori": "G"}, "geometry": {"type": "Point", "coordinates": [97.9399967, 4.5222217]}}, {"type": "Feature", "properties": {"assignment_id": "c5affc4b-5114-449b-9975-85be8abfe36a", "latitude": 4.4341517, "longitude": 98.0238933, "kategori": "A"}, "geometry": {"type": "Point", "coordinates": [98.0238933, 4.4341517]}}, {"type": "Feature", "properties": {"assignment_id": "20b3b44e-de74-4121-a77a-92f2282fffc9", "latitude": 4.44669789, "longitude": 98.02956008, "kategori": "A"}, "geometry": {"type": "Point", "coordinates": [98.02956008, 4.44669789]}}, {"type": "Feature", "properties": {"assignment_id": "c1dc60e9-2df0-4f64-94d4-93249d29f23e", "latitude": 4.470238333333333, "longitude": 97.93388833333331, "kategori": "C"}, "geometry": {"type": "Point", "coordinates": [97.93388833333331, 4.470238333333333]}}, {"type": "Feature", "properties": {"assignment_id": "c49ca461-cd07-48d9-90b8-ef601308f541", "latitude": 4.443178333333334, "longitude": 97.98716166666667, "kategori": "A"}, "geometry": {"type": "Point", "coordinates": [97.98716166666667, 4.443178333333334]}}, {"type": "Feature", "properties": {"assignment_id": "e1e798f0-3f3b-4f6b-867d-7303c78cc1d9", "latitude": 4.4771856, "longitude": 97.9393975, "kategori": "G"}, "geometry": {"type": "Point", "coordinates": [97.9393975, 4.4771856]}}, {"type": "Feature", "properties": {"assignment_id": "07a08e42-62ff-49ab-92eb-5002eb78ec36", "latitude": 4.4826333, "longitude": 97.9577083, "kategori": "A"}, "geometry": {"type": "Point", "coordinates": [97.9577083, 4.4826333]}}, {"type": "Feature", "properties": {"assignment_id": "3ffe1a4c-2366-4a54-ba8d-9df7244f19dd", "latitude": 4.444348483333333, "longitude": 97.93982241666666, "kategori": "A"}, "geometry": {"type": "Point", "coordinates": [97.93982241666666, 4.444348483333333]}}, {"type": "Feature", "properties": {"assignment_id": "5e8d4613-1387-465e-a77d-beb3fd56625f", "latitude": 4.51969878, "longitude": 97.9409586, "kategori": "G"}, "geometry": {"type": "Point", "coordinates": [97.9409586, 4.51969878]}}, {"type": "Feature", "properties": {"assignment_id": "c175521b-a176-4981-96c9-449449fb8f42", "latitude": 4.49296, "longitude": 97.97627333333334, "kategori": "C"}, "geometry": {"type": "Point", "coordinates": [97.97627333333334, 4.49296]}}, {"type": "Feature", "properties": {"assignment_id": "c1da193e-c371-481c-9351-e29ba1f6aaeb", "latitude": 4.467056666666666, "longitude": 97.93273333333333, "kategori": "A"}, "geometry": {"type": "Point", "coordinates": [97.93273333333333, 4.467056666666666]}}, {"type": "Feature", "properties": {"assignment_id": "ccf31546-1824-43e2-8346-19d167fa5b99", "latitude": 4.478841783333333, "longitude": 97.97951351666667, "kategori": "A"}, "geometry": {"type": "Point", "coordinates": [97.97951351666667, 4.478841783333333]}}, {"type": "Feature", "properties": {"assignment_id": "9fd14c89-7825-4003-b924-5e9031268afd", "latitude": 4.466191666666666, "longitude": 97.95637333333335, "kategori": "A"}, "geometry": {"type": "Point", "coordinates": [97.95637333333335, 4.466191666666666]}}, {"type": "Feature", "properties": {"assignment_id": "c331a14b-96de-45b0-8566-92b3bbc66fa1", "latitude": 4.468845, "longitude": 97.97886666666666, "kategori": "H"}, "geometry": {"type": "Point", "coordinates": [97.97886666666666, 4.468845]}}, {"type": "Feature", "properties": {"assignment_id": "1803f5a3-0cbc-4146-b1c8-c5c2183368ec", "latitude": 4.46063, "longitude": 97.9944751, "kategori": "C"}, "geometry": {"type": "Point", "coordinates": [97.9944751, 4.46063]}}, {"type": "Feature", "properties": {"assignment_id": "1774e79b-4c96-44e2-95ba-9ea834f9bbb8", "latitude": 4.4892704, "longitude": 97.9571551, "kategori": "C"}, "geometry": {"type": "Point", "coordinates": [97.9571551, 4.4892704]}}, {"type": "Feature", "properties": {"assignment_id": "72975495-4fe3-402c-84c3-197d6d91955f", "latitude": 4.4658878, "longitude": 97.9869628, "kategori": "A"}, "geometry": {"type": "Point", "coordinates": [97.9869628, 4.4658878]}}, {"type": "Feature", "properties": {"assignment_id": "b82aa3fb-8772-4839-8f73-59490ffece1e", "latitude": 4.468639, "longitude": 97.9322449, "kategori": "A"}, "geometry": {"type": "Point", "coordinates": [97.9322449, 4.468639]}}, {"type": "Feature", "properties": {"assignment_id": "c371d049-1ee2-44ad-8427-673676991c7b", "latitude": 4.4288172, "longitude": 98.0249099, "kategori": "A"}, "geometry": {"type": "Point", "coordinates": [98.0249099, 4.4288172]}}, {"type": "Feature", "properties": {"assignment_id": "d16171d4-6702-4222-a4c3-1f06798967c7", "latitude": 4.4362729, "longitude": 97.9974134, "kategori": "A"}, "geometry": {"type": "Point", "coordinates": [97.9974134, 4.4362729]}}, {"type": "Feature", "properties": {"assignment_id": "e16e997f-4486-42ed-9491-d756080b95fc", "latitude": 4.44856962, "longitude": 98.02917131, "kategori": "A"}, "geometry": {"type": "Point", "coordinates": [98.02917131, 4.44856962]}}, {"type": "Feature", "properties": {"assignment_id": "f7cfe341-3381-40f1-ae46-809671888fd2", "latitude": 4.4405772, "longitude": 97.9726177, "kategori": "A"}, "geometry": {"type": "Point", "coordinates": [97.9726177, 4.4405772]}}, {"type": "Feature", "properties": {"assignment_id": "f89e1060-cf33-4fde-8f16-c3d7be2de8a9", "latitude": 4.45053855, "longitude": 97.97668136666668, "kategori": "A"}, "geometry": {"type": "Point", "coordinates": [97.97668136666668, 4.45053855]}}, {"type": "Feature", "properties": {"assignment_id": "48993b15-7fc4-4cf0-b42b-33fbbcda2f6a", "latitude": 4.476023633033037, "longitude": 97.98622897826135, "kategori": "A"}, "geometry": {"type": "Point", "coordinates": [97.98622897826135, 4.476023633033037]}}, {"type": "Feature", "properties": {"assignment_id": "12599bd7-e38e-42d4-9f02-1529dd3a5f15", "latitude": 4.4665306, "longitude": 97.9557107, "kategori": "H"}, "geometry": {"type": "Point", "coordinates": [97.9557107, 4.4665306]}}, {"type": "Feature", "properties": {"assignment_id": "12599bd7-e38e-42d4-9f02-1529dd3a5f15", "latitude": 4.4665306, "longitude": 97.9557107, "kategori": "C"}, "geometry": {"type": "Point", "coordinates": [97.9557107, 4.4665306]}}, {"type": "Feature", "properties": {"assignment_id": "12599bd7-e38e-42d4-9f02-1529dd3a5f15", "latitude": 4.4665306, "longitude": 97.9557107, "kategori": "G"}, "geometry": {"type": "Point", "coordinates": [97.9557107, 4.4665306]}}, {"type": "Feature", "properties": {"assignment_id": "3e08ed70-de17-41ff-8cf8-2cc46be1eb71", "latitude": 4.45385045, "longitude": 98.00993563333334, "kategori": "A"}, "geometry": {"type": "Point", "coordinates": [98.00993563333334, 4.45385045]}}, {"type": "Feature", "properties": {"assignment_id": "551ad846-b067-45c1-b5fa-d1cf19cf876c", "latitude": 4.4932919, "longitude": 97.94553, "kategori": "F"}, "geometry": {"type": "Point", "coordinates": [97.94553, 4.4932919]}}, {"type": "Feature", "properties": {"assignment_id": "6abad715-f012-4675-a5b2-e504278eba45", "latitude": 4.4554849999999995, "longitude": 97.97810333333334, "kategori": "H"}, "geometry": {"type": "Point", "coordinates": [97.97810333333334, 4.4554849999999995]}}, {"type": "Feature", "properties": {"assignment_id": "8a34c1ab-8167-41a2-a12e-f80231981883", "latitude": 4.490928333333333, "longitude": 97.95903000000001, "kategori": "A"}, "geometry": {"type": "Point", "coordinates": [97.95903000000001, 4.490928333333333]}}, {"type": "Feature", "properties": {"assignment_id": "9f289efa-45b5-4132-9b95-4100853c1348", "latitude": 4.5522882, "longitude": 98.0655156, "kategori": "G"}, "geometry": {"type": "Point", "coordinates": [98.0655156, 4.5522882]}}, {"type": "Feature", "properties": {"assignment_id": "a51cea6f-df30-4a0a-b956-77545f29851e", "latitude": 4.458929, "longitude": 97.9843698, "kategori": "G"}, "geometry": {"type": "Point", "coordinates": [97.9843698, 4.458929]}}, {"type": "Feature", "properties": {"assignment_id": "a51cea6f-df30-4a0a-b956-77545f29851e", "latitude": 4.458929, "longitude": 97.9843698, "kategori": "E"}, "geometry": {"type": "Point", "coordinates": [97.9843698, 4.458929]}}, {"type": "Feature", "properties": {"assignment_id": "b311c4a2-a8c9-4a7a-8d18-b3b46270acf8", "latitude": 4.47847313, "longitude": 97.94489322, "kategori": "F"}, "geometry": {"type": "Point", "coordinates": [97.94489322, 4.47847313]}}, {"type": "Feature", "properties": {"assignment_id": "b62b80d9-5885-44a3-8273-ba95500acc39", "latitude": 4.454461666666666, "longitude": 97.98097666666666, "kategori": "C"}, "geometry": {"type": "Point", "coordinates": [97.98097666666666, 4.454461666666666]}}, {"type": "Feature", "properties": {"assignment_id": "ce0b8ab0-396d-494b-8471-f19f86e5575d", "latitude": 4.4758944, "longitude": 97.9748978, "kategori": "A"}, "geometry": {"type": "Point", "coordinates": [97.9748978, 4.4758944]}}, {"type": "Feature", "properties": {"assignment_id": "dc9427c4-695b-4c51-baa4-1bffdd29f99d", "latitude": 4.4733064, "longitude": 97.9379484, "kategori": "A"}, "geometry": {"type": "Point", "coordinates": [97.9379484, 4.4733064]}}, {"type": "Feature", "properties": {"assignment_id": "9f492cde-2cb9-4004-bdf9-48ffc3f15de7", "latitude": 4.4769016, "longitude": 97.9851122, "kategori": "A"}, "geometry": {"type": "Point", "coordinates": [97.9851122, 4.4769016]}}, {"type": "Feature", "properties": {"assignment_id": "c70c12be-d801-48a8-bfa1-deb1f5a7fbe0", "latitude": 4.5053269, "longitude": 97.9663696, "kategori": "A"}, "geometry": {"type": "Point", "coordinates": [97.9663696, 4.5053269]}}, {"type": "Feature", "properties": {"assignment_id": "1425127c-feb7-49c0-bc54-849e24946001", "latitude": 4.465833333333333, "longitude": 97.92960999999998, "kategori": "G"}, "geometry": {"type": "Point", "coordinates": [97.92960999999998, 4.465833333333333]}}, {"type": "Feature", "properties": {"assignment_id": "4c239136-629c-463d-925b-bb511e90d714", "latitude": 4.510718333333333, "longitude": 98.01088166666665, "kategori": "A"}, "geometry": {"type": "Point", "coordinates": [98.01088166666665, 4.510718333333333]}}, {"type": "Feature", "properties": {"assignment_id": "585fc0d4-6ca0-4c41-a23e-1b6bb7b53a40", "latitude": 4.4910774, "longitude": 97.9718951, "kategori": "C"}, "geometry": {"type": "Point", "coordinates": [97.9718951, 4.4910774]}}, {"type": "Feature", "properties": {"assignment_id": "7f8bd15f-9639-4fb0-a9f9-289afc1a41bb", "latitude": 4.46534018, "longitude": 97.96277422, "kategori": "C"}, "geometry": {"type": "Point", "coordinates": [97.96277422, 4.46534018]}}, {"type": "Feature", "properties": {"assignment_id": "b8da53df-89a0-4a1e-b629-5d3a3833bbe6", "latitude": 4.48679, "longitude": 97.9344204, "kategori": "A"}, "geometry": {"type": "Point", "coordinates": [97.9344204, 4.48679]}}, {"type": "Feature", "properties": {"assignment_id": "f516090c-b11a-4e53-8dc3-18954408fe0c", "latitude": 4.4355859, "longitude": 97.9894488, "kategori": "A"}, "geometry": {"type": "Point", "coordinates": [97.9894488, 4.4355859]}}, {"type": "Feature", "properties": {"assignment_id": "d197968d-d582-4134-a6b4-012c298d5595", "latitude": 4.500328, "longitude": 97.9672348, "kategori": "C"}, "geometry": {"type": "Point", "coordinates": [97.9672348, 4.500328]}}, {"type": "Feature", "properties": {"assignment_id": "ab644bc3-59a9-4c35-9ec1-0cf6072970bf", "latitude": 4.42737352, "longitude": 98.02222407, "kategori": "A"}, "geometry": {"type": "Point", "coordinates": [98.02222407, 4.42737352]}}, {"type": "Feature", "properties": {"assignment_id": "95849006-113f-4f2e-8344-d8974a6cc4ab", "latitude": 4.4431411, "longitude": 97.976732, "kategori": "A"}, "geometry": {"type": "Point", "coordinates": [97.976732, 4.4431411]}}, {"type": "Feature", "properties": {"assignment_id": "95849006-113f-4f2e-8344-d8974a6cc4ab", "latitude": 4.4431411, "longitude": 97.976732, "kategori": "C"}, "geometry": {"type": "Point", "coordinates": [97.976732, 4.4431411]}}, {"type": "Feature", "properties": {"assignment_id": "b5218df3-eda3-4816-8f22-4056013a5a6d", "latitude": 4.4794418, "longitude": 97.96849, "kategori": "C"}, "geometry": {"type": "Point", "coordinates": [97.96849, 4.4794418]}}, {"type": "Feature", "properties": {"assignment_id": "ca78319a-e953-4b8e-9786-5b28473f550a", "latitude": 4.510052986443043, "longitude": 97.94233253225684, "kategori": "A"}, "geometry": {"type": "Point", "coordinates": [97.94233253225684, 4.510052986443043]}}, {"type": "Feature", "properties": {"assignment_id": "ee839be9-ea87-4085-94e1-4a50c85c8adb", "latitude": 4.4624135, "longitude": 97.9751938, "kategori": "C"}, "geometry": {"type": "Point", "coordinates": [97.9751938, 4.4624135]}}, {"type": "Feature", "properties": {"assignment_id": "99a7286d-ab05-4e4f-a6dd-ff68ddc1abb4", "latitude": 4.4866181, "longitude": 97.96453791666666, "kategori": "A"}, "geometry": {"type": "Point", "coordinates": [97.96453791666666, 4.4866181]}}, {"type": "Feature", "properties": {"assignment_id": "17afb9c8-445f-42de-aee4-ae638802460f", "latitude": 4.4765596, "longitude": 97.9778115, "kategori": "C"}, "geometry": {"type": "Point", "coordinates": [97.9778115, 4.4765596]}}, {"type": "Feature", "properties": {"assignment_id": "897c424e-3951-468a-9a72-0fb98cb04d81", "latitude": 4.490215, "longitude": 97.95822666666666, "kategori": "A"}, "geometry": {"type": "Point", "coordinates": [97.95822666666666, 4.490215]}}, {"type": "Feature", "properties": {"assignment_id": "d7f95878-880f-45d5-963e-86259140b6d0", "latitude": 4.4442867, "longitude": 97.93974326666667, "kategori": "A"}, "geometry": {"type": "Point", "coordinates": [97.93974326666667, 4.4442867]}}, {"type": "Feature", "properties": {"assignment_id": "e2aa9d83-091f-4d54-b264-fd107735bb92", "latitude": 4.482828333333333, "longitude": 97.96895666666666, "kategori": "F"}, "geometry": {"type": "Point", "coordinates": [97.96895666666666, 4.482828333333333]}}, {"type": "Feature", "properties": {"assignment_id": "f2b8c21c-d7bb-4b9a-a1fa-a4a8c3dca82b", "latitude": 4.494108333333333, "longitude": 97.97413, "kategori": "A"}, "geometry": {"type": "Point", "coordinates": [97.97413, 4.494108333333333]}}, {"type": "Feature", "properties": {"assignment_id": "340f4719-5992-43b5-856b-6fe580980100", "latitude": 4.46822335, "longitude": 97.98332595, "kategori": "C"}, "geometry": {"type": "Point", "coordinates": [97.98332595, 4.46822335]}}, {"type": "Feature", "properties": {"assignment_id": "4b53fe30-980a-4230-9929-2923d4ebd556", "latitude": 4.4302388, "longitude": 98.0325689, "kategori": "A"}, "geometry": {"type": "Point", "coordinates": [98.0325689, 4.4302388]}}, {"type": "Feature", "properties": {"assignment_id": "20c73d00-995d-4e85-9edd-a082950896a8", "latitude": 4.430855, "longitude": 98.0391417, "kategori": "A"}, "geometry": {"type": "Point", "coordinates": [98.0391417, 4.430855]}}, {"type": "Feature", "properties": {"assignment_id": "a2323a45-772d-4ad6-896f-47279a9e67ac", "latitude": 4.4989345, "longitude": 97.9605315, "kategori": "G"}, "geometry": {"type": "Point", "coordinates": [97.9605315, 4.4989345]}}, {"type": "Feature", "properties": {"assignment_id": "88c5d5c4-eb55-49af-a8c5-4bd2f76509f6", "latitude": 4.505565, "longitude": 97.9658589, "kategori": "A"}, "geometry": {"type": "Point", "coordinates": [97.9658589, 4.505565]}}, {"type": "Feature", "properties": {"assignment_id": "b48bd465-c16a-49df-b884-48b067e43718", "latitude": 4.4617229, "longitude": 97.9678708, "kategori": "A"}, "geometry": {"type": "Point", "coordinates": [97.9678708, 4.4617229]}}, {"type": "Feature", "properties": {"assignment_id": "72c585bc-96f7-4a88-b359-ac32de29f176", "latitude": 4.4488293, "longitude": 97.9758783, "kategori": "A"}, "geometry": {"type": "Point", "coordinates": [97.9758783, 4.4488293]}}, {"type": "Feature", "properties": {"assignment_id": "0289b8b8-ed36-4b92-a0f1-ff8d2181d880", "latitude": 4.4320717, "longitude": 98.0400167, "kategori": "C"}, "geometry": {"type": "Point", "coordinates": [98.0400167, 4.4320717]}}, {"type": "Feature", "properties": {"assignment_id": "0289b8b8-ed36-4b92-a0f1-ff8d2181d880", "latitude": 4.4320717, "longitude": 98.0400167, "kategori": "G"}, "geometry": {"type": "Point", "coordinates": [98.0400167, 4.4320717]}}, {"type": "Feature", "properties": {"assignment_id": "0e875fdf-a638-4db4-90f3-8dd6a6faad82", "latitude": 4.4766327, "longitude": 97.9841789, "kategori": "A"}, "geometry": {"type": "Point", "coordinates": [97.9841789, 4.4766327]}}, {"type": "Feature", "properties": {"assignment_id": "2398815c-a5c3-4f47-8b2f-c5a04e841d98", "latitude": 4.4791463, "longitude": 97.9809675, "kategori": "G"}, "geometry": {"type": "Point", "coordinates": [97.9809675, 4.4791463]}}, {"type": "Feature", "properties": {"assignment_id": "b8c91ee5-868b-440a-bf96-426715e43751", "latitude": 4.48106955, "longitude": 97.97911635, "kategori": "A"}, "geometry": {"type": "Point", "coordinates": [97.97911635, 4.48106955]}}, {"type": "Feature", "properties": {"assignment_id": "ed59d65c-f51a-4bc5-820e-449e5fb7028e", "latitude": 4.4609301, "longitude": 97.9816283, "kategori": "A"}, "geometry": {"type": "Point", "coordinates": [97.9816283, 4.4609301]}}, {"type": "Feature", "properties": {"assignment_id": "eee9218b-d505-4e2c-8066-6e5d69fdbfb4", "latitude": 4.4750981, "longitude": 97.9663777, "kategori": "G"}, "geometry": {"type": "Point", "coordinates": [97.9663777, 4.4750981]}}, {"type": "Feature", "properties": {"assignment_id": "f714d0be-78ac-438c-8bf3-ad607b2ef7a9", "latitude": 4.4982575, "longitude": 97.9499779, "kategori": "F"}, "geometry": {"type": "Point", "coordinates": [97.9499779, 4.4982575]}}, {"type": "Feature", "properties": {"assignment_id": "f49ee54a-7f7b-4493-81bb-1d13a06b6d5a", "latitude": 4.4474507, "longitude": 97.9767113, "kategori": "C"}, "geometry": {"type": "Point", "coordinates": [97.9767113, 4.4474507]}}, {"type": "Feature", "properties": {"assignment_id": "11a3b302-d353-4bb1-9140-8c3c9b9f7b9d", "latitude": 4.439406, "longitude": 97.9712652, "kategori": "A"}, "geometry": {"type": "Point", "coordinates": [97.9712652, 4.439406]}}, {"type": "Feature", "properties": {"assignment_id": "21e7d089-aaf0-413a-a021-78c112a6036b", "latitude": 4.4478855, "longitude": 97.938487, "kategori": "A"}, "geometry": {"type": "Point", "coordinates": [97.938487, 4.4478855]}}, {"type": "Feature", "properties": {"assignment_id": "773b7cb5-7c32-42b8-8806-703e90c40fd9", "latitude": 4.4351486, "longitude": 98.0085969, "kategori": "G"}, "geometry": {"type": "Point", "coordinates": [98.0085969, 4.4351486]}}, {"type": "Feature", "properties": {"assignment_id": "7d6e31cd-d1ce-47e5-b5ea-62cc5dae9a13", "latitude": 4.4581, "longitude": 97.97289166666665, "kategori": "G"}, "geometry": {"type": "Point", "coordinates": [97.97289166666665, 4.4581]}}, {"type": "Feature", "properties": {"assignment_id": "8122aedc-a60a-49f3-8888-98062914d9a9", "latitude": 4.4716700000000005, "longitude": 97.90227833333331, "kategori": "A"}, "geometry": {"type": "Point", "coordinates": [97.90227833333331, 4.4716700000000005]}}, {"type": "Feature", "properties": {"assignment_id": "a79c40f5-0544-483b-865d-0a5ce0a6d1d6", "latitude": 4.44888158, "longitude": 98.02045669, "kategori": "A"}, "geometry": {"type": "Point", "coordinates": [98.02045669, 4.44888158]}}, {"type": "Feature", "properties": {"assignment_id": "cdc50b5c-9e1a-42f9-8225-941a0ad31783", "latitude": 4.4624599, "longitude": 97.9404054, "kategori": "A"}, "geometry": {"type": "Point", "coordinates": [97.9404054, 4.4624599]}}, {"type": "Feature", "properties": {"assignment_id": "ecbf2c7e-f5b2-43ff-be64-9ab0c871ef82", "latitude": 4.4465137, "longitude": 97.9788273, "kategori": "G"}, "geometry": {"type": "Point", "coordinates": [97.9788273, 4.4465137]}}, {"type": "Feature", "properties": {"assignment_id": "085f70f5-e4a7-485f-9bf6-113c177a654a", "latitude": 4.44884574, "longitude": 98.0307304, "kategori": "A"}, "geometry": {"type": "Point", "coordinates": [98.0307304, 4.44884574]}}, {"type": "Feature", "properties": {"assignment_id": "47b1b9a9-c435-4f34-bf50-d95785159046", "latitude": 4.4459606, "longitude": 98.012443, "kategori": "C"}, "geometry": {"type": "Point", "coordinates": [98.012443, 4.4459606]}}, {"type": "Feature", "properties": {"assignment_id": "4845bb30-9e86-4495-8847-a2ad674cc9fb", "latitude": 4.4752683, "longitude": 97.9665267, "kategori": "G"}, "geometry": {"type": "Point", "coordinates": [97.9665267, 4.4752683]}}, {"type": "Feature", "properties": {"assignment_id": "5fe365d5-d9cb-42d8-9904-2169dc204d4c", "latitude": 4.4672695733606815, "longitude": 97.96041439287364, "kategori": "G"}, "geometry": {"type": "Point", "coordinates": [97.96041439287364, 4.4672695733606815]}}, {"type": "Feature", "properties": {"assignment_id": "c2572cec-adfa-4b16-b90f-dc1075d218dc", "latitude": 4.4602707, "longitude": 98.0037002, "kategori": "A"}, "geometry": {"type": "Point", "coordinates": [98.0037002, 4.4602707]}}, {"type": "Feature", "properties": {"assignment_id": "e46c2029-13ed-48f7-b240-05c51b990fb4", "latitude": 4.4572745, "longitude": 97.9911867, "kategori": "A"}, "geometry": {"type": "Point", "coordinates": [97.9911867, 4.4572745]}}, {"type": "Feature", "properties": {"assignment_id": "e9fcd1d1-9d6f-4173-b191-ded241a45461", "latitude": 4.4593996, "longitude": 97.9342692, "kategori": "A"}, "geometry": {"type": "Point", "coordinates": [97.9342692, 4.4593996]}}, {"type": "Feature", "properties": {"assignment_id": "e464c890-e567-4c66-90f4-b54679d83850", "latitude": 4.434715, "longitude": 98.0214567, "kategori": "A"}, "geometry": {"type": "Point", "coordinates": [98.0214567, 4.434715]}}, {"type": "Feature", "properties": {"assignment_id": "0440d642-274e-4150-a6f1-90d3bdefac96", "latitude": 4.466846016666667, "longitude": 97.95570191666665, "kategori": "C"}, "geometry": {"type": "Point", "coordinates": [97.95570191666665, 4.466846016666667]}}, {"type": "Feature", "properties": {"assignment_id": "0497c11e-51be-43bf-9fad-7a6ea2f587b1", "latitude": 4.476971666666667, "longitude": 97.96727333333335, "kategori": "A"}, "geometry": {"type": "Point", "coordinates": [97.96727333333335, 4.476971666666667]}}, {"type": "Feature", "properties": {"assignment_id": "0e9e8528-f38d-4140-b8fb-4597e055e0bc", "latitude": 4.471382, "longitude": 97.9320194, "kategori": "A"}, "geometry": {"type": "Point", "coordinates": [97.9320194, 4.471382]}}, {"type": "Feature", "properties": {"assignment_id": "10091079-5dd9-464b-8403-747d6504e4b9", "latitude": 4.4398373, "longitude": 97.968237, "kategori": "A"}, "geometry": {"type": "Point", "coordinates": [97.968237, 4.4398373]}}, {"type": "Feature", "properties": {"assignment_id": "4e6182d2-91d4-4373-b66f-775ff212bddf", "latitude": 4.474048, "longitude": 97.9448734, "kategori": "A"}, "geometry": {"type": "Point", "coordinates": [97.9448734, 4.474048]}}, {"type": "Feature", "properties": {"assignment_id": "5215150d-86f1-4b81-8ae4-56a9fb9865b0", "latitude": 4.47135141, "longitude": 97.98161522, "kategori": "A"}, "geometry": {"type": "Point", "coordinates": [97.98161522, 4.47135141]}}, {"type": "Feature", "properties": {"assignment_id": "69c5cfe6-862a-41d8-9097-ae20e344d153", "latitude": 4.5313781, "longitude": 97.9320231, "kategori": "A"}, "geometry": {"type": "Point", "coordinates": [97.9320231, 4.5313781]}}, {"type": "Feature", "properties": {"assignment_id": "94b98da0-6aa0-4856-bbd1-4ffeffd00c63", "latitude": 4.4840527, "longitude": 97.9713512, "kategori": "F"}, "geometry": {"type": "Point", "coordinates": [97.9713512, 4.4840527]}}, {"type": "Feature", "properties": {"assignment_id": "ac51edba-9ed4-4d2f-97b4-061c219fadf8", "latitude": 4.4624867, "longitude": 97.9730467, "kategori": "C"}, "geometry": {"type": "Point", "coordinates": [97.9730467, 4.4624867]}}, {"type": "Feature", "properties": {"assignment_id": "cec844db-aef4-4cbb-a9d2-f3750bf8be06", "latitude": 4.4401954, "longitude": 97.9712772, "kategori": "A"}, "geometry": {"type": "Point", "coordinates": [97.9712772, 4.4401954]}}, {"type": "Feature", "properties": {"assignment_id": "d837521c-f11d-45fe-b333-c66cd3119edb", "latitude": 4.465575, "longitude": 97.95063999999999, "kategori": "G"}, "geometry": {"type": "Point", "coordinates": [97.95063999999999, 4.465575]}}, {"type": "Feature", "properties": {"assignment_id": "72a713ae-4ab5-42d6-a42b-1777e9970d22", "latitude": 4.455581666666666, "longitude": 97.93083666666668, "kategori": "A"}, "geometry": {"type": "Point", "coordinates": [97.93083666666668, 4.455581666666666]}}, {"type": "Feature", "properties": {"assignment_id": "72a713ae-4ab5-42d6-a42b-1777e9970d22", "latitude": 4.455581666666666, "longitude": 97.93083666666668, "kategori": "G"}, "geometry": {"type": "Point", "coordinates": [97.93083666666668, 4.455581666666666]}}, {"type": "Feature", "properties": {"assignment_id": "3ea7da52-45a5-4974-b1b6-00b5c79cd3f6", "latitude": 4.4809319, "longitude": 97.9416654, "kategori": "C"}, "geometry": {"type": "Point", "coordinates": [97.9416654, 4.4809319]}}, {"type": "Feature", "properties": {"assignment_id": "f09dad73-b8bb-46c7-a945-36b18a6809ad", "latitude": 4.4474189, "longitude": 97.9812188, "kategori": "A"}, "geometry": {"type": "Point", "coordinates": [97.9812188, 4.4474189]}}, {"type": "Feature", "properties": {"assignment_id": "78e9778a-a751-4697-a6c7-cd7f895fb17a", "latitude": 4.4369343, "longitude": 98.0028341, "kategori": "A"}, "geometry": {"type": "Point", "coordinates": [98.0028341, 4.4369343]}}, {"type": "Feature", "properties": {"assignment_id": "30f919ce-5a29-4f05-826a-d3917c47e40a", "latitude": 4.4883613, "longitude": 97.9519368, "kategori": "Q"}, "geometry": {"type": "Point", "coordinates": [97.9519368, 4.4883613]}}, {"type": "Feature", "properties": {"assignment_id": "1d5bb44f-9d63-4c21-9e07-7b45bebaeb1f", "latitude": 4.4703625, "longitude": 97.9722075, "kategori": "G"}, "geometry": {"type": "Point", "coordinates": [97.9722075, 4.4703625]}}, {"type": "Feature", "properties": {"assignment_id": "6162b72b-8e56-44bd-9ec9-ce0a3a903a74", "latitude": 4.453494466666667, "longitude": 98.01151585000001, "kategori": "A"}, "geometry": {"type": "Point", "coordinates": [98.01151585000001, 4.453494466666667]}}, {"type": "Feature", "properties": {"assignment_id": "61c536e2-dd49-4534-8ee8-06f3542cbb11", "latitude": 4.493851666666667, "longitude": 97.97775666666666, "kategori": "A"}, "geometry": {"type": "Point", "coordinates": [97.97775666666666, 4.493851666666667]}}, {"type": "Feature", "properties": {"assignment_id": "6742875e-bc29-4944-9460-a866067fa750", "latitude": 4.423243333333334, "longitude": 98.02259000000001, "kategori": "A"}, "geometry": {"type": "Point", "coordinates": [98.02259000000001, 4.423243333333334]}}, {"type": "Feature", "properties": {"assignment_id": "ab4e1bbf-2f8f-40f0-b3dc-594fe4875524", "latitude": 4.4603744, "longitude": 97.990327, "kategori": "A"}, "geometry": {"type": "Point", "coordinates": [97.990327, 4.4603744]}}, {"type": "Feature", "properties": {"assignment_id": "ab4e1bbf-2f8f-40f0-b3dc-594fe4875524", "latitude": 4.4603744, "longitude": 97.990327, "kategori": "I"}, "geometry": {"type": "Point", "coordinates": [97.990327, 4.4603744]}}, {"type": "Feature", "properties": {"assignment_id": "abd8d479-d73b-4967-bc46-2ca8da84c923", "latitude": 4.4768806, "longitude": 97.9823148, "kategori": "A"}, "geometry": {"type": "Point", "coordinates": [97.9823148, 4.4768806]}}, {"type": "Feature", "properties": {"assignment_id": "b50fe5d6-165f-43f5-9244-27154cd1d1c9", "latitude": 4.47264598, "longitude": 97.97742434, "kategori": "G"}, "geometry": {"type": "Point", "coordinates": [97.97742434, 4.47264598]}}, {"type": "Feature", "properties": {"assignment_id": "f79aad6e-e668-4be1-8367-fcc46ff465c9", "latitude": 4.4633896, "longitude": 97.9664071, "kategori": "C"}, "geometry": {"type": "Point", "coordinates": [97.9664071, 4.4633896]}}, {"type": "Feature", "properties": {"assignment_id": "fb9e3be5-2ba3-40ae-aab7-c3f6d151f0eb", "latitude": 4.4766311, "longitude": 97.9483441, "kategori": "G"}, "geometry": {"type": "Point", "coordinates": [97.9483441, 4.4766311]}}, {"type": "Feature", "properties": {"assignment_id": "1e935dd9-ba5d-4af8-885d-9ee64d5aee0a", "latitude": 4.4252238, "longitude": 98.0226915, "kategori": "A"}, "geometry": {"type": "Point", "coordinates": [98.0226915, 4.4252238]}}, {"type": "Feature", "properties": {"assignment_id": "1ecbedad-f1ae-4fc4-acf2-3176c29e311b", "latitude": 4.446107, "longitude": 97.9783306, "kategori": "A"}, "geometry": {"type": "Point", "coordinates": [97.9783306, 4.446107]}}, {"type": "Feature", "properties": {"assignment_id": "3ac2f137-687f-48cd-acaf-6012baf79a95", "latitude": 4.4925288, "longitude": 97.9600545, "kategori": "G"}, "geometry": {"type": "Point", "coordinates": [97.9600545, 4.4925288]}}, {"type": "Feature", "properties": {"assignment_id": "604a9f4e-0bbd-4d86-baef-cf61d6c28563", "latitude": 4.48114517, "longitude": 97.97575336, "kategori": "A"}, "geometry": {"type": "Point", "coordinates": [97.97575336, 4.48114517]}}, {"type": "Feature", "properties": {"assignment_id": "7fb24905-912c-45d9-8db8-ecbbf2cb0516", "latitude": 4.512425, "longitude": 98.01136166666666, "kategori": "G"}, "geometry": {"type": "Point", "coordinates": [98.01136166666666, 4.512425]}}, {"type": "Feature", "properties": {"assignment_id": "ab924a05-0b13-4cd9-a4b2-ab37c58cd349", "latitude": 4.492743, "longitude": 97.9721676, "kategori": "A"}, "geometry": {"type": "Point", "coordinates": [97.9721676, 4.492743]}}, {"type": "Feature", "properties": {"assignment_id": "b48d4553-fed4-4929-bf3e-d7cc24618f03", "latitude": 4.4815878, "longitude": 97.970033, "kategori": "C"}, "geometry": {"type": "Point", "coordinates": [97.970033, 4.4815878]}}, {"type": "Feature", "properties": {"assignment_id": "bdb9cf16-3375-44e1-a08f-0726c11fe9c7", "latitude": 4.4682045, "longitude": 97.9721682, "kategori": "C"}, "geometry": {"type": "Point", "coordinates": [97.9721682, 4.4682045]}}, {"type": "Feature", "properties": {"assignment_id": "d609147e-6e41-4a6b-b918-cdb1f186595a", "latitude": 4.466092963702977, "longitude": 97.95968399383128, "kategori": "A"}, "geometry": {"type": "Point", "coordinates": [97.95968399383128, 4.466092963702977]}}, {"type": "Feature", "properties": {"assignment_id": "d77e0315-b73b-469f-928e-f82f922db103", "latitude": 4.5240483, "longitude": 97.9408433, "kategori": "G"}, "geometry": {"type": "Point", "coordinates": [97.9408433, 4.5240483]}}, {"type": "Feature", "properties": {"assignment_id": "d818be27-dcc7-4372-a115-de094dab7f9d", "latitude": 4.47615, "longitude": 97.9794011, "kategori": "C"}, "geometry": {"type": "Point", "coordinates": [97.9794011, 4.47615]}}, {"type": "Feature", "properties": {"assignment_id": "e7c1e0ab-5d4b-48e0-9d66-97990043a0f6", "latitude": 4.474036666666667, "longitude": 97.97849999999998, "kategori": "C"}, "geometry": {"type": "Point", "coordinates": [97.97849999999998, 4.474036666666667]}}, {"type": "Feature", "properties": {"assignment_id": "14fa36aa-87ce-4dd9-8067-0d6ff23ce7b5", "latitude": 4.465326666666667, "longitude": 97.95151166666668, "kategori": "A"}, "geometry": {"type": "Point", "coordinates": [97.95151166666668, 4.465326666666667]}}, {"type": "Feature", "properties": {"assignment_id": "14fa36aa-87ce-4dd9-8067-0d6ff23ce7b5", "latitude": 4.465326666666667, "longitude": 97.95151166666668, "kategori": "G"}, "geometry": {"type": "Point", "coordinates": [97.95151166666668, 4.465326666666667]}}, {"type": "Feature", "properties": {"assignment_id": "1635f3d5-ab54-49bc-b7fb-8b9adf866c0e", "latitude": 4.4433325, "longitude": 98.0181997, "kategori": "A"}, "geometry": {"type": "Point", "coordinates": [98.0181997, 4.4433325]}}, {"type": "Feature", "properties": {"assignment_id": "21b6f98c-63b2-4793-bd45-edee0911f4de", "latitude": 4.4373628, "longitude": 98.0161676, "kategori": "A"}, "geometry": {"type": "Point", "coordinates": [98.0161676, 4.4373628]}}, {"type": "Feature", "properties": {"assignment_id": "22aa228c-ed77-486b-a1a2-f37a307f7a05", "latitude": 4.45159781, "longitude": 98.02996745, "kategori": "A"}, "geometry": {"type": "Point", "coordinates": [98.02996745, 4.45159781]}}, {"type": "Feature", "properties": {"assignment_id": "22aa228c-ed77-486b-a1a2-f37a307f7a05", "latitude": 4.45159781, "longitude": 98.02996745, "kategori": "G"}, "geometry": {"type": "Point", "coordinates": [98.02996745, 4.45159781]}}, {"type": "Feature", "properties": {"assignment_id": "34345fde-0bd2-4161-aa08-66b397cfc10a", "latitude": 4.4391377, "longitude": 97.9700026, "kategori": "A"}, "geometry": {"type": "Point", "coordinates": [97.9700026, 4.4391377]}}, {"type": "Feature", "properties": {"assignment_id": "50f6eb1f-2965-4157-ae96-c41f8f821053", "latitude": 4.4610183, "longitude": 97.9833555, "kategori": "G"}, "geometry": {"type": "Point", "coordinates": [97.9833555, 4.4610183]}}, {"type": "Feature", "properties": {"assignment_id": "8ab53909-1a06-41a4-9ae9-6170b57dafe4", "latitude": 4.4667699, "longitude": 97.9535472, "kategori": "C"}, "geometry": {"type": "Point", "coordinates": [97.9535472, 4.4667699]}}, {"type": "Feature", "properties": {"assignment_id": "8ecd78ef-9fd1-4d81-a303-21b4ebd6d180", "latitude": 4.468847266666667, "longitude": 97.95281013333333, "kategori": "A"}, "geometry": {"type": "Point", "coordinates": [97.95281013333333, 4.468847266666667]}}, {"type": "Feature", "properties": {"assignment_id": "96df2779-f9d3-463c-a119-be2e5e8ec953", "latitude": 4.4588558, "longitude": 97.9887023, "kategori": "A"}, "geometry": {"type": "Point", "coordinates": [97.9887023, 4.4588558]}}, {"type": "Feature", "properties": {"assignment_id": "a3dde717-3149-4878-a349-ec7bbfd7ddcb", "latitude": 4.4940606, "longitude": 97.9609731, "kategori": "F"}, "geometry": {"type": "Point", "coordinates": [97.9609731, 4.4940606]}}, {"type": "Feature", "properties": {"assignment_id": "bf7d3ca3-a0fd-40cb-9e50-c5bc7c6f597e", "latitude": 4.44828908, "longitude": 98.02906568, "kategori": "A"}, "geometry": {"type": "Point", "coordinates": [98.02906568, 4.44828908]}}, {"type": "Feature", "properties": {"assignment_id": "bf7d3ca3-a0fd-40cb-9e50-c5bc7c6f597e", "latitude": 4.44828908, "longitude": 98.02906568, "kategori": "C"}, "geometry": {"type": "Point", "coordinates": [98.02906568, 4.44828908]}}, {"type": "Feature", "properties": {"assignment_id": "ce506b1e-d170-4ee4-b4a7-4fdff925f550", "latitude": 4.5306888, "longitude": 97.9350236, "kategori": "A"}, "geometry": {"type": "Point", "coordinates": [97.9350236, 4.5306888]}}, {"type": "Feature", "properties": {"assignment_id": "f40e66c7-c6d6-4c02-b98a-4d49465fcc88", "latitude": 4.4627105, "longitude": 97.9680082, "kategori": "T"}, "geometry": {"type": "Point", "coordinates": [97.9680082, 4.4627105]}}, {"type": "Feature", "properties": {"assignment_id": "2662c2aa-d901-4220-bbc2-1fc26014ac93", "latitude": 4.4968569, "longitude": 97.96931815, "kategori": "G"}, "geometry": {"type": "Point", "coordinates": [97.96931815, 4.4968569]}}, {"type": "Feature", "properties": {"assignment_id": "2473084e-fce6-4086-9f93-10cb659d2ddd", "latitude": 4.4756067, "longitude": 97.9539867, "kategori": "G"}, "geometry": {"type": "Point", "coordinates": [97.9539867, 4.4756067]}}, {"type": "Feature", "properties": {"assignment_id": "6e1ad3c5-8f15-4073-a8b7-0a9a7f19e56d", "latitude": 4.4501393, "longitude": 97.9220707, "kategori": "A"}, "geometry": {"type": "Point", "coordinates": [97.9220707, 4.4501393]}}, {"type": "Feature", "properties": {"assignment_id": "70d7144e-018e-4359-a60e-9bc83791f53e", "latitude": 4.4537463, "longitude": 98.0175985, "kategori": "A"}, "geometry": {"type": "Point", "coordinates": [98.0175985, 4.4537463]}}, {"type": "Feature", "properties": {"assignment_id": "81051096-ff3f-46cb-9ebb-a998fa1de4fd", "latitude": 4.48287013, "longitude": 97.97276053, "kategori": "C"}, "geometry": {"type": "Point", "coordinates": [97.97276053, 4.48287013]}}, {"type": "Feature", "properties": {"assignment_id": "a7778925-ae76-416b-9d69-1af1de07eba8", "latitude": 4.552658433333334, "longitude": 98.06505508333333, "kategori": "A"}, "geometry": {"type": "Point", "coordinates": [98.06505508333333, 4.552658433333334]}}, {"type": "Feature", "properties": {"assignment_id": "f753685f-6f65-4ec0-b18f-a873c1e8114f", "latitude": 4.440840233333334, "longitude": 98.01471824999999, "kategori": "A"}, "geometry": {"type": "Point", "coordinates": [98.01471824999999, 4.440840233333334]}}, {"type": "Feature", "properties": {"assignment_id": "71c75e27-24f6-4429-b92d-ec4f41e15c26", "latitude": 4.4577034, "longitude": 97.9874489, "kategori": "A"}, "geometry": {"type": "Point", "coordinates": [97.9874489, 4.4577034]}}, {"type": "Feature", "properties": {"assignment_id": "f12b89a2-9bd4-4e70-8169-b740ac1ca292", "latitude": 4.4309183, "longitude": 98.0377683, "kategori": "A"}, "geometry": {"type": "Point", "coordinates": [98.0377683, 4.4309183]}}, {"type": "Feature", "properties": {"assignment_id": "4ae113c5-0e46-43e0-a0e6-fb93c294a216", "latitude": 4.4686348, "longitude": 97.9318861, "kategori": "C"}, "geometry": {"type": "Point", "coordinates": [97.9318861, 4.4686348]}}, {"type": "Feature", "properties": {"assignment_id": "4bf3fdad-c493-4487-8dd0-28450ab0312e", "latitude": 4.4465023, "longitude": 97.9386317, "kategori": "A"}, "geometry": {"type": "Point", "coordinates": [97.9386317, 4.4465023]}}, {"type": "Feature", "properties": {"assignment_id": "7777d587-bb5a-42e2-aed1-cace51000332", "latitude": 4.4766279, "longitude": 97.9606464, "kategori": "G"}, "geometry": {"type": "Point", "coordinates": [97.9606464, 4.4766279]}}, {"type": "Feature", "properties": {"assignment_id": "dd351a04-11a4-4613-b1cf-ab368199a76d", "latitude": 4.47177568, "longitude": 97.9764423, "kategori": "F"}, "geometry": {"type": "Point", "coordinates": [97.9764423, 4.47177568]}}, {"type": "Feature", "properties": {"assignment_id": "e3a0ed39-6d1c-4790-ac14-351983405b98", "latitude": 4.47613209, "longitude": 97.9485609, "kategori": "C"}, "geometry": {"type": "Point", "coordinates": [97.9485609, 4.47613209]}}, {"type": "Feature", "properties": {"assignment_id": "447936bf-eb1e-431b-9e11-04aba3a20f21", "latitude": 4.486678, "longitude": 97.9260245, "kategori": "A"}, "geometry": {"type": "Point", "coordinates": [97.9260245, 4.486678]}}, {"type": "Feature", "properties": {"assignment_id": "6ed6689a-4d46-45eb-9bbe-58400b0a0fc3", "latitude": 4.47755979, "longitude": 97.96985621, "kategori": "H"}, "geometry": {"type": "Point", "coordinates": [97.96985621, 4.47755979]}}, {"type": "Feature", "properties": {"assignment_id": "9015141c-b57b-4764-a6eb-1d0d4de3da78", "latitude": 4.44744689, "longitude": 98.03020793, "kategori": "A"}, "geometry": {"type": "Point", "coordinates": [98.03020793, 4.44744689]}}, {"type": "Feature", "properties": {"assignment_id": "b739f56e-311c-408c-972f-a495824e03bd", "latitude": 4.4942742, "longitude": 97.952132, "kategori": "A"}, "geometry": {"type": "Point", "coordinates": [97.952132, 4.4942742]}}, {"type": "Feature", "properties": {"assignment_id": "0e84b91d-9d30-4607-9f3e-e22bfc31ef65", "latitude": 4.462695, "longitude": 97.9680694, "kategori": "G"}, "geometry": {"type": "Point", "coordinates": [97.9680694, 4.462695]}}, {"type": "Feature", "properties": {"assignment_id": "0e84b91d-9d30-4607-9f3e-e22bfc31ef65", "latitude": 4.462695, "longitude": 97.9680694, "kategori": "F"}, "geometry": {"type": "Point", "coordinates": [97.9680694, 4.462695]}}, {"type": "Feature", "properties": {"assignment_id": "254a6ba9-f6da-439c-a27e-9e252de1635e", "latitude": 4.4643313, "longitude": 97.9573145, "kategori": "A"}, "geometry": {"type": "Point", "coordinates": [97.9573145, 4.4643313]}}, {"type": "Feature", "properties": {"assignment_id": "254a6ba9-f6da-439c-a27e-9e252de1635e", "latitude": 4.4643313, "longitude": 97.9573145, "kategori": "C"}, "geometry": {"type": "Point", "coordinates": [97.9573145, 4.4643313]}}, {"type": "Feature", "properties": {"assignment_id": "2c7f8a5b-c1cc-4a47-b55e-ecc378f122c7", "latitude": 4.4485365, "longitude": 97.9187328, "kategori": "F"}, "geometry": {"type": "Point", "coordinates": [97.9187328, 4.4485365]}}, {"type": "Feature", "properties": {"assignment_id": "42bc08fc-731d-4cec-a6a2-8b6a0084274d", "latitude": 4.4319962, "longitude": 98.0136234, "kategori": "A"}, "geometry": {"type": "Point", "coordinates": [98.0136234, 4.4319962]}}, {"type": "Feature", "properties": {"assignment_id": "9135defa-ffb3-4471-8f58-dfdd30701636", "latitude": 4.440159, "longitude": 97.991047, "kategori": "A"}, "geometry": {"type": "Point", "coordinates": [97.991047, 4.440159]}}, {"type": "Feature", "properties": {"assignment_id": "928f5571-3610-47e1-8fac-4b63837d8091", "latitude": 4.4716125, "longitude": 97.969672, "kategori": "G"}, "geometry": {"type": "Point", "coordinates": [97.969672, 4.4716125]}}, {"type": "Feature", "properties": {"assignment_id": "a1fdb99c-0e69-41cc-abcf-ebce5b9fbb20", "latitude": 4.4904237, "longitude": 97.9781444, "kategori": "F"}, "geometry": {"type": "Point", "coordinates": [97.9781444, 4.4904237]}}, {"type": "Feature", "properties": {"assignment_id": "a1fdb99c-0e69-41cc-abcf-ebce5b9fbb20", "latitude": 4.4904237, "longitude": 97.9781444, "kategori": "C"}, "geometry": {"type": "Point", "coordinates": [97.9781444, 4.4904237]}}, {"type": "Feature", "properties": {"assignment_id": "a7ffc05b-6939-4865-b5f6-18661e528a9a", "latitude": 4.4756839, "longitude": 97.9561545, "kategori": "A"}, "geometry": {"type": "Point", "coordinates": [97.9561545, 4.4756839]}}, {"type": "Feature", "properties": {"assignment_id": "b48fa2dd-edd4-41b6-9648-65c986e0f225", "latitude": 4.4809813, "longitude": 97.9779262, "kategori": "G"}, "geometry": {"type": "Point", "coordinates": [97.9779262, 4.4809813]}}, {"type": "Feature", "properties": {"assignment_id": "bdd5f77d-1b2b-4dd0-a31f-ce47338fe59d", "latitude": 4.4293965, "longitude": 98.0243988, "kategori": "A"}, "geometry": {"type": "Point", "coordinates": [98.0243988, 4.4293965]}}, {"type": "Feature", "properties": {"assignment_id": "c4030645-3744-4b02-9726-623f1a8aeda1", "latitude": 4.4308137, "longitude": 98.0129824, "kategori": "A"}, "geometry": {"type": "Point", "coordinates": [98.0129824, 4.4308137]}}, {"type": "Feature", "properties": {"assignment_id": "cf7577ce-4def-45b3-abb4-806815c89f0e", "latitude": 4.4615802, "longitude": 97.9815711, "kategori": "C"}, "geometry": {"type": "Point", "coordinates": [97.9815711, 4.4615802]}}, {"type": "Feature", "properties": {"assignment_id": "dc81e5fa-e89e-42d9-84be-fd9d287ee855", "latitude": 4.474706666666666, "longitude": 97.94746166666667, "kategori": "C"}, "geometry": {"type": "Point", "coordinates": [97.94746166666667, 4.474706666666666]}}, {"type": "Feature", "properties": {"assignment_id": "f18bd6db-bfa0-4a06-8c81-ac5cadbdfcdf", "latitude": 4.47483682, "longitude": 97.96381186, "kategori": "C"}, "geometry": {"type": "Point", "coordinates": [97.96381186, 4.47483682]}}, {"type": "Feature", "properties": {"assignment_id": "73697282-3fa8-4cca-948e-b73282cc3d29", "latitude": 4.45166412, "longitude": 97.98875269, "kategori": "A"}, "geometry": {"type": "Point", "coordinates": [97.98875269, 4.45166412]}}, {"type": "Feature", "properties": {"assignment_id": "a33f81d9-f234-47b1-9a5f-87f73d732ec7", "latitude": 4.4713616, "longitude": 97.9697135, "kategori": "G"}, "geometry": {"type": "Point", "coordinates": [97.9697135, 4.4713616]}}, {"type": "Feature", "properties": {"assignment_id": "e061ce3d-6f1b-4f06-b4aa-09375d2d4384", "latitude": 4.4720978, "longitude": 97.9694929, "kategori": "G"}, "geometry": {"type": "Point", "coordinates": [97.9694929, 4.4720978]}}, {"type": "Feature", "properties": {"assignment_id": "f8fec760-9d03-4389-ab8f-b2490ee11ff1", "latitude": 4.5003461, "longitude": 97.9400387, "kategori": "G"}, "geometry": {"type": "Point", "coordinates": [97.9400387, 4.5003461]}}, {"type": "Feature", "properties": {"assignment_id": "8dbf5d6f-f386-40ee-acea-bf7263ecd6fc", "latitude": 4.477206, "longitude": 97.9748076, "kategori": "A"}, "geometry": {"type": "Point", "coordinates": [97.9748076, 4.477206]}}, {"type": "Feature", "properties": {"assignment_id": "4908ae5b-932f-4428-b2cc-65790b68f161", "latitude": 4.4667616, "longitude": 97.9656567, "kategori": "A"}, "geometry": {"type": "Point", "coordinates": [97.9656567, 4.4667616]}}, {"type": "Feature", "properties": {"assignment_id": "4908ae5b-932f-4428-b2cc-65790b68f161", "latitude": 4.4667616, "longitude": 97.9656567, "kategori": "C"}, "geometry": {"type": "Point", "coordinates": [97.9656567, 4.4667616]}}, {"type": "Feature", "properties": {"assignment_id": "5c0025bd-69b0-4d4b-8e47-32a958d5f87f", "latitude": 4.465586666666667, "longitude": 97.93662666666665, "kategori": "A"}, "geometry": {"type": "Point", "coordinates": [97.93662666666665, 4.465586666666667]}}, {"type": "Feature", "properties": {"assignment_id": "5c0025bd-69b0-4d4b-8e47-32a958d5f87f", "latitude": 4.465586666666667, "longitude": 97.93662666666665, "kategori": "G"}, "geometry": {"type": "Point", "coordinates": [97.93662666666665, 4.465586666666667]}}, {"type": "Feature", "properties": {"assignment_id": "86a85691-79b0-40eb-86e0-3fcb929294ea", "latitude": 4.437992, "longitude": 97.9705971, "kategori": "A"}, "geometry": {"type": "Point", "coordinates": [97.9705971, 4.437992]}}, {"type": "Feature", "properties": {"assignment_id": "86a85691-79b0-40eb-86e0-3fcb929294ea", "latitude": 4.437992, "longitude": 97.9705971, "kategori": "O"}, "geometry": {"type": "Point", "coordinates": [97.9705971, 4.437992]}}, {"type": "Feature", "properties": {"assignment_id": "9212d017-de59-4f4f-8bb7-b13a5f3a97d8", "latitude": 4.4584859, "longitude": 97.9805588, "kategori": "A"}, "geometry": {"type": "Point", "coordinates": [97.9805588, 4.4584859]}}, {"type": "Feature", "properties": {"assignment_id": "b0fae7b0-5ce2-45bf-b7a8-54300096d676", "latitude": 4.4456068, "longitude": 97.9401629, "kategori": "A"}, "geometry": {"type": "Point", "coordinates": [97.9401629, 4.4456068]}}, {"type": "Feature", "properties": {"assignment_id": "d847634b-9dc6-4c0e-a746-a90568bab312", "latitude": 4.45634803, "longitude": 97.99626828, "kategori": "A"}, "geometry": {"type": "Point", "coordinates": [97.99626828, 4.45634803]}}, {"type": "Feature", "properties": {"assignment_id": "ecf883ab-c886-4493-b80a-b0f0b4f819a6", "latitude": 4.4680771, "longitude": 97.9720218, "kategori": "G"}, "geometry": {"type": "Point", "coordinates": [97.9720218, 4.4680771]}}, {"type": "Feature", "properties": {"assignment_id": "19efcf45-a059-4d1d-83a9-a75aed93c2a6", "latitude": 4.4696867, "longitude": 97.9741919, "kategori": "G"}, "geometry": {"type": "Point", "coordinates": [97.9741919, 4.4696867]}}, {"type": "Feature", "properties": {"assignment_id": "50693e24-8c33-4434-a902-7e7a14d4d6dd", "latitude": 4.4698488, "longitude": 97.9743476, "kategori": "G"}, "geometry": {"type": "Point", "coordinates": [97.9743476, 4.4698488]}}, {"type": "Feature", "properties": {"assignment_id": "afcaddde-15b9-48e4-a461-7bdc655cb5e4", "latitude": 4.4607445, "longitude": 97.9844037, "kategori": "A"}, "geometry": {"type": "Point", "coordinates": [97.9844037, 4.4607445]}}, {"type": "Feature", "properties": {"assignment_id": "0e6f74e8-1b1d-4edb-9a61-c050fe96b7de", "latitude": 4.4841278, "longitude": 97.978253, "kategori": "G"}, "geometry": {"type": "Point", "coordinates": [97.978253, 4.4841278]}}, {"type": "Feature", "properties": {"assignment_id": "13e01fc8-208c-4072-9ce3-7e2e8e613919", "latitude": 4.490927, "longitude": 97.9568471, "kategori": "C"}, "geometry": {"type": "Point", "coordinates": [97.9568471, 4.490927]}}, {"type": "Feature", "properties": {"assignment_id": "18a0c8ac-6de1-4e62-ad7f-4f6fd5ed4e87", "latitude": 4.4409405, "longitude": 97.9722559, "kategori": "A"}, "geometry": {"type": "Point", "coordinates": [97.9722559, 4.4409405]}}, {"type": "Feature", "properties": {"assignment_id": "416c11a4-7755-47ec-983f-a0bb108618f3", "latitude": 4.4948033333333335, "longitude": 97.950035, "kategori": "H"}, "geometry": {"type": "Point", "coordinates": [97.950035, 4.4948033333333335]}}, {"type": "Feature", "properties": {"assignment_id": "436d3785-5404-4596-99ff-a4f8604fffef", "latitude": 4.47506056, "longitude": 97.96168883, "kategori": "C"}, "geometry": {"type": "Point", "coordinates": [97.96168883, 4.47506056]}}, {"type": "Feature", "properties": {"assignment_id": "5d4de7be-ef14-4658-b48e-fec80084984c", "latitude": 4.4396933, "longitude": 97.9683783, "kategori": "A"}, "geometry": {"type": "Point", "coordinates": [97.9683783, 4.4396933]}}, {"type": "Feature", "properties": {"assignment_id": "9fa5910a-9428-4c9a-9e9e-a4cadb74ce75", "latitude": 4.476931666666667, "longitude": 97.98094333333331, "kategori": "C"}, "geometry": {"type": "Point", "coordinates": [97.98094333333331, 4.476931666666667]}}, {"type": "Feature", "properties": {"assignment_id": "d2361dfe-67e1-49f6-8e7d-d9ef5bf1b3b2", "latitude": 4.4283573, "longitude": 98.023714, "kategori": "A"}, "geometry": {"type": "Point", "coordinates": [98.023714, 4.4283573]}}, {"type": "Feature", "properties": {"assignment_id": "f9747d30-694c-41d4-9254-7bd4bb296451", "latitude": 4.4663336, "longitude": 97.9514471, "kategori": "C"}, "geometry": {"type": "Point", "coordinates": [97.9514471, 4.4663336]}}, {"type": "Feature", "properties": {"assignment_id": "17702c4f-37bc-42a6-9fa0-d58899e3d258", "latitude": 4.4553898, "longitude": 97.9304996, "kategori": "A"}, "geometry": {"type": "Point", "coordinates": [97.9304996, 4.4553898]}}, {"type": "Feature", "properties": {"assignment_id": "19880e12-9b53-4abd-b116-ffc9a2275cec", "latitude": 4.4673987, "longitude": 97.9670369, "kategori": "F"}, "geometry": {"type": "Point", "coordinates": [97.9670369, 4.4673987]}}, {"type": "Feature", "properties": {"assignment_id": "f1f8d6d1-fb66-4c9a-8b93-304ac4b0763c", "latitude": 4.46530978, "longitude": 97.96276545, "kategori": "Q"}, "geometry": {"type": "Point", "coordinates": [97.96276545, 4.46530978]}}, {"type": "Feature", "properties": {"assignment_id": "23daa49d-a2c8-48dc-a571-ce0cee5652e2", "latitude": 4.4600772, "longitude": 97.9798808, "kategori": "Q"}, "geometry": {"type": "Point", "coordinates": [97.9798808, 4.4600772]}}, {"type": "Feature", "properties": {"assignment_id": "25a5334f-0cac-4fce-9891-72f0a6c67e3d", "latitude": 4.475996666666666, "longitude": 97.96866666666668, "kategori": "A"}, "geometry": {"type": "Point", "coordinates": [97.96866666666668, 4.475996666666666]}}, {"type": "Feature", "properties": {"assignment_id": "25a5334f-0cac-4fce-9891-72f0a6c67e3d", "latitude": 4.475996666666666, "longitude": 97.96866666666668, "kategori": "G"}, "geometry": {"type": "Point", "coordinates": [97.96866666666668, 4.475996666666666]}}, {"type": "Feature", "properties": {"assignment_id": "0ac5d3d1-f10e-451b-a8e2-b0c51b60c77b", "latitude": 4.4871218, "longitude": 97.9731813, "kategori": "A"}, "geometry": {"type": "Point", "coordinates": [97.9731813, 4.4871218]}}, {"type": "Feature", "properties": {"assignment_id": "561f8eb3-fa20-42d0-8e5e-01a9d9b83a18", "latitude": 4.4767725, "longitude": 97.9516653, "kategori": "G"}, "geometry": {"type": "Point", "coordinates": [97.9516653, 4.4767725]}}, {"type": "Feature", "properties": {"assignment_id": "b44b5d88-dc71-46b3-9176-70841e400f69", "latitude": 4.500911, "longitude": 97.9586979, "kategori": "G"}, "geometry": {"type": "Point", "coordinates": [97.9586979, 4.500911]}}, {"type": "Feature", "properties": {"assignment_id": "b96fae48-2afa-4b29-aabd-3bbef36f33e0", "latitude": 4.474396666666666, "longitude": 97.96476333333334, "kategori": "C"}, "geometry": {"type": "Point", "coordinates": [97.96476333333334, 4.474396666666666]}}, {"type": "Feature", "properties": {"assignment_id": "c4bac4a5-9ef9-4ada-ab3b-2e6a4ee39c42", "latitude": 4.466901565901935, "longitude": 97.95844833366573, "kategori": "A"}, "geometry": {"type": "Point", "coordinates": [97.95844833366573, 4.466901565901935]}}, {"type": "Feature", "properties": {"assignment_id": "e21a97ce-ee82-44be-ad4e-5a455808845a", "latitude": 4.4639083, "longitude": 97.9762971, "kategori": "F"}, "geometry": {"type": "Point", "coordinates": [97.9762971, 4.4639083]}}, {"type": "Feature", "properties": {"assignment_id": "f6e16050-0f81-415d-be5c-e79ef52dcc2f", "latitude": 4.4335583, "longitude": 98.040615, "kategori": "C"}, "geometry": {"type": "Point", "coordinates": [98.040615, 4.4335583]}}, {"type": "Feature", "properties": {"assignment_id": "f7505cda-0a39-486c-a93c-853075eb77bb", "latitude": 4.4951214, "longitude": 97.9607016, "kategori": "G"}, "geometry": {"type": "Point", "coordinates": [97.9607016, 4.4951214]}}, {"type": "Feature", "properties": {"assignment_id": "c2f6bed0-cf83-4036-a941-6fc864fef424", "latitude": 4.4605306, "longitude": 97.971461, "kategori": "G"}, "geometry": {"type": "Point", "coordinates": [97.971461, 4.4605306]}}, {"type": "Feature", "properties": {"assignment_id": "c30c4324-36f9-4b53-8446-599efe071d94", "latitude": 4.4713224, "longitude": 97.969694, "kategori": "C"}, "geometry": {"type": "Point", "coordinates": [97.969694, 4.4713224]}}, {"type": "Feature", "properties": {"assignment_id": "ed28d925-e521-4bd0-8fc8-928b4981ee71", "latitude": 4.507174, "longitude": 98.0108524, "kategori": "A"}, "geometry": {"type": "Point", "coordinates": [98.0108524, 4.507174]}}, {"type": "Feature", "properties": {"assignment_id": "276409df-2069-43ed-b625-e3a2a65267c4", "latitude": 4.5029033, "longitude": 97.9633117, "kategori": "A"}, "geometry": {"type": "Point", "coordinates": [97.9633117, 4.5029033]}}, {"type": "Feature", "properties": {"assignment_id": "276409df-2069-43ed-b625-e3a2a65267c4", "latitude": 4.5029033, "longitude": 97.9633117, "kategori": "C"}, "geometry": {"type": "Point", "coordinates": [97.9633117, 4.5029033]}}, {"type": "Feature", "properties": {"assignment_id": "428e586a-2364-404e-8135-6dbde7563a60", "latitude": 4.480808333333333, "longitude": 97.96689166666665, "kategori": "G"}, "geometry": {"type": "Point", "coordinates": [97.96689166666665, 4.480808333333333]}}, {"type": "Feature", "properties": {"assignment_id": "5db1fb52-75cd-4d38-9174-c0ef11cd30db", "latitude": 4.48603, "longitude": 97.968565, "kategori": "C"}, "geometry": {"type": "Point", "coordinates": [97.968565, 4.48603]}}, {"type": "Feature", "properties": {"assignment_id": "7b5b9912-5bb1-4c20-88c4-57ef66d9508d", "latitude": 4.5019645, "longitude": 97.9559688, "kategori": "G"}, "geometry": {"type": "Point", "coordinates": [97.9559688, 4.5019645]}}, {"type": "Feature", "properties": {"assignment_id": "acb17223-5180-4d09-b452-362a0a8c79eb", "latitude": 4.480881666666666, "longitude": 97.96997166666667, "kategori": "H"}, "geometry": {"type": "Point", "coordinates": [97.96997166666667, 4.480881666666666]}}, {"type": "Feature", "properties": {"assignment_id": "c6fab02c-e45a-4c83-94e8-ca1f9a509126", "latitude": 4.4712514, "longitude": 97.9026551, "kategori": "A"}, "geometry": {"type": "Point", "coordinates": [97.9026551, 4.4712514]}}, {"type": "Feature", "properties": {"assignment_id": "dd4a52b4-f371-4d70-b676-22898e301bb2", "latitude": 4.467593333333334, "longitude": 97.96816333333332, "kategori": "G"}, "geometry": {"type": "Point", "coordinates": [97.96816333333332, 4.467593333333334]}}, {"type": "Feature", "properties": {"assignment_id": "eaebe3d2-9d2a-4b8e-a2f7-bd2e8454e32c", "latitude": 4.4973691, "longitude": 97.9982898, "kategori": "G"}, "geometry": {"type": "Point", "coordinates": [97.9982898, 4.4973691]}}, {"type": "Feature", "properties": {"assignment_id": "4c426aed-e831-4e78-8836-208e37b95eff", "latitude": 4.4825786, "longitude": 97.9777249, "kategori": "G"}, "geometry": {"type": "Point", "coordinates": [97.9777249, 4.4825786]}}, {"type": "Feature", "properties": {"assignment_id": "5947e59a-183f-4b88-ba74-9eb47feda3a8", "latitude": 4.5115474, "longitude": 97.9447612, "kategori": "C"}, "geometry": {"type": "Point", "coordinates": [97.9447612, 4.5115474]}}, {"type": "Feature", "properties": {"assignment_id": "e7457fe6-7529-4db1-9617-77d118af34c1", "latitude": 4.485975, "longitude": 97.9586267, "kategori": "A"}, "geometry": {"type": "Point", "coordinates": [97.9586267, 4.485975]}}, {"type": "Feature", "properties": {"assignment_id": "f97e60a6-80e4-4b49-9220-c9db3c04d3a1", "latitude": 4.4468634, "longitude": 97.9783843, "kategori": "A"}, "geometry": {"type": "Point", "coordinates": [97.9783843, 4.4468634]}}, {"type": "Feature", "properties": {"assignment_id": "1687fa53-751a-43a5-8c54-6468159b0ec8", "latitude": 4.4381129, "longitude": 98.0144454, "kategori": "A"}, "geometry": {"type": "Point", "coordinates": [98.0144454, 4.4381129]}}, {"type": "Feature", "properties": {"assignment_id": "1687fa53-751a-43a5-8c54-6468159b0ec8", "latitude": 4.4381129, "longitude": 98.0144454, "kategori": "C"}, "geometry": {"type": "Point", "coordinates": [98.0144454, 4.4381129]}}, {"type": "Feature", "properties": {"assignment_id": "20c9e8fd-689f-4462-82c6-6795b500401b", "latitude": 4.470505, "longitude": 97.95860666666667, "kategori": "A"}, "geometry": {"type": "Point", "coordinates": [97.95860666666667, 4.470505]}}, {"type": "Feature", "properties": {"assignment_id": "20c9e8fd-689f-4462-82c6-6795b500401b", "latitude": 4.470505, "longitude": 97.95860666666667, "kategori": "G"}, "geometry": {"type": "Point", "coordinates": [97.95860666666667, 4.470505]}}, {"type": "Feature", "properties": {"assignment_id": "2e35f70c-aa18-432e-a221-dfb3ff8e9cc5", "latitude": 4.503129616666667, "longitude": 97.95392266666667, "kategori": "G"}, "geometry": {"type": "Point", "coordinates": [97.95392266666667, 4.503129616666667]}}, {"type": "Feature", "properties": {"assignment_id": "2e35f70c-aa18-432e-a221-dfb3ff8e9cc5", "latitude": 4.503129616666667, "longitude": 97.95392266666667, "kategori": "F"}, "geometry": {"type": "Point", "coordinates": [97.95392266666667, 4.503129616666667]}}, {"type": "Feature", "properties": {"assignment_id": "304ee5f0-5990-452a-ab44-57d432c2a0d7", "latitude": 4.4896122, "longitude": 97.959116, "kategori": "A"}, "geometry": {"type": "Point", "coordinates": [97.959116, 4.4896122]}}, {"type": "Feature", "properties": {"assignment_id": "4a9e78b1-351e-45c9-a0aa-76d2eae9465f", "latitude": 4.523405, "longitude": 97.94084, "kategori": "C"}, "geometry": {"type": "Point", "coordinates": [97.94084, 4.523405]}}, {"type": "Feature", "properties": {"assignment_id": "50912c86-9fcf-4b27-a1c0-034107ca58cf", "latitude": 4.4388067, "longitude": 97.9717677, "kategori": "G"}, "geometry": {"type": "Point", "coordinates": [97.9717677, 4.4388067]}}, {"type": "Feature", "properties": {"assignment_id": "52c8a0a0-a48c-4774-9334-519cc40a052a", "latitude": 4.4865962, "longitude": 97.9582412, "kategori": "C"}, "geometry": {"type": "Point", "coordinates": [97.9582412, 4.4865962]}}, {"type": "Feature", "properties": {"assignment_id": "716795f0-9821-4ee5-ba4e-a7023b0b9117", "latitude": 4.4461659, "longitude": 97.9784357, "kategori": "A"}, "geometry": {"type": "Point", "coordinates": [97.9784357, 4.4461659]}}, {"type": "Feature", "properties": {"assignment_id": "73b402c6-74ab-41bb-ac6a-da0ce47a9f2a", "latitude": 4.461998, "longitude": 97.9818909, "kategori": "C"}, "geometry": {"type": "Point", "coordinates": [97.9818909, 4.461998]}}, {"type": "Feature", "properties": {"assignment_id": "c8169aed-fd40-442a-bf1b-fbcc63861878", "latitude": 4.477066666666667, "longitude": 97.98240833333332, "kategori": "C"}, "geometry": {"type": "Point", "coordinates": [97.98240833333332, 4.477066666666667]}}, {"type": "Feature", "properties": {"assignment_id": "33335abc-50ee-4ba8-a8ee-3f7e5ba99023", "latitude": 4.4713912, "longitude": 97.9697068, "kategori": "G"}, "geometry": {"type": "Point", "coordinates": [97.9697068, 4.4713912]}}, {"type": "Feature", "properties": {"assignment_id": "9a1358c5-bd71-44f6-a3ad-06515a332998", "latitude": 4.4964197, "longitude": 97.9956022, "kategori": "G"}, "geometry": {"type": "Point", "coordinates": [97.9956022, 4.4964197]}}, {"type": "Feature", "properties": {"assignment_id": "39971561-90bd-4ad2-90c7-aba35ba5de96", "latitude": 4.5518561, "longitude": 98.0653417, "kategori": "G"}, "geometry": {"type": "Point", "coordinates": [98.0653417, 4.5518561]}}, {"type": "Feature", "properties": {"assignment_id": "4ff89a46-51f6-45e0-aff6-f48c4cdc2950", "latitude": 4.4733013, "longitude": 97.9588348, "kategori": "C"}, "geometry": {"type": "Point", "coordinates": [97.9588348, 4.4733013]}}, {"type": "Feature", "properties": {"assignment_id": "74269116-f60a-4227-bbe5-3578a4f4e1b5", "latitude": 4.4652784, "longitude": 97.9774223, "kategori": "G"}, "geometry": {"type": "Point", "coordinates": [97.9774223, 4.4652784]}}, {"type": "Feature", "properties": {"assignment_id": "7ae59a4f-e35b-4e53-af7d-aad51a2b5d10", "latitude": 4.49917, "longitude": 97.95331166666668, "kategori": "F"}, "geometry": {"type": "Point", "coordinates": [97.95331166666668, 4.49917]}}, {"type": "Feature", "properties": {"assignment_id": "88034cb9-c758-4ba9-932a-34be810cf4ed", "latitude": 4.47734, "longitude": 97.941115, "kategori": "F"}, "geometry": {"type": "Point", "coordinates": [97.941115, 4.47734]}}, {"type": "Feature", "properties": {"assignment_id": "a0ba970d-ee44-4bae-b8ec-31f50509d062", "latitude": 4.4558369, "longitude": 97.9296428, "kategori": "A"}, "geometry": {"type": "Point", "coordinates": [97.9296428, 4.4558369]}}, {"type": "Feature", "properties": {"assignment_id": "ae00dbc9-772d-4bd2-ab1d-f7ca0558ef61", "latitude": 4.437056666666667, "longitude": 98.00306166666665, "kategori": "A"}, "geometry": {"type": "Point", "coordinates": [98.00306166666665, 4.437056666666667]}}, {"type": "Feature", "properties": {"assignment_id": "af083dd6-a177-4005-aad0-90d3e4c7a15e", "latitude": 4.4721492, "longitude": 97.9820734, "kategori": "G"}, "geometry": {"type": "Point", "coordinates": [97.9820734, 4.4721492]}}, {"type": "Feature", "properties": {"assignment_id": "dfe51e9e-8b00-4519-bc0a-4274328d827a", "latitude": 4.4447543, "longitude": 97.9780966, "kategori": "C"}, "geometry": {"type": "Point", "coordinates": [97.9780966, 4.4447543]}}, {"type": "Feature", "properties": {"assignment_id": "fa9d73b8-ffa3-403c-a86f-e3d05129b89d", "latitude": 4.5069953, "longitude": 97.9469628, "kategori": "C"}, "geometry": {"type": "Point", "coordinates": [97.9469628, 4.5069953]}}, {"type": "Feature", "properties": {"assignment_id": "fed449ac-be92-4e62-91f0-75c0324252b2", "latitude": 4.4764343881979585, "longitude": 97.98463080078363, "kategori": "A"}, "geometry": {"type": "Point", "coordinates": [97.98463080078363, 4.4764343881979585]}}, {"type": "Feature", "properties": {"assignment_id": "fed449ac-be92-4e62-91f0-75c0324252b2", "latitude": 4.4764343881979585, "longitude": 97.98463080078363, "kategori": "C"}, "geometry": {"type": "Point", "coordinates": [97.98463080078363, 4.4764343881979585]}}, {"type": "Feature", "properties": {"assignment_id": "49736cac-31e3-483f-8af1-b6f05b780f64", "latitude": 4.4722186, "longitude": 97.9649176, "kategori": "G"}, "geometry": {"type": "Point", "coordinates": [97.9649176, 4.4722186]}}, {"type": "Feature", "properties": {"assignment_id": "33be12c7-ee5c-478c-aab0-fe7b4d11dba2", "latitude": 4.4697281, "longitude": 97.9742446, "kategori": "G"}, "geometry": {"type": "Point", "coordinates": [97.9742446, 4.4697281]}}, {"type": "Feature", "properties": {"assignment_id": "1bad6973-84d4-4397-9e73-ac40e339ac68", "latitude": 4.4665774796158075, "longitude": 97.95811783522367, "kategori": "C"}, "geometry": {"type": "Point", "coordinates": [97.95811783522367, 4.4665774796158075]}}, {"type": "Feature", "properties": {"assignment_id": "32dba529-7cde-4921-b1af-23ebaec3d62f", "latitude": 4.495038333333333, "longitude": 97.972725, "kategori": "A"}, "geometry": {"type": "Point", "coordinates": [97.972725, 4.495038333333333]}}, {"type": "Feature", "properties": {"assignment_id": "4bc02d04-230d-4aa8-87bd-0d2208ff9df1", "latitude": 4.4716952, "longitude": 97.9025798, "kategori": "A"}, "geometry": {"type": "Point", "coordinates": [97.9025798, 4.4716952]}}, {"type": "Feature", "properties": {"assignment_id": "5747cf36-5fa1-434f-ad53-a7779366fb80", "latitude": 4.45196054, "longitude": 98.0301601, "kategori": "F"}, "geometry": {"type": "Point", "coordinates": [98.0301601, 4.45196054]}}, {"type": "Feature", "properties": {"assignment_id": "74121f05-094c-4f4c-b92b-ce455000a1be", "latitude": 4.4366433, "longitude": 98.0415883, "kategori": "A"}, "geometry": {"type": "Point", "coordinates": [98.0415883, 4.4366433]}}, {"type": "Feature", "properties": {"assignment_id": "cb98922b-4d54-4213-b73a-09ed360766e6", "latitude": 4.5344192, "longitude": 97.9267096, "kategori": "H"}, "geometry": {"type": "Point", "coordinates": [97.9267096, 4.5344192]}}, {"type": "Feature", "properties": {"assignment_id": "d4096629-4bf8-4804-8881-c5226eb757d7", "latitude": 4.4381836, "longitude": 98.0171229, "kategori": "A"}, "geometry": {"type": "Point", "coordinates": [98.0171229, 4.4381836]}}, {"type": "Feature", "properties": {"assignment_id": "d4096629-4bf8-4804-8881-c5226eb757d7", "latitude": 4.4381836, "longitude": 98.0171229, "kategori": "C"}, "geometry": {"type": "Point", "coordinates": [98.0171229, 4.4381836]}}, {"type": "Feature", "properties": {"assignment_id": "e124ae47-5cc3-4262-9e14-5c139c882bcb", "latitude": 4.4943862, "longitude": 97.9792023, "kategori": "A"}, "geometry": {"type": "Point", "coordinates": [97.9792023, 4.4943862]}}, {"type": "Feature", "properties": {"assignment_id": "f133d285-4847-4808-af4b-f1e439afdb0e", "latitude": 4.4479507, "longitude": 98.0038838, "kategori": "H"}, "geometry": {"type": "Point", "coordinates": [98.0038838, 4.4479507]}}, {"type": "Feature", "properties": {"assignment_id": "61be8566-a2f4-4fc0-8224-3728efe71d70", "latitude": 4.45458835, "longitude": 98.02963040000002, "kategori": "G"}, "geometry": {"type": "Point", "coordinates": [98.02963040000002, 4.45458835]}}, {"type": "Feature", "properties": {"assignment_id": "418afa39-9f64-4040-ac09-e6ddbd7aebd2", "latitude": 4.4578372, "longitude": 97.9897463, "kategori": "A"}, "geometry": {"type": "Point", "coordinates": [97.9897463, 4.4578372]}}, {"type": "Feature", "properties": {"assignment_id": "14f901e7-e7e7-400c-9309-a034d4c5940e", "latitude": 4.468519183333333, "longitude": 97.95497886666665, "kategori": "A"}, "geometry": {"type": "Point", "coordinates": [97.95497886666665, 4.468519183333333]}}, {"type": "Feature", "properties": {"assignment_id": "1d4c8095-b018-405b-ac43-7dfdefe416de", "latitude": 4.4768, "longitude": 97.9837357, "kategori": "A"}, "geometry": {"type": "Point", "coordinates": [97.9837357, 4.4768]}}, {"type": "Feature", "properties": {"assignment_id": "51c66645-c236-4453-af3e-44209d9f6794", "latitude": 4.4675057, "longitude": 97.984021, "kategori": "A"}, "geometry": {"type": "Point", "coordinates": [97.984021, 4.4675057]}}, {"type": "Feature", "properties": {"assignment_id": "53f6e245-c65b-4870-8c3b-a2173a890d2c", "latitude": 4.47207256, "longitude": 97.96108683, "kategori": "C"}, "geometry": {"type": "Point", "coordinates": [97.96108683, 4.47207256]}}, {"type": "Feature", "properties": {"assignment_id": "588570e4-8b05-4075-b705-5715b2013d9f", "latitude": 4.5197952, "longitude": 97.940647, "kategori": "A"}, "geometry": {"type": "Point", "coordinates": [97.940647, 4.5197952]}}, {"type": "Feature", "properties": {"assignment_id": "758555b4-5e54-4ce4-8179-8c0cf61d65d2", "latitude": 4.4625313, "longitude": 97.9422084, "kategori": "G"}, "geometry": {"type": "Point", "coordinates": [97.9422084, 4.4625313]}}, {"type": "Feature", "properties": {"assignment_id": "81c997d1-961b-4b80-84c8-132ef37678db", "latitude": 4.44807316, "longitude": 98.02756063, "kategori": "A"}, "geometry": {"type": "Point", "coordinates": [98.02756063, 4.44807316]}}, {"type": "Feature", "properties": {"assignment_id": "a1513008-516d-4827-9a90-2e3dcd6c2455", "latitude": 4.484331104904413, "longitude": 97.97168151475489, "kategori": "G"}, "geometry": {"type": "Point", "coordinates": [97.97168151475489, 4.484331104904413]}}, {"type": "Feature", "properties": {"assignment_id": "e133fcf1-1ec1-4b31-9443-98e2f918121b", "latitude": 4.4325703, "longitude": 98.0079964, "kategori": "C"}, "geometry": {"type": "Point", "coordinates": [98.0079964, 4.4325703]}}, {"type": "Feature", "properties": {"assignment_id": "1ddd484f-e52f-474d-a09f-2f8336e70433", "latitude": 4.457673333333333, "longitude": 98.00066999999999, "kategori": "G"}, "geometry": {"type": "Point", "coordinates": [98.00066999999999, 4.457673333333333]}}, {"type": "Feature", "properties": {"assignment_id": "f0fc11b8-679f-4dc4-8646-4d7fb4507563", "latitude": 4.4279718, "longitude": 98.0230537, "kategori": "A"}, "geometry": {"type": "Point", "coordinates": [98.0230537, 4.4279718]}}, {"type": "Feature", "properties": {"assignment_id": "1fc9fcb6-15fe-4de1-8473-d06de48c2f56", "latitude": 4.4801982, "longitude": 97.9822353, "kategori": "A"}, "geometry": {"type": "Point", "coordinates": [97.9822353, 4.4801982]}}, {"type": "Feature", "properties": {"assignment_id": "1e64f1f6-d153-44d5-8ae2-a4de6a97ff66", "latitude": 4.4780917, "longitude": 97.9780957, "kategori": "A"}, "geometry": {"type": "Point", "coordinates": [97.9780957, 4.4780917]}}, {"type": "Feature", "properties": {"assignment_id": "529446f5-098a-410f-8c22-af9d1acfe231", "latitude": 4.4401368, "longitude": 97.9683108, "kategori": "C"}, "geometry": {"type": "Point", "coordinates": [97.9683108, 4.4401368]}}, {"type": "Feature", "properties": {"assignment_id": "700f0f61-f94f-4ac2-adad-27ba46756cd4", "latitude": 4.496118333333333, "longitude": 97.94179000000001, "kategori": "C"}, "geometry": {"type": "Point", "coordinates": [97.94179000000001, 4.496118333333333]}}, {"type": "Feature", "properties": {"assignment_id": "700f0f61-f94f-4ac2-adad-27ba46756cd4", "latitude": 4.496118333333333, "longitude": 97.94179000000001, "kategori": "G"}, "geometry": {"type": "Point", "coordinates": [97.94179000000001, 4.496118333333333]}}, {"type": "Feature", "properties": {"assignment_id": "9c107f57-86c1-45d0-9701-34a3b92d32e6", "latitude": 4.465788333333333, "longitude": 97.93696, "kategori": "F"}, "geometry": {"type": "Point", "coordinates": [97.93696, 4.465788333333333]}}, {"type": "Feature", "properties": {"assignment_id": "c1d9fc84-d85b-4cfa-b780-a155de17ba22", "latitude": 4.4414546, "longitude": 97.9760917, "kategori": "G"}, "geometry": {"type": "Point", "coordinates": [97.9760917, 4.4414546]}}, {"type": "Feature", "properties": {"assignment_id": "c6283d0e-8949-4bfd-8a93-8312ce54c8e9", "latitude": 4.5015949, "longitude": 97.9531513, "kategori": "A"}, "geometry": {"type": "Point", "coordinates": [97.9531513, 4.5015949]}}, {"type": "Feature", "properties": {"assignment_id": "c99e3537-bc0a-4d42-91ff-f56fff0b3d6f", "latitude": 4.4793996, "longitude": 97.9804882, "kategori": "A"}, "geometry": {"type": "Point", "coordinates": [97.9804882, 4.4793996]}}, {"type": "Feature", "properties": {"assignment_id": "7a6cc214-f1cc-4120-8a00-03a9d07fa8b8", "latitude": 4.5015507, "longitude": 97.9632027, "kategori": "A"}, "geometry": {"type": "Point", "coordinates": [97.9632027, 4.5015507]}}, {"type": "Feature", "properties": {"assignment_id": "9372dc68-0818-452c-b575-b2d685287add", "latitude": 4.44818197, "longitude": 98.02969908, "kategori": "A"}, "geometry": {"type": "Point", "coordinates": [98.02969908, 4.44818197]}}, {"type": "Feature", "properties": {"assignment_id": "f20bc585-a886-4002-995e-9ed5425027bd", "latitude": 4.4461252, "longitude": 97.94118018333332, "kategori": "A"}, "geometry": {"type": "Point", "coordinates": [97.94118018333332, 4.4461252]}}, {"type": "Feature", "properties": {"assignment_id": "2c9ba30b-052d-4060-8e45-1f796117d0d0", "latitude": 4.4712816, "longitude": 97.9320401, "kategori": "A"}, "geometry": {"type": "Point", "coordinates": [97.9320401, 4.4712816]}}, {"type": "Feature", "properties": {"assignment_id": "4b4f2313-a59c-4a28-aeea-0819681a92e2", "latitude": 4.440173333333333, "longitude": 98.00144999999999, "kategori": "A"}, "geometry": {"type": "Point", "coordinates": [98.00144999999999, 4.440173333333333]}}, {"type": "Feature", "properties": {"assignment_id": "608565cc-d4fc-4e28-8293-76904595b3fb", "latitude": 4.4674876, "longitude": 97.9557107, "kategori": "C"}, "geometry": {"type": "Point", "coordinates": [97.9557107, 4.4674876]}}, {"type": "Feature", "properties": {"assignment_id": "63f72963-b022-439e-b467-3cac0950d153", "latitude": 4.4455916, "longitude": 97.9401986, "kategori": "G"}, "geometry": {"type": "Point", "coordinates": [97.9401986, 4.4455916]}}, {"type": "Feature", "properties": {"assignment_id": "767d38a2-445f-4806-8730-f1e2b2a1c120", "latitude": 4.4738242, "longitude": 97.9741173, "kategori": "A"}, "geometry": {"type": "Point", "coordinates": [97.9741173, 4.4738242]}}, {"type": "Feature", "properties": {"assignment_id": "767d38a2-445f-4806-8730-f1e2b2a1c120", "latitude": 4.4738242, "longitude": 97.9741173, "kategori": "F"}, "geometry": {"type": "Point", "coordinates": [97.9741173, 4.4738242]}}, {"type": "Feature", "properties": {"assignment_id": "7bfda601-6018-4b6a-87c1-81d6c88b4412", "latitude": 4.4764822, "longitude": 97.9824353, "kategori": "G"}, "geometry": {"type": "Point", "coordinates": [97.9824353, 4.4764822]}}, {"type": "Feature", "properties": {"assignment_id": "993075fc-7b5a-40b6-82ab-d25c5b58b545", "latitude": 4.47250771, "longitude": 97.98005758, "kategori": "Q"}, "geometry": {"type": "Point", "coordinates": [97.98005758, 4.47250771]}}, {"type": "Feature", "properties": {"assignment_id": "d50e7db7-709a-4e4b-805c-d06cb6ca650d", "latitude": 4.45316776, "longitude": 98.02969611, "kategori": "A"}, "geometry": {"type": "Point", "coordinates": [98.02969611, 4.45316776]}}, {"type": "Feature", "properties": {"assignment_id": "d923b37d-dea6-4246-991c-655a18696fec", "latitude": 4.4776594, "longitude": 97.9565905, "kategori": "I"}, "geometry": {"type": "Point", "coordinates": [97.9565905, 4.4776594]}}, {"type": "Feature", "properties": {"assignment_id": "1df11001-ea4c-4247-80b5-256996e1f59e", "latitude": 4.4381845, "longitude": 98.0171245, "kategori": "A"}, "geometry": {"type": "Point", "coordinates": [98.0171245, 4.4381845]}}, {"type": "Feature", "properties": {"assignment_id": "3cf06d47-cdc8-4b36-9e22-0c43f83ed71b", "latitude": 4.498543333333333, "longitude": 97.97262833333335, "kategori": "A"}, "geometry": {"type": "Point", "coordinates": [97.97262833333335, 4.498543333333333]}}, {"type": "Feature", "properties": {"assignment_id": "9549bee8-4cb5-44b1-b041-e42c33ca71d9", "latitude": 4.453786816666667, "longitude": 98.02983386666668, "kategori": "G"}, "geometry": {"type": "Point", "coordinates": [98.02983386666668, 4.453786816666667]}}, {"type": "Feature", "properties": {"assignment_id": "ac08f18d-6501-43c2-bf85-637c26eb9feb", "latitude": 4.499085, "longitude": 97.97316000000001, "kategori": "A"}, "geometry": {"type": "Point", "coordinates": [97.97316000000001, 4.499085]}}, {"type": "Feature", "properties": {"assignment_id": "bdeb9344-6044-465f-8bcc-406e7a0d8f14", "latitude": 4.491922683333333, "longitude": 97.96243975, "kategori": "A"}, "geometry": {"type": "Point", "coordinates": [97.96243975, 4.491922683333333]}}, {"type": "Feature", "properties": {"assignment_id": "c0c9eab6-72df-45c4-9fba-3510dd3da2ca", "latitude": 4.466663333333333, "longitude": 97.93692833333334, "kategori": "A"}, "geometry": {"type": "Point", "coordinates": [97.93692833333334, 4.466663333333333]}}, {"type": "Feature", "properties": {"assignment_id": "ecc80ad5-5b0f-4f7c-9fa2-4f9952bc52f1", "latitude": 4.495018333333333, "longitude": 97.949245, "kategori": "H"}, "geometry": {"type": "Point", "coordinates": [97.949245, 4.495018333333333]}}, {"type": "Feature", "properties": {"assignment_id": "f0298638-f209-44c0-b62f-27beec1639ac", "latitude": 4.4717196, "longitude": 97.982926, "kategori": "G"}, "geometry": {"type": "Point", "coordinates": [97.982926, 4.4717196]}}, {"type": "Feature", "properties": {"assignment_id": "fcd236bd-62f0-4859-b634-a1665bae326e", "latitude": 4.499615, "longitude": 97.96247, "kategori": "A"}, "geometry": {"type": "Point", "coordinates": [97.96247, 4.499615]}}, {"type": "Feature", "properties": {"assignment_id": "20fb2c49-455b-456f-9518-3e3a7edd2edd", "latitude": 4.488784999999999, "longitude": 97.971185, "kategori": "A"}, "geometry": {"type": "Point", "coordinates": [97.971185, 4.488784999999999]}}, {"type": "Feature", "properties": {"assignment_id": "7207bde9-bb8e-446c-a40b-85ee231fe306", "latitude": 4.4777303, "longitude": 97.9429923, "kategori": "A"}, "geometry": {"type": "Point", "coordinates": [97.9429923, 4.4777303]}}, {"type": "Feature", "properties": {"assignment_id": "fa2ed5f2-5da9-4cc6-a747-e6e0ecb7a472", "latitude": 4.475256666666667, "longitude": 97.94870999999999, "kategori": "C"}, "geometry": {"type": "Point", "coordinates": [97.94870999999999, 4.475256666666667]}}, {"type": "Feature", "properties": {"assignment_id": "6a71b688-f1dc-411f-b636-6fa52e3ff631", "latitude": 4.4585172, "longitude": 97.979008, "kategori": "G"}, "geometry": {"type": "Point", "coordinates": [97.979008, 4.4585172]}}, {"type": "Feature", "properties": {"assignment_id": "b5a37f2d-14ca-4577-b3fc-13e62fdd6c5f", "latitude": 4.4540679, "longitude": 97.9279124, "kategori": "G"}, "geometry": {"type": "Point", "coordinates": [97.9279124, 4.4540679]}}, {"type": "Feature", "properties": {"assignment_id": "c9f48ad6-b6df-4365-b1e4-6c3a1b9aa60d", "latitude": 4.470933333333333, "longitude": 97.95867500000001, "kategori": "F"}, "geometry": {"type": "Point", "coordinates": [97.95867500000001, 4.470933333333333]}}, {"type": "Feature", "properties": {"assignment_id": "c434fa5b-0313-4c83-a42a-d14deb577956", "latitude": 4.4780438, "longitude": 97.9603479, "kategori": "G"}, "geometry": {"type": "Point", "coordinates": [97.9603479, 4.4780438]}}, {"type": "Feature", "properties": {"assignment_id": "8359ef7a-43cf-48a2-9f7e-695c560d49dc", "latitude": 4.478141666666667, "longitude": 97.96598, "kategori": "A"}, "geometry": {"type": "Point", "coordinates": [97.96598, 4.478141666666667]}}, {"type": "Feature", "properties": {"assignment_id": "8359ef7a-43cf-48a2-9f7e-695c560d49dc", "latitude": 4.478141666666667, "longitude": 97.96598, "kategori": "G"}, "geometry": {"type": "Point", "coordinates": [97.96598, 4.478141666666667]}}, {"type": "Feature", "properties": {"assignment_id": "184ea40a-cedb-4190-93ff-e20b6674cd6c", "latitude": 4.49032, "longitude": 97.97877833333332, "kategori": "H"}, "geometry": {"type": "Point", "coordinates": [97.97877833333332, 4.49032]}}, {"type": "Feature", "properties": {"assignment_id": "5363d1b4-0d0f-4410-a5bf-b39d4dcf0ae9", "latitude": 4.4680158, "longitude": 97.9677873, "kategori": "G"}, "geometry": {"type": "Point", "coordinates": [97.9677873, 4.4680158]}}, {"type": "Feature", "properties": {"assignment_id": "6acf695b-8e22-4e08-be48-be7f7abd3bfc", "latitude": 4.470729, "longitude": 97.9718077, "kategori": "C"}, "geometry": {"type": "Point", "coordinates": [97.9718077, 4.470729]}}, {"type": "Feature", "properties": {"assignment_id": "7a1c2aa9-88d1-400d-a6fe-91f90a21b586", "latitude": 4.4862264, "longitude": 97.9796195, "kategori": "O"}, "geometry": {"type": "Point", "coordinates": [97.9796195, 4.4862264]}}, {"type": "Feature", "properties": {"assignment_id": "acaa768e-eefc-4adb-b25e-19c4733a2fea", "latitude": 4.4644363, "longitude": 97.943285, "kategori": "A"}, "geometry": {"type": "Point", "coordinates": [97.943285, 4.4644363]}}, {"type": "Feature", "properties": {"assignment_id": "b1905bd7-b410-4605-8059-e6040490975e", "latitude": 4.4642019, "longitude": 97.9554833, "kategori": "A"}, "geometry": {"type": "Point", "coordinates": [97.9554833, 4.4642019]}}, {"type": "Feature", "properties": {"assignment_id": "d580e63a-917f-4d7f-97b3-9445e806f979", "latitude": 4.4682594, "longitude": 97.9589864, "kategori": "C"}, "geometry": {"type": "Point", "coordinates": [97.9589864, 4.4682594]}}, {"type": "Feature", "properties": {"assignment_id": "e044d1a0-a820-49ab-8b18-f9f25dbed359", "latitude": 4.4712918, "longitude": 97.9646526, "kategori": "G"}, "geometry": {"type": "Point", "coordinates": [97.9646526, 4.4712918]}}, {"type": "Feature", "properties": {"assignment_id": "f7b69bb4-dc9a-4d7c-9566-6aa310878ccc", "latitude": 4.4619899, "longitude": 97.9388547, "kategori": "A"}, "geometry": {"type": "Point", "coordinates": [97.9388547, 4.4619899]}}, {"type": "Feature", "properties": {"assignment_id": "7b960fd3-cedc-4b2d-8749-0df8dc2bfb28", "latitude": 4.4511333, "longitude": 98.01421, "kategori": "C"}, "geometry": {"type": "Point", "coordinates": [98.01421, 4.4511333]}}, {"type": "Feature", "properties": {"assignment_id": "0cb1eb79-d322-48dd-a1fc-c366e69d8916", "latitude": 4.4645199, "longitude": 97.963181, "kategori": "G"}, "geometry": {"type": "Point", "coordinates": [97.963181, 4.4645199]}}, {"type": "Feature", "properties": {"assignment_id": "15a19a6d-d7da-4f58-a4b6-05db4d2277f9", "latitude": 4.465920422226191, "longitude": 97.95935274101794, "kategori": "G"}, "geometry": {"type": "Point", "coordinates": [97.95935274101794, 4.465920422226191]}}, {"type": "Feature", "properties": {"assignment_id": "2a0ba3eb-b1c2-4bc0-aba6-02b80d5111af", "latitude": 4.4321527, "longitude": 98.0138829, "kategori": "A"}, "geometry": {"type": "Point", "coordinates": [98.0138829, 4.4321527]}}, {"type": "Feature", "properties": {"assignment_id": "36b6b773-5748-4df9-a800-71ca5df7c02b", "latitude": 4.46534118, "longitude": 97.96276952, "kategori": "G"}, "geometry": {"type": "Point", "coordinates": [97.96276952, 4.46534118]}}, {"type": "Feature", "properties": {"assignment_id": "69bfa1b4-2eb4-414e-93b1-75dc090f11a8", "latitude": 4.5100835, "longitude": 97.9406653, "kategori": "H"}, "geometry": {"type": "Point", "coordinates": [97.9406653, 4.5100835]}}, {"type": "Feature", "properties": {"assignment_id": "c1706f4d-88e9-44b3-882c-b5cdc2a87e68", "latitude": 4.433995, "longitude": 98.0213517, "kategori": "A"}, "geometry": {"type": "Point", "coordinates": [98.0213517, 4.433995]}}, {"type": "Feature", "properties": {"assignment_id": "cc976529-e94f-480a-95f4-e487079642ed", "latitude": 4.455935, "longitude": 97.884655, "kategori": "A"}, "geometry": {"type": "Point", "coordinates": [97.884655, 4.455935]}}, {"type": "Feature", "properties": {"assignment_id": "db0bacd8-c206-42b5-bc7f-43e05685c43d", "latitude": 4.4668338, "longitude": 97.9408332, "kategori": "A"}, "geometry": {"type": "Point", "coordinates": [97.9408332, 4.4668338]}}, {"type": "Feature", "properties": {"assignment_id": "b202900d-400f-46a6-b2fd-3e5106a48c3b", "latitude": 4.4709386, "longitude": 97.9724266, "kategori": "C"}, "geometry": {"type": "Point", "coordinates": [97.9724266, 4.4709386]}}, {"type": "Feature", "properties": {"assignment_id": "4182617c-7776-4a8d-a884-fce2400f1a44", "latitude": 4.4990069, "longitude": 97.9678731, "kategori": "G"}, "geometry": {"type": "Point", "coordinates": [97.9678731, 4.4990069]}}, {"type": "Feature", "properties": {"assignment_id": "d10bf9c3-a276-4fbb-abdb-8ea92370d1f1", "latitude": 4.4731233, "longitude": 97.9563167, "kategori": "G"}, "geometry": {"type": "Point", "coordinates": [97.9563167, 4.4731233]}}, {"type": "Feature", "properties": {"assignment_id": "d5bd80ea-d64e-4032-9bb8-5d22fe21b05b", "latitude": 4.499245, "longitude": 97.97293833333333, "kategori": "A"}, "geometry": {"type": "Point", "coordinates": [97.97293833333333, 4.499245]}}, {"type": "Feature", "properties": {"assignment_id": "1d2e3311-32c3-4589-bb0b-2609d075def9", "latitude": 4.4235319, "longitude": 98.0228469, "kategori": "A"}, "geometry": {"type": "Point", "coordinates": [98.0228469, 4.4235319]}}, {"type": "Feature", "properties": {"assignment_id": "73f584bc-b450-475d-9986-934172302a6a", "latitude": 4.4662393, "longitude": 97.9548203, "kategori": "C"}, "geometry": {"type": "Point", "coordinates": [97.9548203, 4.4662393]}}, {"type": "Feature", "properties": {"assignment_id": "820c64d2-e27e-4bd1-ad93-7aaad6f4bcef", "latitude": 4.4375517, "longitude": 98.041415, "kategori": "A"}, "geometry": {"type": "Point", "coordinates": [98.041415, 4.4375517]}}, {"type": "Feature", "properties": {"assignment_id": "ce96e055-81a6-40e1-b6de-23b57f3cfaba", "latitude": 4.479975, "longitude": 97.94716833333332, "kategori": "G"}, "geometry": {"type": "Point", "coordinates": [97.94716833333332, 4.479975]}}, {"type": "Feature", "properties": {"assignment_id": "e1ae310f-3d3a-4663-bbe5-75c1720af281", "latitude": 4.44880254, "longitude": 98.02166218, "kategori": "A"}, "geometry": {"type": "Point", "coordinates": [98.02166218, 4.44880254]}}, {"type": "Feature", "properties": {"assignment_id": "57ae4321-222e-44af-a88e-c615f1e7ab93", "latitude": 4.47137239, "longitude": 97.9740298, "kategori": "G"}, "geometry": {"type": "Point", "coordinates": [97.9740298, 4.47137239]}}, {"type": "Feature", "properties": {"assignment_id": "58303058-8f0e-4823-8ba2-3d7554b8b9e3", "latitude": 4.4802857, "longitude": 97.9787966, "kategori": "C"}, "geometry": {"type": "Point", "coordinates": [97.9787966, 4.4802857]}}, {"type": "Feature", "properties": {"assignment_id": "60e25cf1-a114-4bfb-9f4d-13cdd30fa430", "latitude": 4.4699723, "longitude": 97.9743451, "kategori": "G"}, "geometry": {"type": "Point", "coordinates": [97.9743451, 4.4699723]}}, {"type": "Feature", "properties": {"assignment_id": "56a73979-7638-451e-ace7-3d3d81f40cc6", "latitude": 4.4882173, "longitude": 97.9560584, "kategori": "A"}, "geometry": {"type": "Point", "coordinates": [97.9560584, 4.4882173]}}, {"type": "Feature", "properties": {"assignment_id": "0e8dc42d-882c-4a6c-9b28-1408e2a1faed", "latitude": 4.458101666666667, "longitude": 97.98292833333335, "kategori": "A"}, "geometry": {"type": "Point", "coordinates": [97.98292833333335, 4.458101666666667]}}, {"type": "Feature", "properties": {"assignment_id": "333cda87-2f99-415b-94ea-523ff34f3f5a", "latitude": 4.4349318, "longitude": 97.9970172, "kategori": "A"}, "geometry": {"type": "Point", "coordinates": [97.9970172, 4.4349318]}}, {"type": "Feature", "properties": {"assignment_id": "73995ad4-3f47-43d7-b7be-d91bf59dc4ad", "latitude": 4.4312421, "longitude": 98.0248058, "kategori": "A"}, "geometry": {"type": "Point", "coordinates": [98.0248058, 4.4312421]}}, {"type": "Feature", "properties": {"assignment_id": "85029f8d-d9c7-40f9-8ef2-2be688ac83c6", "latitude": 4.436498333333334, "longitude": 98.01144000000001, "kategori": "F"}, "geometry": {"type": "Point", "coordinates": [98.01144000000001, 4.436498333333334]}}, {"type": "Feature", "properties": {"assignment_id": "9e03ef3b-fd06-4349-9c2f-123d1a2c0576", "latitude": 4.466733333333334, "longitude": 97.93318666666667, "kategori": "A"}, "geometry": {"type": "Point", "coordinates": [97.93318666666667, 4.466733333333334]}}, {"type": "Feature", "properties": {"assignment_id": "a8dea9ed-d3a3-4445-9031-9e77c1a86588", "latitude": 4.4603075, "longitude": 97.9829695, "kategori": "G"}, "geometry": {"type": "Point", "coordinates": [97.9829695, 4.4603075]}}, {"type": "Feature", "properties": {"assignment_id": "b64433f4-3179-46e8-8dd9-eaa80a024a1b", "latitude": 4.4383514, "longitude": 97.9713235, "kategori": "A"}, "geometry": {"type": "Point", "coordinates": [97.9713235, 4.4383514]}}, {"type": "Feature", "properties": {"assignment_id": "d2f41850-dbdc-4c07-92e5-fd2fef8e88a4", "latitude": 4.45851457, "longitude": 97.99504962, "kategori": "A"}, "geometry": {"type": "Point", "coordinates": [97.99504962, 4.45851457]}}, {"type": "Feature", "properties": {"assignment_id": "da414b70-f1d0-408c-bda9-77b136656222", "latitude": 4.4739193, "longitude": 97.976106, "kategori": "H"}, "geometry": {"type": "Point", "coordinates": [97.976106, 4.4739193]}}, {"type": "Feature", "properties": {"assignment_id": "da414b70-f1d0-408c-bda9-77b136656222", "latitude": 4.4739193, "longitude": 97.976106, "kategori": "C"}, "geometry": {"type": "Point", "coordinates": [97.976106, 4.4739193]}}, {"type": "Feature", "properties": {"assignment_id": "eaa3e73b-0fe2-4ce7-b5cc-4f17be0452bd", "latitude": 4.4388951, "longitude": 97.9974532, "kategori": "H"}, "geometry": {"type": "Point", "coordinates": [97.9974532, 4.4388951]}}, {"type": "Feature", "properties": {"assignment_id": "eff710ca-d742-431d-af8f-a3f4a623719f", "latitude": 4.50023, "longitude": 97.97049, "kategori": "A"}, "geometry": {"type": "Point", "coordinates": [97.97049, 4.50023]}}, {"type": "Feature", "properties": {"assignment_id": "2d3d2487-2de5-420c-90ff-1dc40ae7d671", "latitude": 4.4711172, "longitude": 97.9693951, "kategori": "C"}, "geometry": {"type": "Point", "coordinates": [97.9693951, 4.4711172]}}, {"type": "Feature", "properties": {"assignment_id": "8f81e797-e716-46e1-b7d3-f7244d5e8981", "latitude": 4.4275585, "longitude": 98.0232331, "kategori": "A"}, "geometry": {"type": "Point", "coordinates": [98.0232331, 4.4275585]}}, {"type": "Feature", "properties": {"assignment_id": "87186b42-22b6-4321-8c62-6d8db4a0e32d", "latitude": 4.4998047, "longitude": 97.9414289, "kategori": "G"}, "geometry": {"type": "Point", "coordinates": [97.9414289, 4.4998047]}}, {"type": "Feature", "properties": {"assignment_id": "1399d5fe-8d24-4f94-8853-4fadca5e6ac0", "latitude": 4.464796666666667, "longitude": 97.93511500000001, "kategori": "A"}, "geometry": {"type": "Point", "coordinates": [97.93511500000001, 4.464796666666667]}}, {"type": "Feature", "properties": {"assignment_id": "142493b2-ca08-4cca-9e9b-3b53d2b73927", "latitude": 4.5248002, "longitude": 97.9390393, "kategori": "G"}, "geometry": {"type": "Point", "coordinates": [97.9390393, 4.5248002]}}, {"type": "Feature", "properties": {"assignment_id": "1c80644a-02a9-48ce-99b5-031f658d1b8d", "latitude": 4.4446265, "longitude": 97.9939178, "kategori": "A"}, "geometry": {"type": "Point", "coordinates": [97.9939178, 4.4446265]}}, {"type": "Feature", "properties": {"assignment_id": "1c80644a-02a9-48ce-99b5-031f658d1b8d", "latitude": 4.4446265, "longitude": 97.9939178, "kategori": "G"}, "geometry": {"type": "Point", "coordinates": [97.9939178, 4.4446265]}}, {"type": "Feature", "properties": {"assignment_id": "34fc6ae3-eea4-4ec2-baa8-1a1fd88a4f47", "latitude": 4.442231666666667, "longitude": 97.98936499999999, "kategori": "G"}, "geometry": {"type": "Point", "coordinates": [97.98936499999999, 4.442231666666667]}}, {"type": "Feature", "properties": {"assignment_id": "602b8e1e-f5f0-4967-8069-683d6d8251c5", "latitude": 4.506755, "longitude": 98.0111848, "kategori": "C"}, "geometry": {"type": "Point", "coordinates": [98.0111848, 4.506755]}}, {"type": "Feature", "properties": {"assignment_id": "67dd79a8-3b91-4f0b-a9ae-e3c2a04b6b1b", "latitude": 4.458675, "longitude": 97.92957, "kategori": "A"}, "geometry": {"type": "Point", "coordinates": [97.92957, 4.458675]}}, {"type": "Feature", "properties": {"assignment_id": "8b49c487-687b-4d97-96ff-7855e02e1bc4", "latitude": 4.48082663, "longitude": 97.96791362, "kategori": "C"}, "geometry": {"type": "Point", "coordinates": [97.96791362, 4.48082663]}}, {"type": "Feature", "properties": {"assignment_id": "981ba15b-0609-439d-9fd9-89b1bfe70b9f", "latitude": 4.5019481, "longitude": 97.9560512, "kategori": "A"}, "geometry": {"type": "Point", "coordinates": [97.9560512, 4.5019481]}}, {"type": "Feature", "properties": {"assignment_id": "10e95fb9-653d-4751-b68c-9e5783b91219", "latitude": 4.460115, "longitude": 97.9774583, "kategori": "F"}, "geometry": {"type": "Point", "coordinates": [97.9774583, 4.460115]}}, {"type": "Feature", "properties": {"assignment_id": "5ab4da0e-b484-4176-a4b0-779f6a4021e4", "latitude": 4.5341133, "longitude": 97.9296029, "kategori": "A"}, "geometry": {"type": "Point", "coordinates": [97.9296029, 4.5341133]}}, {"type": "Feature", "properties": {"assignment_id": "5ab4da0e-b484-4176-a4b0-779f6a4021e4", "latitude": 4.5341133, "longitude": 97.9296029, "kategori": "G"}, "geometry": {"type": "Point", "coordinates": [97.9296029, 4.5341133]}}, {"type": "Feature", "properties": {"assignment_id": "0c7966c3-a0ed-443d-b25b-37d20716982e", "latitude": 4.4589313, "longitude": 97.9817596, "kategori": "H"}, "geometry": {"type": "Point", "coordinates": [97.9817596, 4.4589313]}}, {"type": "Feature", "properties": {"assignment_id": "33967d05-3640-46c1-998c-206ff03fd59a", "latitude": 4.4691969, "longitude": 97.9755851, "kategori": "G"}, "geometry": {"type": "Point", "coordinates": [97.9755851, 4.4691969]}}, {"type": "Feature", "properties": {"assignment_id": "431d6101-c64e-490a-be48-216dfe5c34f3", "latitude": 4.5231709, "longitude": 97.9401931, "kategori": "C"}, "geometry": {"type": "Point", "coordinates": [97.9401931, 4.5231709]}}, {"type": "Feature", "properties": {"assignment_id": "5866312f-224c-41f8-a0eb-83ebc4df1bd6", "latitude": 4.42169, "longitude": 98.02014166666667, "kategori": "A"}, "geometry": {"type": "Point", "coordinates": [98.02014166666667, 4.42169]}}, {"type": "Feature", "properties": {"assignment_id": "a220d7e8-a8a3-4ad6-be7a-1af948b75d2e", "latitude": 4.4361025, "longitude": 97.9903284, "kategori": "A"}, "geometry": {"type": "Point", "coordinates": [97.9903284, 4.4361025]}}, {"type": "Feature", "properties": {"assignment_id": "a220d7e8-a8a3-4ad6-be7a-1af948b75d2e", "latitude": 4.4361025, "longitude": 97.9903284, "kategori": "G"}, "geometry": {"type": "Point", "coordinates": [97.9903284, 4.4361025]}}, {"type": "Feature", "properties": {"assignment_id": "a5d52366-f827-4b64-aa2b-8398d18466c3", "latitude": 4.4409833, "longitude": 97.9726152, "kategori": "A"}, "geometry": {"type": "Point", "coordinates": [97.9726152, 4.4409833]}}, {"type": "Feature", "properties": {"assignment_id": "a5d52366-f827-4b64-aa2b-8398d18466c3", "latitude": 4.4409833, "longitude": 97.9726152, "kategori": "F"}, "geometry": {"type": "Point", "coordinates": [97.9726152, 4.4409833]}}, {"type": "Feature", "properties": {"assignment_id": "c4f31464-2559-47bf-9f35-4c66a42735a4", "latitude": 4.4562439, "longitude": 98.0061566, "kategori": "G"}, "geometry": {"type": "Point", "coordinates": [98.0061566, 4.4562439]}}, {"type": "Feature", "properties": {"assignment_id": "cf49523b-97d2-4251-ae76-beb78d47ca5a", "latitude": 4.4503085, "longitude": 97.97736988333332, "kategori": "A"}, "geometry": {"type": "Point", "coordinates": [97.97736988333332, 4.4503085]}}, {"type": "Feature", "properties": {"assignment_id": "fd08b8f6-802a-4067-8706-8a3e4cf04aeb", "latitude": 4.479153333333333, "longitude": 97.96262, "kategori": "A"}, "geometry": {"type": "Point", "coordinates": [97.96262, 4.479153333333333]}}, {"type": "Feature", "properties": {"assignment_id": "475c1074-4add-4cfd-a73c-6061a138b230", "latitude": 4.5514835, "longitude": 98.0664153, "kategori": "G"}, "geometry": {"type": "Point", "coordinates": [98.0664153, 4.5514835]}}, {"type": "Feature", "properties": {"assignment_id": "9217946e-16b6-4984-88e5-c0e8308b03c4", "latitude": 4.4815044, "longitude": 97.9798116, "kategori": "G"}, "geometry": {"type": "Point", "coordinates": [97.9798116, 4.4815044]}}, {"type": "Feature", "properties": {"assignment_id": "f7d5a332-897b-4b84-a40b-1e96dffd0f14", "latitude": 4.464094592258334, "longitude": 97.96587578952312, "kategori": "C"}, "geometry": {"type": "Point", "coordinates": [97.96587578952312, 4.464094592258334]}}, {"type": "Feature", "properties": {"assignment_id": "04056553-1be1-48b2-aeb3-7b57ed0d6cec", "latitude": 4.465426666666667, "longitude": 97.93696833333334, "kategori": "A"}, "geometry": {"type": "Point", "coordinates": [97.93696833333334, 4.465426666666667]}}, {"type": "Feature", "properties": {"assignment_id": "22d20779-aacd-42e9-a1a3-d846264efab8", "latitude": 4.4753419, "longitude": 97.9840532, "kategori": "C"}, "geometry": {"type": "Point", "coordinates": [97.9840532, 4.4753419]}}, {"type": "Feature", "properties": {"assignment_id": "356f4c2a-27de-4bc9-ba30-6978d374f80f", "latitude": 4.4629145, "longitude": 97.967368, "kategori": "Q"}, "geometry": {"type": "Point", "coordinates": [97.967368, 4.4629145]}}, {"type": "Feature", "properties": {"assignment_id": "3c613fd2-eb25-4120-adbc-f9f4c8c50612", "latitude": 4.5516616, "longitude": 98.0660907, "kategori": "H"}, "geometry": {"type": "Point", "coordinates": [98.0660907, 4.5516616]}}, {"type": "Feature", "properties": {"assignment_id": "5f6f659d-716e-4db0-b864-cf6bffbdf2c2", "latitude": 4.4594533, "longitude": 97.9783967, "kategori": "C"}, "geometry": {"type": "Point", "coordinates": [97.9783967, 4.4594533]}}, {"type": "Feature", "properties": {"assignment_id": "979e9071-e14c-493f-89a0-4e432d2362bb", "latitude": 4.4410967, "longitude": 97.990835, "kategori": "A"}, "geometry": {"type": "Point", "coordinates": [97.990835, 4.4410967]}}, {"type": "Feature", "properties": {"assignment_id": "979e9071-e14c-493f-89a0-4e432d2362bb", "latitude": 4.4410967, "longitude": 97.990835, "kategori": "C"}, "geometry": {"type": "Point", "coordinates": [97.990835, 4.4410967]}}, {"type": "Feature", "properties": {"assignment_id": "9cc7c91e-64dd-451d-945b-cbae83341cde", "latitude": 4.4331833, "longitude": 98.0204533, "kategori": "F"}, "geometry": {"type": "Point", "coordinates": [98.0204533, 4.4331833]}}, {"type": "Feature", "properties": {"assignment_id": "a4c94236-8304-49c0-a4b0-e05e5a0a8ea3", "latitude": 4.4665269, "longitude": 97.9560512, "kategori": "C"}, "geometry": {"type": "Point", "coordinates": [97.9560512, 4.4665269]}}, {"type": "Feature", "properties": {"assignment_id": "b3e0cc77-d63c-46d8-8790-a433ab20a3c4", "latitude": 4.455711, "longitude": 97.9287601, "kategori": "A"}, "geometry": {"type": "Point", "coordinates": [97.9287601, 4.455711]}}, {"type": "Feature", "properties": {"assignment_id": "c409e9e6-cb5d-4677-971b-55882d588220", "latitude": 4.4355979, "longitude": 98.0142468, "kategori": "F"}, "geometry": {"type": "Point", "coordinates": [98.0142468, 4.4355979]}}, {"type": "Feature", "properties": {"assignment_id": "ccaa5c5e-dbdb-4d74-b7c2-d0d0266454ab", "latitude": 4.5026981, "longitude": 97.9607999, "kategori": "G"}, "geometry": {"type": "Point", "coordinates": [97.9607999, 4.5026981]}}, {"type": "Feature", "properties": {"assignment_id": "eed228b0-5055-4226-b733-77489a31dac7", "latitude": 4.4748778, "longitude": 97.9671656, "kategori": "C"}, "geometry": {"type": "Point", "coordinates": [97.9671656, 4.4748778]}}, {"type": "Feature", "properties": {"assignment_id": "f7b66468-5001-44b4-9ea6-a1ee8855373e", "latitude": 4.4315403, "longitude": 98.0234838, "kategori": "A"}, "geometry": {"type": "Point", "coordinates": [98.0234838, 4.4315403]}}, {"type": "Feature", "properties": {"assignment_id": "d7941f94-b1a5-4731-89f4-872480aea7a1", "latitude": 4.4272707, "longitude": 98.0224106, "kategori": "A"}, "geometry": {"type": "Point", "coordinates": [98.0224106, 4.4272707]}}, {"type": "Feature", "properties": {"assignment_id": "ebd54016-6776-4a95-9f45-7a4f1d22419f", "latitude": 4.495533, "longitude": 97.9948068, "kategori": "A"}, "geometry": {"type": "Point", "coordinates": [97.9948068, 4.495533]}}, {"type": "Feature", "properties": {"assignment_id": "3557c9cf-0206-49e1-8851-cb1b702d1522", "latitude": 4.4768878, "longitude": 97.9842901, "kategori": "A"}, "geometry": {"type": "Point", "coordinates": [97.9842901, 4.4768878]}}, {"type": "Feature", "properties": {"assignment_id": "8022351e-3d90-40fd-91a6-8717b7ff8afd", "latitude": 4.4628229, "longitude": 97.941156, "kategori": "G"}, "geometry": {"type": "Point", "coordinates": [97.941156, 4.4628229]}}, {"type": "Feature", "properties": {"assignment_id": "b1a5eecd-782c-4967-b26f-c707e5e0d9e4", "latitude": 4.489708333333334, "longitude": 97.95931999999999, "kategori": "A"}, "geometry": {"type": "Point", "coordinates": [97.95931999999999, 4.489708333333334]}}, {"type": "Feature", "properties": {"assignment_id": "b7793c87-70e2-4bf8-a827-b81ce7b750fa", "latitude": 4.4286591, "longitude": 98.0244513, "kategori": "A"}, "geometry": {"type": "Point", "coordinates": [98.0244513, 4.4286591]}}, {"type": "Feature", "properties": {"assignment_id": "9d1e13fe-eb9a-45fa-99d3-b41ee9eeb9e7", "latitude": 4.470694, "longitude": 97.9517605, "kategori": "R"}, "geometry": {"type": "Point", "coordinates": [97.9517605, 4.470694]}}, {"type": "Feature", "properties": {"assignment_id": "eb0789fa-e0a6-4e9f-acfb-c8d375b41a59", "latitude": 4.47197, "longitude": 97.95703666666668, "kategori": "A"}, "geometry": {"type": "Point", "coordinates": [97.95703666666668, 4.47197]}}, {"type": "Feature", "properties": {"assignment_id": "9afa5da9-0ab7-4cae-b23a-1f8997b79385", "latitude": 4.46090218, "longitude": 97.96529372, "kategori": "A"}, "geometry": {"type": "Point", "coordinates": [97.96529372, 4.46090218]}}, {"type": "Feature", "properties": {"assignment_id": "06a666ec-eb57-49bf-a14f-9a199eaab22c", "latitude": 4.4746805, "longitude": 97.9515232, "kategori": "G"}, "geometry": {"type": "Point", "coordinates": [97.9515232, 4.4746805]}}, {"type": "Feature", "properties": {"assignment_id": "1e5b4c4f-f67f-4a61-9898-a9bc2a124af4", "latitude": 4.4898068, "longitude": 97.9558242, "kategori": "G"}, "geometry": {"type": "Point", "coordinates": [97.9558242, 4.4898068]}}, {"type": "Feature", "properties": {"assignment_id": "2109365a-7604-4428-81b8-457299463952", "latitude": 4.497455, "longitude": 97.96007666666668, "kategori": "A"}, "geometry": {"type": "Point", "coordinates": [97.96007666666668, 4.497455]}}, {"type": "Feature", "properties": {"assignment_id": "3d10b649-c545-4250-8bce-b399206b132f", "latitude": 4.4387097, "longitude": 98.0147703, "kategori": "A"}, "geometry": {"type": "Point", "coordinates": [98.0147703, 4.4387097]}}, {"type": "Feature", "properties": {"assignment_id": "4a3a8abb-6577-4365-9ff4-7067baed32cc", "latitude": 4.4464731, "longitude": 97.9449352, "kategori": "G"}, "geometry": {"type": "Point", "coordinates": [97.9449352, 4.4464731]}}, {"type": "Feature", "properties": {"assignment_id": "ac0ccc4c-08e8-4bb1-a769-fa23cb53e283", "latitude": 4.480005, "longitude": 97.96378333333332, "kategori": "A"}, "geometry": {"type": "Point", "coordinates": [97.96378333333332, 4.480005]}}, {"type": "Feature", "properties": {"assignment_id": "bb7497db-d611-4287-b296-fb13245fe650", "latitude": 4.4684217, "longitude": 97.9713133, "kategori": "A"}, "geometry": {"type": "Point", "coordinates": [97.9713133, 4.4684217]}}, {"type": "Feature", "properties": {"assignment_id": "bb7497db-d611-4287-b296-fb13245fe650", "latitude": 4.4684217, "longitude": 97.9713133, "kategori": "F"}, "geometry": {"type": "Point", "coordinates": [97.9713133, 4.4684217]}}, {"type": "Feature", "properties": {"assignment_id": "ddfc6a3d-93e1-487f-9d9a-d40e0c1a3f0c", "latitude": 4.44876316, "longitude": 98.02135318, "kategori": "A"}, "geometry": {"type": "Point", "coordinates": [98.02135318, 4.44876316]}}, {"type": "Feature", "properties": {"assignment_id": "eb0e36d5-46dd-4c4b-bc3b-e8d1f42ebb29", "latitude": 4.4707594, "longitude": 97.9832945, "kategori": "F"}, "geometry": {"type": "Point", "coordinates": [97.9832945, 4.4707594]}}, {"type": "Feature", "properties": {"assignment_id": "f8b1772c-d277-4f84-b562-ee01aecf4e26", "latitude": 4.5046468, "longitude": 97.9631997, "kategori": "A"}, "geometry": {"type": "Point", "coordinates": [97.9631997, 4.5046468]}}, {"type": "Feature", "properties": {"assignment_id": "577136d6-ec21-4be5-9155-85a2b43ae98c", "latitude": 4.489821666666667, "longitude": 97.97067333333334, "kategori": "Q"}, "geometry": {"type": "Point", "coordinates": [97.97067333333334, 4.489821666666667]}}, {"type": "Feature", "properties": {"assignment_id": "0f4cfc8a-4965-487f-834c-d6c7b33ab234", "latitude": 4.4691017, "longitude": 97.9470646, "kategori": "G"}, "geometry": {"type": "Point", "coordinates": [97.9470646, 4.4691017]}}, {"type": "Feature", "properties": {"assignment_id": "1e048479-7c48-4333-baf8-cfb4bc6c1d91", "latitude": 4.4973872, "longitude": 98.0022698, "kategori": "A"}, "geometry": {"type": "Point", "coordinates": [98.0022698, 4.4973872]}}, {"type": "Feature", "properties": {"assignment_id": "1e048479-7c48-4333-baf8-cfb4bc6c1d91", "latitude": 4.4973872, "longitude": 98.0022698, "kategori": "C"}, "geometry": {"type": "Point", "coordinates": [98.0022698, 4.4973872]}}, {"type": "Feature", "properties": {"assignment_id": "255d118d-ac47-42b4-8326-fcc3131139c6", "latitude": 4.439795, "longitude": 98.0158167, "kategori": "A"}, "geometry": {"type": "Point", "coordinates": [98.0158167, 4.439795]}}, {"type": "Feature", "properties": {"assignment_id": "282cf02e-4375-43a8-93e5-825af7183f51", "latitude": 4.4714106, "longitude": 97.9558313, "kategori": "G"}, "geometry": {"type": "Point", "coordinates": [97.9558313, 4.4714106]}}, {"type": "Feature", "properties": {"assignment_id": "300f8e62-d37e-4b50-b907-ffbf510f4eab", "latitude": 4.4827407, "longitude": 97.9787899, "kategori": "C"}, "geometry": {"type": "Point", "coordinates": [97.9787899, 4.4827407]}}, {"type": "Feature", "properties": {"assignment_id": "323e06f4-5147-4e40-8e53-f5a92d9d3e92", "latitude": 4.468246, "longitude": 97.9631189, "kategori": "C"}, "geometry": {"type": "Point", "coordinates": [97.9631189, 4.468246]}}, {"type": "Feature", "properties": {"assignment_id": "60ed4c8f-4cf6-4bc9-ad77-7959238ebe96", "latitude": 4.4609851, "longitude": 97.9659969, "kategori": "A"}, "geometry": {"type": "Point", "coordinates": [97.9659969, 4.4609851]}}, {"type": "Feature", "properties": {"assignment_id": "885fbf42-d1af-4a44-8c2e-e1cd7f2d83de", "latitude": 4.4962255, "longitude": 97.966072, "kategori": "A"}, "geometry": {"type": "Point", "coordinates": [97.966072, 4.4962255]}}, {"type": "Feature", "properties": {"assignment_id": "c647dcf7-66df-4e23-b347-2bd814598f19", "latitude": 4.4414327, "longitude": 98.0135483, "kategori": "A"}, "geometry": {"type": "Point", "coordinates": [98.0135483, 4.4414327]}}, {"type": "Feature", "properties": {"assignment_id": "e6d8aac6-afd7-4319-8b64-f1460be91a85", "latitude": 4.475046666666667, "longitude": 97.95718833333333, "kategori": "C"}, "geometry": {"type": "Point", "coordinates": [97.95718833333333, 4.475046666666667]}}, {"type": "Feature", "properties": {"assignment_id": "5c61ce99-2138-4e3b-8104-b1fe6f489a25", "latitude": 4.4872528, "longitude": 97.9712692, "kategori": "G"}, "geometry": {"type": "Point", "coordinates": [97.9712692, 4.4872528]}}, {"type": "Feature", "properties": {"assignment_id": "a921c13f-4cfb-4e6e-a72c-d6a4820b6bf2", "latitude": 4.4886437, "longitude": 97.9748782, "kategori": "A"}, "geometry": {"type": "Point", "coordinates": [97.9748782, 4.4886437]}}, {"type": "Feature", "properties": {"assignment_id": "ebea0ba4-6bc5-45ef-b3b7-1a29f459060f", "latitude": 4.43092, "longitude": 98.04027, "kategori": "A"}, "geometry": {"type": "Point", "coordinates": [98.04027, 4.43092]}}, {"type": "Feature", "properties": {"assignment_id": "ebea0ba4-6bc5-45ef-b3b7-1a29f459060f", "latitude": 4.43092, "longitude": 98.04027, "kategori": "F"}, "geometry": {"type": "Point", "coordinates": [98.04027, 4.43092]}}, {"type": "Feature", "properties": {"assignment_id": "eabe4424-2c6b-412b-8bc5-9f3eda0739b1", "latitude": 4.47676, "longitude": 97.97799000000002, "kategori": "G"}, "geometry": {"type": "Point", "coordinates": [97.97799000000002, 4.47676]}}, {"type": "Feature", "properties": {"assignment_id": "1c59aa3e-a66d-47a5-8c61-f3c82e527b7a", "latitude": 4.47836626, "longitude": 97.96749556, "kategori": "C"}, "geometry": {"type": "Point", "coordinates": [97.96749556, 4.47836626]}}, {"type": "Feature", "properties": {"assignment_id": "35d7b575-ec1e-493b-8c49-ceb56ab9736e", "latitude": 4.4835915, "longitude": 97.9572412, "kategori": "A"}, "geometry": {"type": "Point", "coordinates": [97.9572412, 4.4835915]}}, {"type": "Feature", "properties": {"assignment_id": "393717c8-833c-480d-894c-2c816fedbdbb", "latitude": 4.4409455, "longitude": 97.9689091, "kategori": "A"}, "geometry": {"type": "Point", "coordinates": [97.9689091, 4.4409455]}}, {"type": "Feature", "properties": {"assignment_id": "68bc37bc-a74d-4ced-97be-f66de8504364", "latitude": 4.467770883333333, "longitude": 97.95228784999999, "kategori": "H"}, "geometry": {"type": "Point", "coordinates": [97.95228784999999, 4.467770883333333]}}, {"type": "Feature", "properties": {"assignment_id": "87776da8-1f55-4264-9485-4e97a9e11ce5", "latitude": 4.4779852, "longitude": 97.9451739, "kategori": "A"}, "geometry": {"type": "Point", "coordinates": [97.9451739, 4.4779852]}}, {"type": "Feature", "properties": {"assignment_id": "c64a32e5-985c-469e-a923-ec4edf0b1a17", "latitude": 4.4967178, "longitude": 97.9686672, "kategori": "C"}, "geometry": {"type": "Point", "coordinates": [97.9686672, 4.4967178]}}, {"type": "Feature", "properties": {"assignment_id": "d6de408b-6695-4477-820b-090ff65097c1", "latitude": 4.4652684, "longitude": 97.9643134, "kategori": "G"}, "geometry": {"type": "Point", "coordinates": [97.9643134, 4.4652684]}}, {"type": "Feature", "properties": {"assignment_id": "de3c9cbb-43e5-4334-9594-4e855423d5b9", "latitude": 4.4693089, "longitude": 97.9767114, "kategori": "G"}, "geometry": {"type": "Point", "coordinates": [97.9767114, 4.4693089]}}, {"type": "Feature", "properties": {"assignment_id": "8d4d9c90-70d6-4fc7-be67-98b4450ec9f3", "latitude": 4.4769836, "longitude": 97.9749964, "kategori": "A"}, "geometry": {"type": "Point", "coordinates": [97.9749964, 4.4769836]}}, {"type": "Feature", "properties": {"assignment_id": "f8a95306-7d2c-42d6-a6f2-51bc78d7f6b4", "latitude": 4.4898239, "longitude": 97.91128, "kategori": "A"}, "geometry": {"type": "Point", "coordinates": [97.91128, 4.4898239]}}, {"type": "Feature", "properties": {"assignment_id": "e684b9dd-a911-47ef-bd3d-05c07e00709a", "latitude": 4.4372983, "longitude": 98.0196021, "kategori": "A"}, "geometry": {"type": "Point", "coordinates": [98.0196021, 4.4372983]}}, {"type": "Feature", "properties": {"assignment_id": "03e2fa9b-7d99-45d7-b0ae-ff80e8d2cb56", "latitude": 4.4362362, "longitude": 98.0148629, "kategori": "A"}, "geometry": {"type": "Point", "coordinates": [98.0148629, 4.4362362]}}, {"type": "Feature", "properties": {"assignment_id": "11c72ff6-218e-48b0-b211-bb33e3743c35", "latitude": 4.479741, "longitude": 97.9465291, "kategori": "G"}, "geometry": {"type": "Point", "coordinates": [97.9465291, 4.479741]}}, {"type": "Feature", "properties": {"assignment_id": "3dfdc48f-95ff-4c05-9128-2e02bb551487", "latitude": 4.4687105, "longitude": 97.9742571, "kategori": "G"}, "geometry": {"type": "Point", "coordinates": [97.9742571, 4.4687105]}}, {"type": "Feature", "properties": {"assignment_id": "60939764-0dee-4c68-9167-de27cdd58033", "latitude": 4.4609514, "longitude": 97.9935286, "kategori": "A"}, "geometry": {"type": "Point", "coordinates": [97.9935286, 4.4609514]}}, {"type": "Feature", "properties": {"assignment_id": "60939764-0dee-4c68-9167-de27cdd58033", "latitude": 4.4609514, "longitude": 97.9935286, "kategori": "G"}, "geometry": {"type": "Point", "coordinates": [97.9935286, 4.4609514]}}, {"type": "Feature", "properties": {"assignment_id": "76d874e3-7ccd-4eed-8d40-60d90d908e0f", "latitude": 4.441066666666667, "longitude": 97.97230666666668, "kategori": "A"}, "geometry": {"type": "Point", "coordinates": [97.97230666666668, 4.441066666666667]}}, {"type": "Feature", "properties": {"assignment_id": "94cd2f8e-2803-4ca6-86dc-cf495cf1b548", "latitude": 4.4602397, "longitude": 97.9892935, "kategori": "G"}, "geometry": {"type": "Point", "coordinates": [97.9892935, 4.4602397]}}, {"type": "Feature", "properties": {"assignment_id": "9c88b21c-bb38-4460-94c5-b4eaaae51b66", "latitude": 4.4349124, "longitude": 98.0138772, "kategori": "A"}, "geometry": {"type": "Point", "coordinates": [98.0138772, 4.4349124]}}, {"type": "Feature", "properties": {"assignment_id": "9c88b21c-bb38-4460-94c5-b4eaaae51b66", "latitude": 4.4349124, "longitude": 98.0138772, "kategori": "G"}, "geometry": {"type": "Point", "coordinates": [98.0138772, 4.4349124]}}, {"type": "Feature", "properties": {"assignment_id": "d5516bc2-e5e4-4c04-bbbd-2302132fc267", "latitude": 4.45796369, "longitude": 97.99123029, "kategori": "A"}, "geometry": {"type": "Point", "coordinates": [97.99123029, 4.45796369]}}, {"type": "Feature", "properties": {"assignment_id": "fe67078e-7f5f-4e3f-8e51-3bef42c547b2", "latitude": 4.440144916666667, "longitude": 98.01343016666667, "kategori": "A"}, "geometry": {"type": "Point", "coordinates": [98.01343016666667, 4.440144916666667]}}, {"type": "Feature", "properties": {"assignment_id": "3e512f2c-5609-4aaf-b31f-4c93c4cce0a1", "latitude": 4.52117891, "longitude": 97.93792111, "kategori": "G"}, "geometry": {"type": "Point", "coordinates": [97.93792111, 4.52117891]}}, {"type": "Feature", "properties": {"assignment_id": "5341d83e-fdb5-41d5-bc98-ee0eb4693056", "latitude": 4.4283875, "longitude": 98.0231759, "kategori": "A"}, "geometry": {"type": "Point", "coordinates": [98.0231759, 4.4283875]}}, {"type": "Feature", "properties": {"assignment_id": "caf51a4e-b38b-4621-bd0e-3ed152ae1253", "latitude": 4.4597534, "longitude": 97.9886212, "kategori": "A"}, "geometry": {"type": "Point", "coordinates": [97.9886212, 4.4597534]}}, {"type": "Feature", "properties": {"assignment_id": "fc1a200a-b558-41d7-852b-50bf8b7592e2", "latitude": 4.4792773, "longitude": 97.9558403, "kategori": "G"}, "geometry": {"type": "Point", "coordinates": [97.9558403, 4.4792773]}}, {"type": "Feature", "properties": {"assignment_id": "42e13028-d1d5-4bd9-8871-72eb4c64db9c", "latitude": 4.47015, "longitude": 97.93398, "kategori": "A"}, "geometry": {"type": "Point", "coordinates": [97.93398, 4.47015]}}, {"type": "Feature", "properties": {"assignment_id": "42e13028-d1d5-4bd9-8871-72eb4c64db9c", "latitude": 4.47015, "longitude": 97.93398, "kategori": "C"}, "geometry": {"type": "Point", "coordinates": [97.93398, 4.47015]}}, {"type": "Feature", "properties": {"assignment_id": "1294eef1-7878-453f-8b96-6ddad80211c8", "latitude": 4.4397546, "longitude": 97.9715359, "kategori": "A"}, "geometry": {"type": "Point", "coordinates": [97.9715359, 4.4397546]}}, {"type": "Feature", "properties": {"assignment_id": "26eda5f1-f59f-48e0-ab52-f6f6eefd7b67", "latitude": 4.4860372, "longitude": 97.9661137, "kategori": "A"}, "geometry": {"type": "Point", "coordinates": [97.9661137, 4.4860372]}}, {"type": "Feature", "properties": {"assignment_id": "58625b81-4ff0-4802-893b-661c8986898b", "latitude": 4.4694400000000005, "longitude": 97.93527666666665, "kategori": "C"}, "geometry": {"type": "Point", "coordinates": [97.93527666666665, 4.4694400000000005]}}, {"type": "Feature", "properties": {"assignment_id": "892fe0ad-e940-48ae-b055-983b78a76825", "latitude": 4.4792749, "longitude": 97.9799438, "kategori": "G"}, "geometry": {"type": "Point", "coordinates": [97.9799438, 4.4792749]}}, {"type": "Feature", "properties": {"assignment_id": "dc50a924-5c66-4df1-adc5-0ccfc8f2af9a", "latitude": 4.4825257, "longitude": 97.9770472, "kategori": "G"}, "geometry": {"type": "Point", "coordinates": [97.9770472, 4.4825257]}}, {"type": "Feature", "properties": {"assignment_id": "e6adc16e-2a5f-4696-956f-92af8cc8c474", "latitude": 4.4773512, "longitude": 97.9791724, "kategori": "H"}, "geometry": {"type": "Point", "coordinates": [97.9791724, 4.4773512]}}, {"type": "Feature", "properties": {"assignment_id": "f671771a-0cc6-4bff-8e5d-4e76eb5bb900", "latitude": 4.4766868, "longitude": 97.972174, "kategori": "H"}, "geometry": {"type": "Point", "coordinates": [97.972174, 4.4766868]}}, {"type": "Feature", "properties": {"assignment_id": "e0f824ca-3c00-439f-a812-58baf251158f", "latitude": 4.4911443, "longitude": 97.9323508, "kategori": "G"}, "geometry": {"type": "Point", "coordinates": [97.9323508, 4.4911443]}}, {"type": "Feature", "properties": {"assignment_id": "3873071d-f2cb-4898-abad-dcc7aa1f5eb1", "latitude": 4.478678333333334, "longitude": 97.95592, "kategori": "R"}, "geometry": {"type": "Point", "coordinates": [97.95592, 4.478678333333334]}}, {"type": "Feature", "properties": {"assignment_id": "0b24f67f-5b6b-41bf-a322-6abb7ff4d70f", "latitude": 4.4947757, "longitude": 97.9459385, "kategori": "R"}, "geometry": {"type": "Point", "coordinates": [97.9459385, 4.4947757]}}, {"type": "Feature", "properties": {"assignment_id": "1ecd78dd-7d55-425f-bd6e-ac1d19bfc7ca", "latitude": 4.4661076, "longitude": 97.9029962, "kategori": "A"}, "geometry": {"type": "Point", "coordinates": [97.9029962, 4.4661076]}}, {"type": "Feature", "properties": {"assignment_id": "361b16cd-7dd7-477e-9d46-2709483d982d", "latitude": 4.44775745, "longitude": 98.02951496, "kategori": "A"}, "geometry": {"type": "Point", "coordinates": [98.02951496, 4.44775745]}}, {"type": "Feature", "properties": {"assignment_id": "3e1b1abb-40f7-4c98-8c9a-ed76cbfba9e7", "latitude": 4.5004898, "longitude": 97.9587949, "kategori": "C"}, "geometry": {"type": "Point", "coordinates": [97.9587949, 4.5004898]}}, {"type": "Feature", "properties": {"assignment_id": "73419ef2-3f06-48af-a625-7cdcb644227d", "latitude": 4.4938403, "longitude": 97.9619365, "kategori": "A"}, "geometry": {"type": "Point", "coordinates": [97.9619365, 4.4938403]}}, {"type": "Feature", "properties": {"assignment_id": "8dd51d0d-42cd-4d74-b626-fa63a5b7f1a0", "latitude": 4.480377, "longitude": 97.9476389, "kategori": "A"}, "geometry": {"type": "Point", "coordinates": [97.9476389, 4.480377]}}, {"type": "Feature", "properties": {"assignment_id": "8dd51d0d-42cd-4d74-b626-fa63a5b7f1a0", "latitude": 4.480377, "longitude": 97.9476389, "kategori": "G"}, "geometry": {"type": "Point", "coordinates": [97.9476389, 4.480377]}}, {"type": "Feature", "properties": {"assignment_id": "8ed5690f-8b54-46d9-8fb6-87af969feb04", "latitude": 4.484451930038631, "longitude": 97.97032071277499, "kategori": "C"}, "geometry": {"type": "Point", "coordinates": [97.97032071277499, 4.484451930038631]}}, {"type": "Feature", "properties": {"assignment_id": "ba0fca23-ffb0-42d4-9be1-30bbd08c5b0e", "latitude": 4.472126666666667, "longitude": 97.94895166666666, "kategori": "G"}, "geometry": {"type": "Point", "coordinates": [97.94895166666666, 4.472126666666667]}}, {"type": "Feature", "properties": {"assignment_id": "c870f414-736d-4af6-9a2d-e7c8550c062f", "latitude": 4.4349646, "longitude": 98.0140342, "kategori": "A"}, "geometry": {"type": "Point", "coordinates": [98.0140342, 4.4349646]}}, {"type": "Feature", "properties": {"assignment_id": "e7608d50-8a60-45a0-b640-e408099fcd86", "latitude": 4.44049, "longitude": 98.0016, "kategori": "A"}, "geometry": {"type": "Point", "coordinates": [98.0016, 4.44049]}}, {"type": "Feature", "properties": {"assignment_id": "edd5e5e3-b097-473b-8f01-79fafa9a6e1c", "latitude": 4.465628333333333, "longitude": 97.97194166666668, "kategori": "C"}, "geometry": {"type": "Point", "coordinates": [97.97194166666668, 4.465628333333333]}}, {"type": "Feature", "properties": {"assignment_id": "f432a698-2546-48ba-bfb4-92ff67a7d7b1", "latitude": 4.4317438, "longitude": 98.0132057, "kategori": "A"}, "geometry": {"type": "Point", "coordinates": [98.0132057, 4.4317438]}}, {"type": "Feature", "properties": {"assignment_id": "412eaf95-7e37-4810-aa2b-cee79c3c8b09", "latitude": 4.437542966666667, "longitude": 98.02011588333335, "kategori": "A"}, "geometry": {"type": "Point", "coordinates": [98.02011588333335, 4.437542966666667]}}, {"type": "Feature", "properties": {"assignment_id": "1473c0d8-9f2a-41bf-b3d9-f78164c55244", "latitude": 4.4350033, "longitude": 98.0221383, "kategori": "A"}, "geometry": {"type": "Point", "coordinates": [98.0221383, 4.4350033]}}, {"type": "Feature", "properties": {"assignment_id": "1473c0d8-9f2a-41bf-b3d9-f78164c55244", "latitude": 4.4350033, "longitude": 98.0221383, "kategori": "G"}, "geometry": {"type": "Point", "coordinates": [98.0221383, 4.4350033]}}, {"type": "Feature", "properties": {"assignment_id": "3a685d3d-39a8-43f6-bfa3-41ad913b0e67", "latitude": 4.44839689, "longitude": 98.02846603, "kategori": "A"}, "geometry": {"type": "Point", "coordinates": [98.02846603, 4.44839689]}}, {"type": "Feature", "properties": {"assignment_id": "4eb1ddaa-61e3-4d92-a48e-3953f431bae3", "latitude": 4.468837, "longitude": 97.933236, "kategori": "A"}, "geometry": {"type": "Point", "coordinates": [97.933236, 4.468837]}}, {"type": "Feature", "properties": {"assignment_id": "686690ba-858f-4b24-a18e-6048c8e6ddb0", "latitude": 4.459498333333333, "longitude": 97.96886166666667, "kategori": "C"}, "geometry": {"type": "Point", "coordinates": [97.96886166666667, 4.459498333333333]}}, {"type": "Feature", "properties": {"assignment_id": "b6819011-203f-4cf3-a3d6-656136e33117", "latitude": 4.483907190151513, "longitude": 97.97267435118556, "kategori": "G"}, "geometry": {"type": "Point", "coordinates": [97.97267435118556, 4.483907190151513]}}, {"type": "Feature", "properties": {"assignment_id": "b9ddec94-b73a-40d9-842a-00850367b037", "latitude": 4.4407016666666665, "longitude": 97.99019166666668, "kategori": "A"}, "geometry": {"type": "Point", "coordinates": [97.99019166666668, 4.4407016666666665]}}, {"type": "Feature", "properties": {"assignment_id": "c5c8eb67-8634-4a9a-aa72-a822ca9979df", "latitude": 4.4437983333333335, "longitude": 97.99186166666665, "kategori": "A"}, "geometry": {"type": "Point", "coordinates": [97.99186166666665, 4.4437983333333335]}}, {"type": "Feature", "properties": {"assignment_id": "d9ce05a3-a3db-4cf9-934c-5e05cbeb49c8", "latitude": 4.465051666666667, "longitude": 97.952925, "kategori": "C"}, "geometry": {"type": "Point", "coordinates": [97.952925, 4.465051666666667]}}, {"type": "Feature", "properties": {"assignment_id": "de8b0ee8-82fa-46e1-ac3f-60f7c9b96e61", "latitude": 4.4284404, "longitude": 98.0236739, "kategori": "A"}, "geometry": {"type": "Point", "coordinates": [98.0236739, 4.4284404]}}, {"type": "Feature", "properties": {"assignment_id": "df810d99-9fa9-4faf-8acb-c91c1659f636", "latitude": 4.441138333333333, "longitude": 98.00556833333333, "kategori": "A"}, "geometry": {"type": "Point", "coordinates": [98.00556833333333, 4.441138333333333]}}, {"type": "Feature", "properties": {"assignment_id": "6dfacbdb-33a2-4dff-bea7-242b99ebc4f6", "latitude": 4.4471422, "longitude": 98.0043892, "kategori": "A"}, "geometry": {"type": "Point", "coordinates": [98.0043892, 4.4471422]}}, {"type": "Feature", "properties": {"assignment_id": "75def5b6-926a-45b3-aa74-6da30f975006", "latitude": 4.4283604, "longitude": 98.0226874, "kategori": "A"}, "geometry": {"type": "Point", "coordinates": [98.0226874, 4.4283604]}}, {"type": "Feature", "properties": {"assignment_id": "95050a35-7d5d-438b-bf57-0ad9220a0543", "latitude": 4.4293474, "longitude": 98.039577, "kategori": "A"}, "geometry": {"type": "Point", "coordinates": [98.039577, 4.4293474]}}, {"type": "Feature", "properties": {"assignment_id": "fdb918b0-c322-4008-bf1b-cef99e42b05a", "latitude": 4.4502083, "longitude": 97.9220033, "kategori": "A"}, "geometry": {"type": "Point", "coordinates": [97.9220033, 4.4502083]}}, {"type": "Feature", "properties": {"assignment_id": "310e93d6-baf9-4d53-b2fe-ad386fb9ca60", "latitude": 4.4667593, "longitude": 97.9533088, "kategori": "G"}, "geometry": {"type": "Point", "coordinates": [97.9533088, 4.4667593]}}, {"type": "Feature", "properties": {"assignment_id": "10833f63-5631-443f-9b3d-7ffbbc067011", "latitude": 4.4782313, "longitude": 97.9794653, "kategori": "G"}, "geometry": {"type": "Point", "coordinates": [97.9794653, 4.4782313]}}, {"type": "Feature", "properties": {"assignment_id": "65bba593-91ce-4df4-85db-58079926dba9", "latitude": 4.4725839, "longitude": 97.9844603, "kategori": "C"}, "geometry": {"type": "Point", "coordinates": [97.9844603, 4.4725839]}}, {"type": "Feature", "properties": {"assignment_id": "827da14f-52e9-4fa6-9306-d14e63554f01", "latitude": 4.465930999999999, "longitude": 97.95741406666666, "kategori": "G"}, "geometry": {"type": "Point", "coordinates": [97.95741406666666, 4.465930999999999]}}, {"type": "Feature", "properties": {"assignment_id": "a7989763-fb41-4cbe-9d14-12136f119f0b", "latitude": 4.4693005, "longitude": 97.9610882, "kategori": "C"}, "geometry": {"type": "Point", "coordinates": [97.9610882, 4.4693005]}}, {"type": "Feature", "properties": {"assignment_id": "c994ed6e-bdf8-4490-a9f6-94bd3c99723d", "latitude": 4.4975558, "longitude": 98.0017687, "kategori": "G"}, "geometry": {"type": "Point", "coordinates": [98.0017687, 4.4975558]}}, {"type": "Feature", "properties": {"assignment_id": "d26d5dc9-8bdd-43e3-939b-c38c3864f6e2", "latitude": 4.4642322, "longitude": 97.9554148, "kategori": "C"}, "geometry": {"type": "Point", "coordinates": [97.9554148, 4.4642322]}}, {"type": "Feature", "properties": {"assignment_id": "de831413-27a2-4c7b-a10a-39e56cd0a3eb", "latitude": 4.4328883333333335, "longitude": 98.00842666666668, "kategori": "C"}, "geometry": {"type": "Point", "coordinates": [98.00842666666668, 4.4328883333333335]}}, {"type": "Feature", "properties": {"assignment_id": "f7040417-90f5-47c3-b4bb-dfd51b06e9c5", "latitude": 4.444519, "longitude": 98.0149868, "kategori": "A"}, "geometry": {"type": "Point", "coordinates": [98.0149868, 4.444519]}}, {"type": "Feature", "properties": {"assignment_id": "7dedcb12-e95d-4f24-994f-a2b71961c721", "latitude": 4.443145, "longitude": 97.99333666666668, "kategori": "A"}, "geometry": {"type": "Point", "coordinates": [97.99333666666668, 4.443145]}}, {"type": "Feature", "properties": {"assignment_id": "f931f4ae-0d09-4bc5-86a5-5ae4fddbb54f", "latitude": 4.4697679, "longitude": 97.9742447, "kategori": "G"}, "geometry": {"type": "Point", "coordinates": [97.9742447, 4.4697679]}}, {"type": "Feature", "properties": {"assignment_id": "5e1c9609-403b-4ee4-96b5-fc287fb66751", "latitude": 4.511405699886382, "longitude": 97.9447107296437, "kategori": "A"}, "geometry": {"type": "Point", "coordinates": [97.9447107296437, 4.511405699886382]}}, {"type": "Feature", "properties": {"assignment_id": "5e1c9609-403b-4ee4-96b5-fc287fb66751", "latitude": 4.511405699886382, "longitude": 97.9447107296437, "kategori": "C"}, "geometry": {"type": "Point", "coordinates": [97.9447107296437, 4.511405699886382]}}, {"type": "Feature", "properties": {"assignment_id": "86796072-7593-4e2d-ae18-7fe65ebe9bfb", "latitude": 4.465967193245888, "longitude": 97.95797006227076, "kategori": "C"}, "geometry": {"type": "Point", "coordinates": [97.95797006227076, 4.465967193245888]}}, {"type": "Feature", "properties": {"assignment_id": "86f85c8f-7c8c-4893-ab54-ca5ca2ccc2c2", "latitude": 4.4935174, "longitude": 97.9732718, "kategori": "A"}, "geometry": {"type": "Point", "coordinates": [97.9732718, 4.4935174]}}, {"type": "Feature", "properties": {"assignment_id": "88270146-8018-4c74-b757-964eee50dec5", "latitude": 4.47780907, "longitude": 97.94446969, "kategori": "C"}, "geometry": {"type": "Point", "coordinates": [97.94446969, 4.47780907]}}, {"type": "Feature", "properties": {"assignment_id": "936aaabe-b69d-42a4-b00e-8aa336d64a3e", "latitude": 4.4825101, "longitude": 97.9598533, "kategori": "G"}, "geometry": {"type": "Point", "coordinates": [97.9598533, 4.4825101]}}, {"type": "Feature", "properties": {"assignment_id": "c111ce81-b9ef-4f2e-99db-134f5baa21c1", "latitude": 4.444654, "longitude": 98.015021, "kategori": "A"}, "geometry": {"type": "Point", "coordinates": [98.015021, 4.444654]}}, {"type": "Feature", "properties": {"assignment_id": "1d6fb304-b175-4a11-9ec2-0408acd8d835", "latitude": 4.4422184, "longitude": 97.974751, "kategori": "G"}, "geometry": {"type": "Point", "coordinates": [97.974751, 4.4422184]}}, {"type": "Feature", "properties": {"assignment_id": "d1fc70b3-973b-49c3-899e-484a2661f8bf", "latitude": 4.5014024, "longitude": 97.9692305, "kategori": "A"}, "geometry": {"type": "Point", "coordinates": [97.9692305, 4.5014024]}}, {"type": "Feature", "properties": {"assignment_id": "d1fc70b3-973b-49c3-899e-484a2661f8bf", "latitude": 4.5014024, "longitude": 97.9692305, "kategori": "G"}, "geometry": {"type": "Point", "coordinates": [97.9692305, 4.5014024]}}, {"type": "Feature", "properties": {"assignment_id": "03c652e8-4cee-4504-b469-ca88c5b4cca3", "latitude": 4.4547502, "longitude": 98.0079597, "kategori": "F"}, "geometry": {"type": "Point", "coordinates": [98.0079597, 4.4547502]}}, {"type": "Feature", "properties": {"assignment_id": "2bc5cc05-58d6-4f57-ad03-48ff8fcd8de6", "latitude": 4.47025054, "longitude": 97.97345965, "kategori": "G"}, "geometry": {"type": "Point", "coordinates": [97.97345965, 4.47025054]}}, {"type": "Feature", "properties": {"assignment_id": "2e26f511-7f23-4950-9f4f-85c01bc58fb4", "latitude": 4.4800069, "longitude": 97.9471476, "kategori": "G"}, "geometry": {"type": "Point", "coordinates": [97.9471476, 4.4800069]}}, {"type": "Feature", "properties": {"assignment_id": "2f61a061-a36f-47f2-9430-38434c158b83", "latitude": 4.477233333333333, "longitude": 97.983775, "kategori": "A"}, "geometry": {"type": "Point", "coordinates": [97.983775, 4.477233333333333]}}, {"type": "Feature", "properties": {"assignment_id": "4fadc7bc-71ab-4d3f-9b9b-86489158db1d", "latitude": 4.506631745025516, "longitude": 97.93807494454086, "kategori": "G"}, "geometry": {"type": "Point", "coordinates": [97.93807494454086, 4.506631745025516]}}, {"type": "Feature", "properties": {"assignment_id": "673bb1f1-9a8e-492d-91a9-018c41085b3d", "latitude": 4.46877212, "longitude": 97.98327101, "kategori": "G"}, "geometry": {"type": "Point", "coordinates": [97.98327101, 4.46877212]}}, {"type": "Feature", "properties": {"assignment_id": "71d1bd0b-ebd7-401f-9c06-030c5422fc40", "latitude": 4.4677697, "longitude": 97.9616215, "kategori": "C"}, "geometry": {"type": "Point", "coordinates": [97.9616215, 4.4677697]}}, {"type": "Feature", "properties": {"assignment_id": "bb11b248-41cb-41d9-8246-9a50b62027e1", "latitude": 4.434845, "longitude": 98.0224967, "kategori": "A"}, "geometry": {"type": "Point", "coordinates": [98.0224967, 4.434845]}}, {"type": "Feature", "properties": {"assignment_id": "e3a2102b-15e9-4cbb-b9ba-8a9b3d01b126", "latitude": 4.4315175, "longitude": 98.023755, "kategori": "A"}, "geometry": {"type": "Point", "coordinates": [98.023755, 4.4315175]}}, {"type": "Feature", "properties": {"assignment_id": "470aefdf-50c2-4ddc-8d8f-92be37fdf2d3", "latitude": 4.4277267, "longitude": 98.022342, "kategori": "A"}, "geometry": {"type": "Point", "coordinates": [98.022342, 4.4277267]}}, {"type": "Feature", "properties": {"assignment_id": "520b3900-4662-4707-98b4-ddd4949156d4", "latitude": 4.4279034, "longitude": 98.0218628, "kategori": "A"}, "geometry": {"type": "Point", "coordinates": [98.0218628, 4.4279034]}}, {"type": "Feature", "properties": {"assignment_id": "e73fe812-2c6d-4b33-a58b-7db811ed7c6b", "latitude": 4.4608051, "longitude": 97.9917498, "kategori": "A"}, "geometry": {"type": "Point", "coordinates": [97.9917498, 4.4608051]}}, {"type": "Feature", "properties": {"assignment_id": "ef4d5821-bf0b-4962-8b2c-2d56e7be765e", "latitude": 4.457553, "longitude": 97.9875148, "kategori": "G"}, "geometry": {"type": "Point", "coordinates": [97.9875148, 4.457553]}}, {"type": "Feature", "properties": {"assignment_id": "ef4d5821-bf0b-4962-8b2c-2d56e7be765e", "latitude": 4.457553, "longitude": 97.9875148, "kategori": "C"}, "geometry": {"type": "Point", "coordinates": [97.9875148, 4.457553]}}, {"type": "Feature", "properties": {"assignment_id": "3e1ddd32-7b3a-459c-a6a4-54ef985fdb03", "latitude": 4.4696501, "longitude": 97.9741886, "kategori": "G"}, "geometry": {"type": "Point", "coordinates": [97.9741886, 4.4696501]}}, {"type": "Feature", "properties": {"assignment_id": "8cfe64dd-dc5d-4e4f-8ca5-1625b6413082", "latitude": 4.479666666666666, "longitude": 97.96366333333332, "kategori": "C"}, "geometry": {"type": "Point", "coordinates": [97.96366333333332, 4.479666666666666]}}, {"type": "Feature", "properties": {"assignment_id": "d7990b92-52b3-4e42-89d9-696214d7bd3c", "latitude": 4.449556566666667, "longitude": 97.97900178333333, "kategori": "A"}, "geometry": {"type": "Point", "coordinates": [97.97900178333333, 4.449556566666667]}}, {"type": "Feature", "properties": {"assignment_id": "8b984b27-0067-4d1e-9f27-48afb2f56cdc", "latitude": 4.455033333333334, "longitude": 97.98153833333332, "kategori": "G"}, "geometry": {"type": "Point", "coordinates": [97.98153833333332, 4.455033333333334]}}, {"type": "Feature", "properties": {"assignment_id": "9a78dccb-63ad-4fff-86c7-b273a7653c1b", "latitude": 4.4710829, "longitude": 97.9694453, "kategori": "G"}, "geometry": {"type": "Point", "coordinates": [97.9694453, 4.4710829]}}, {"type": "Feature", "properties": {"assignment_id": "dbc85b08-9454-4e4e-ac51-6cd6da8d971e", "latitude": 4.477345, "longitude": 97.9779138, "kategori": "C"}, "geometry": {"type": "Point", "coordinates": [97.9779138, 4.477345]}}, {"type": "Feature", "properties": {"assignment_id": "ed4e11e0-fefb-4a38-93a2-540400d70f18", "latitude": 4.4619184, "longitude": 97.9399611, "kategori": "C"}, "geometry": {"type": "Point", "coordinates": [97.9399611, 4.4619184]}}]}